PassengerId,Survived,Pclass,Name,Sex,Age,SibSp,Parch,Ticket,Fare,Cabin,Embarked
1,0,1,Person_0,male,48.60097159547524,1,1,TCK86060,11.820251542878701,,C
2,1,3,Person_1,male,34.38458263410972,1,0,TCK36673,20.68050414860633,C141,S
3,0,3,Person_2,male,21.508952564979644,3,3,TCK73471,41.240460575326104,,Q
4,0,3,Person_3,female,36.382658732389835,2,2,TCK27156,44.96096142794279,C141,C
5,0,3,Person_4,male,23.572735656934114,0,1,TCK67287,,C141,S
6,1,3,Person_5,female,20.275594831715978,0,0,TCK11645,,,S
7,0,3,Person_6,female,13.838922644738219,4,3,TCK69076,15.98964965382144,,S
8,0,3,Person_7,male,5.474396705475932,4,2,TCK85351,9.600376825654585,,S
9,0,2,Person_8,male,24.541068108167764,3,0,TCK60151,19.682135617005862,,S
10,1,2,Person_9,female,32.212748858881845,0,1,TCK77384,11.122210858593483,,S
11,0,2,Person_10,female,28.647268619791543,3,4,TCK43541,50.23088590808962,,C
12,0,3,Person_11,male,24.17646300873698,2,4,TCK82847,42.0901324659627,,S
13,0,3,Person_12,male,16.759555150245063,1,2,TCK97099,24.111003241401768,,S
14,0,1,Person_13,male,38.51544668358956,0,0,TCK90739,19.713650196364803,C141,S
15,1,3,Person_14,female,11.56015312074781,2,3,TCK60955,13.565127623220041,,S
16,0,3,Person_15,female,40.86439079380865,0,0,TCK19290,38.33519850468043,C141,S
17,1,1,Person_16,female,15.968961735025854,4,4,TCK68942,125.60532020426021,C141,S
18,1,3,Person_17,female,19.46590667705751,3,2,TCK92667,57.87085218746234,C141,S
19,1,3,Person_18,female,9.465007331380523,4,1,TCK40143,68.20995623925525,C141,Q
20,0,1,Person_19,male,,1,0,TCK34509,89.90231861960383,,S
21,1,3,Person_20,male,43.6543744186917,4,4,TCK97780,21.665071424034885,,S
22,0,2,Person_21,female,37.21879323821539,0,3,TCK46741,5.0,,S
23,1,3,Person_22,female,43.69790956839249,4,2,TCK36898,48.717024640749315,,S
24,1,3,Person_23,male,37.3099956430751,0,1,TCK95674,10.454161330910827,C141,S
25,1,3,Person_24,male,14.548622400574832,1,0,TCK72948,42.0874235049596,C141,C
26,1,2,Person_25,male,25.3689508594142,4,3,TCK71768,67.25958506564754,,Q
27,1,3,Person_26,male,19.077212192355525,3,1,TCK53262,76.54018723309657,,S
28,1,3,Person_27,female,48.62804865654657,3,4,TCK15506,17.96528580131723,,S
29,1,2,Person_28,male,13.244958950031638,3,4,TCK30605,35.91640195450329,,S
30,1,3,Person_29,female,42.511767651447556,4,3,TCK88590,48.50634919423486,,S
31,0,1,Person_30,male,42.50135418152277,4,4,TCK38231,85.59588509648717,,S
32,0,3,Person_31,male,,4,2,TCK89397,71.64596322999314,C141,S
33,1,2,Person_32,male,24.264387703187037,0,3,TCK87123,221.03970779256846,,S
34,1,1,Person_33,female,,1,4,TCK23515,5.0,C141,S
35,1,1,Person_34,female,61.9431257115438,3,0,TCK97211,28.767268664043762,,C
36,0,3,Person_35,male,21.353016522928247,0,4,TCK48622,14.788701972652483,C141,C
37,1,2,Person_36,female,8.509436534546964,3,2,TCK26600,6.385611393816822,,S
38,0,3,Person_37,female,3.6798595252913096,0,1,TCK37892,121.24629707991228,C141,S
39,0,1,Person_38,male,39.97796840405864,4,1,TCK93279,309.79093881747303,,Q
40,0,2,Person_39,male,3.6358970871798277,3,4,TCK79310,9.958914299368873,,S
41,0,3,Person_40,female,,4,1,TCK31801,5.0,,C
42,0,3,Person_41,female,36.12238461854545,3,4,TCK47695,16.08293635982966,C141,S
43,1,2,Person_42,female,32.5924575156188,2,2,TCK38853,90.04866474250778,,S
44,1,3,Person_43,male,35.956228098578414,0,1,TCK14429,,,S
45,1,3,Person_44,male,33.112057981211954,2,0,TCK14606,5.0,,C
46,1,3,Person_45,female,,0,4,TCK14478,5.0,,S
47,1,2,Person_46,male,,1,1,TCK93816,27.88038548107135,C141,S
48,0,1,Person_47,male,20.522068061580562,3,2,TCK50134,134.28439781355402,,S
49,1,3,Person_48,female,19.182767766208464,1,2,TCK79963,16.83804482874868,,C
50,1,1,Person_49,female,41.62268536607654,1,0,TCK80897,27.857239230356335,,Q
51,0,3,Person_50,male,42.60558023753089,0,2,TCK35475,5.375575000711974,C141,Q
52,1,3,Person_51,male,36.317154470459116,2,2,TCK76177,34.0187341911597,C141,Q
53,0,3,Person_52,female,46.56891133645899,4,1,TCK31730,59.626437614450886,,S
54,1,3,Person_53,male,13.507427856730672,0,4,TCK31113,15.814391250310205,,S
55,0,3,Person_54,male,53.34113756171592,4,3,TCK30011,17.599390751814454,,S
56,1,2,Person_55,female,51.32534070397162,1,2,TCK65746,92.25010956987668,C141,S
57,1,3,Person_56,female,40.298707961440456,4,2,TCK52853,5.0,,C
58,0,2,Person_57,male,54.945184722794835,2,3,TCK95195,50.59477017748607,,C
59,0,2,Person_58,male,6.807275092511166,0,2,TCK46818,25.034246982384232,,S
60,0,3,Person_59,male,22.657726092322875,2,1,TCK47321,17.71820320123063,,S
61,0,3,Person_60,female,19.705751550452668,2,1,TCK31309,,C141,Q
62,0,3,Person_61,male,,0,3,TCK28688,89.99014307452593,,S
63,0,3,Person_62,male,15.298029645569962,2,2,TCK38176,40.86664658310077,,S
64,0,2,Person_63,female,40.6049320907248,3,2,TCK78879,5.0,C141,S
65,0,2,Person_64,female,49.187506015953986,3,4,TCK77592,30.939215478588082,,S
66,1,3,Person_65,male,39.732840601175994,3,2,TCK94728,31.065512346167473,,S
67,1,2,Person_66,female,33.97251433126102,4,1,TCK99012,39.24103348586592,C141,S
68,0,1,Person_67,female,16.169773227389513,2,0,TCK19416,55.57863075892284,C141,S
69,1,2,Person_68,male,18.144086474244894,0,0,TCK49994,,,Q
70,1,2,Person_69,female,47.494664674153334,0,0,TCK76422,34.8590276239554,,S
71,1,2,Person_70,female,40.91088605467465,4,0,TCK18584,44.373961092279096,,S
72,1,2,Person_71,male,29.453726728714383,0,2,TCK28830,21.030464203695825,C141,Q
73,0,1,Person_72,female,,3,2,TCK95825,55.18604978447742,C141,S
74,1,1,Person_73,male,1.6386897764407244,2,4,TCK87066,12.95004794967288,,S
75,0,3,Person_74,male,15.008066138417856,0,2,TCK13591,19.09028558197595,,C
76,1,2,Person_75,female,56.75986721995613,0,0,TCK31395,164.51234497385195,,S
77,1,2,Person_76,female,12.073622005965465,1,3,TCK64182,21.390932682452423,,C
78,1,3,Person_77,female,32.65271749709513,1,3,TCK26738,21.270705189263143,,S
79,0,2,Person_78,male,44.10421562473278,1,1,TCK12631,45.277510395873925,C141,S
80,1,3,Person_79,female,12.431082647967905,2,1,TCK27905,176.98045580752247,,S
81,0,3,Person_80,male,32.58594664693516,3,2,TCK29056,203.9642640855853,,S
82,1,1,Person_81,female,,3,3,TCK99082,43.33432634632969,,C
83,0,2,Person_82,female,30.174990506701505,3,0,TCK45447,5.0,,S
84,1,3,Person_83,female,70.15764277933476,2,0,TCK64418,115.45861242139763,,Q
85,0,3,Person_84,male,6.639610375705267,2,0,TCK47190,42.22618147366396,,C
86,0,2,Person_85,female,44.8221994183743,1,2,TCK36014,22.78503297015641,,S
87,1,3,Person_86,female,27.5807756764495,0,2,TCK82999,88.36167748239394,,C
88,0,1,Person_87,male,40.806882167713454,4,4,TCK60278,25.52732141641697,,S
89,1,3,Person_88,male,36.17830012378944,4,0,TCK11780,5.0,C141,S
90,1,2,Person_89,female,19.735813240460047,0,0,TCK69258,86.03865176635578,,C
91,1,3,Person_90,female,33.20594949443076,1,2,TCK52192,39.46742197504322,,S
92,1,3,Person_91,female,3.98937968042398,0,2,TCK69300,20.635328583358536,C141,S
93,1,3,Person_92,male,38.445465007999516,0,4,TCK53923,,,S
94,1,3,Person_93,male,34.17421852386736,4,4,TCK99196,45.04516876694905,C141,S
95,1,2,Person_94,male,38.94124236100343,1,1,TCK12395,11.662822500750163,,S
96,1,1,Person_95,male,44.813656551220106,2,3,TCK25779,19.567082262377074,C141,S
97,1,2,Person_96,female,35.14667776293595,4,0,TCK81028,50.602968382090594,C141,S
98,1,1,Person_97,male,32.07325187717586,2,0,TCK39722,106.66087488443578,C141,S
99,1,3,Person_98,male,17.66504328674191,1,4,TCK17111,38.05956030199809,,S
100,0,2,Person_99,male,20.028909308913285,0,4,TCK19984,71.16999648468313,,S
101,0,1,Person_100,female,46.614284682482634,3,1,TCK82328,71.99754413136299,,S
102,1,3,Person_101,female,50.108695679883695,3,3,TCK36924,54.58490524003723,,C
103,1,3,Person_102,male,26.666453891631242,1,1,TCK62703,14.107426384832886,C141,S
104,1,3,Person_103,male,30.644038461545836,3,3,TCK42577,100.79089625333077,,S
105,1,3,Person_104,female,17.335398750087275,2,0,TCK17711,,,S
106,1,1,Person_105,female,46.41859583374423,3,1,TCK95548,5.0,,S
107,1,2,Person_106,female,39.315835531684904,1,4,TCK14096,14.026232075365208,,S
108,1,3,Person_107,female,57.17704411049249,1,1,TCK76555,72.52529566040408,C141,Q
109,1,3,Person_108,female,17.703476919483656,2,1,TCK99848,5.0,C141,Q
110,0,1,Person_109,female,24.707889413744958,3,0,TCK85012,7.971151170859647,,C
111,1,3,Person_110,female,33.24024291535801,3,4,TCK18254,59.245584038508824,,Q
112,0,2,Person_111,female,39.050853528160786,0,4,TCK87120,111.56012250386213,,S
113,1,2,Person_112,male,26.980653074333148,4,2,TCK15965,50.219499345470595,,S
114,1,3,Person_113,male,,1,2,TCK87000,,C141,C
115,0,3,Person_114,male,42.339705404929994,0,2,TCK87975,5.0,,S
116,1,3,Person_115,male,40.09589507563814,1,0,TCK67987,47.74203923006172,,C
117,0,1,Person_116,male,17.172162592107853,0,1,TCK42963,5.0,,C
118,1,3,Person_117,male,,4,4,TCK13273,47.430631585319574,,Q
119,1,2,Person_118,female,46.38278192875245,0,4,TCK25330,12.782042240141328,,S
120,0,1,Person_119,female,31.8801509614691,1,1,TCK31494,117.51322647712819,,C
121,1,3,Person_120,male,31.11437007326451,3,4,TCK86422,32.22667716874918,,S
122,0,3,Person_121,male,37.7568087956227,1,1,TCK13212,12.67617117138093,,S
123,1,3,Person_122,female,17.936157016412388,2,0,TCK93441,95.91558645784366,,S
124,0,3,Person_123,female,30.42044070829715,2,0,TCK97594,14.653856545311625,,C
125,0,3,Person_124,female,,2,0,TCK11080,18.307345696244177,,Q
126,1,3,Person_125,male,42.270379037041096,2,1,TCK42675,89.87214920884145,C141,S
127,1,1,Person_126,female,,4,1,TCK32007,18.46572652994931,,S
128,0,2,Person_127,male,51.04787759800598,3,3,TCK92641,26.39551777903077,,S
129,1,2,Person_128,male,25.378318684469697,3,4,TCK56815,21.359903678494945,,Q
130,1,2,Person_129,female,27.036662252963524,1,4,TCK93482,6.1875583567811905,,S
131,1,3,Person_130,female,,0,3,TCK10639,5.0,,S
132,0,2,Person_131,male,25.967455765090932,1,3,TCK73593,64.465764926678,C141,S
133,0,1,Person_132,female,49.85943883207251,1,0,TCK88038,51.80119143668872,,S
134,0,2,Person_133,female,0.0,1,3,TCK13736,16.589784166775605,,S
135,0,3,Person_134,male,47.87751540523463,1,1,TCK26473,,,S
136,0,1,Person_135,female,34.73232873542391,3,2,TCK44019,145.02636224451206,C141,Q
137,0,3,Person_136,male,13.101696929998983,0,1,TCK96623,219.790569400198,C141,C
138,0,2,Person_137,male,14.94562649731067,1,3,TCK46820,,,S
139,0,2,Person_138,female,53.46950238091485,3,4,TCK94861,81.08861989039403,,Q
140,0,3,Person_139,male,16.762903680801763,1,1,TCK67589,,,S
141,1,3,Person_140,male,13.85309285165657,2,4,TCK75807,17.64252115982036,,S
142,0,2,Person_141,female,45.92240359310621,1,1,TCK28414,5.0,,S
143,1,3,Person_142,female,34.7397402680028,1,4,TCK34220,7.689985404123865,,S
144,1,3,Person_143,female,16.869041928490418,4,1,TCK70531,91.09880654381867,,C
145,1,2,Person_144,male,33.03274965566467,2,4,TCK52425,65.6919542665756,,S
146,0,3,Person_145,male,15.639462429036119,0,2,TCK19387,54.58205884077677,,S
147,0,3,Person_146,female,45.41149957791647,1,0,TCK86815,7.000406456388809,C141,C
148,0,3,Person_147,male,44.85919350822387,0,1,TCK37584,51.072936560239256,,S
149,0,3,Person_148,female,37.44808678350721,2,2,TCK54783,73.95389969517781,,C
150,1,3,Person_149,female,35.06325485745823,1,0,TCK49809,,,C
151,0,3,Person_150,male,54.656633748143236,4,1,TCK64327,5.0,,S
152,0,3,Person_151,female,29.995608583435153,3,2,TCK20857,57.67588418615455,,C
153,0,3,Person_152,male,13.453762244108784,4,2,TCK52261,5.0,,S
154,0,3,Person_153,male,36.292634779652296,4,2,TCK83588,61.35743949250927,,S
155,0,3,Person_154,female,59.20465869351959,3,3,TCK26995,50.478087260268836,,S
156,1,3,Person_155,male,15.79336709539807,3,4,TCK23580,8.028856266840057,,S
157,0,1,Person_156,female,24.9395212662842,3,0,TCK28240,72.6477301961858,,Q
158,1,3,Person_157,male,35.830244533420334,1,4,TCK93446,5.0,,S
159,0,3,Person_158,male,,0,4,TCK85752,87.5497206548924,,S
160,1,1,Person_159,male,16.247749874717595,0,4,TCK56111,15.185779239395467,,Q
161,0,3,Person_160,female,45.706009987226594,3,2,TCK44866,58.37430766015462,,S
162,0,1,Person_161,male,62.48057010824163,4,4,TCK90974,128.64713260884668,C141,S
163,1,2,Person_162,female,32.7458404263347,2,3,TCK83401,20.76266972357626,,S
164,1,3,Person_163,male,17.343043943695996,3,1,TCK92093,34.94760763683293,C141,C
165,1,1,Person_164,male,8.31455264925135,4,2,TCK22211,31.09885055740953,C141,S
166,0,3,Person_165,female,33.611663737096535,4,0,TCK68985,8.575689527498776,,S
167,1,3,Person_166,female,45.45428280642761,1,1,TCK43268,44.61797050945812,,S
168,0,3,Person_167,female,36.65234845093534,1,1,TCK13646,67.93433295884176,,S
169,0,1,Person_168,female,29.966346227136047,0,1,TCK65371,124.37038609744594,C141,C
170,1,2,Person_169,female,21.750196874949715,0,4,TCK52816,95.12425143468415,,S
171,1,3,Person_170,male,14.709709141946744,2,4,TCK99460,35.66947195624879,,S
172,0,3,Person_171,male,41.68651856854835,2,2,TCK54112,,,S
173,0,3,Person_172,female,42.7928026993982,2,4,TCK61048,,,C
174,1,2,Person_173,male,8.359782986329737,2,4,TCK64911,34.01043363476787,,C
175,1,3,Person_174,male,52.257745694529575,4,4,TCK85446,6.132543507692785,,S
176,1,3,Person_175,male,38.03699709251602,4,2,TCK11778,28.80651203376653,,S
177,0,3,Person_176,female,49.59432503204111,0,2,TCK55752,92.40951952236183,,S
178,0,1,Person_177,male,11.21021152120839,1,3,TCK94977,45.39646498827563,,S
179,0,3,Person_178,male,10.878461824183855,1,3,TCK80726,64.45082900825278,C141,S
180,0,3,Person_179,male,27.91442966325784,3,3,TCK90840,10.244804068250259,,S
181,0,3,Person_180,female,37.03898197653272,4,3,TCK37289,166.68315416420697,,S
182,0,2,Person_181,male,55.149051520977494,2,1,TCK54788,25.88248688226849,,Q
183,1,3,Person_182,male,39.88510479341184,2,1,TCK14747,53.013182790681576,,S
184,0,3,Person_183,female,26.602462124631533,3,3,TCK84822,5.0,,C
185,0,1,Person_184,female,15.63083109267751,1,3,TCK10045,,,S
186,0,3,Person_185,male,47.2200080180681,2,0,TCK17758,76.17087149287181,C141,Q
187,1,3,Person_186,male,16.494124039489993,1,1,TCK33437,172.05325021240876,C141,S
188,0,1,Person_187,female,,3,0,TCK29585,,,S
189,0,2,Person_188,female,26.01861490550887,1,0,TCK19854,5.0,,C
190,1,3,Person_189,female,52.2681490166499,1,4,TCK62076,22.38210428987995,,S
191,0,1,Person_190,female,39.5050380608299,1,2,TCK66950,5.0,,S
192,0,3,Person_191,female,28.082063147805584,2,1,TCK27349,10.682753747449922,,S
193,0,2,Person_192,female,22.728450794434227,0,3,TCK31348,,,C
194,0,3,Person_193,female,25.227289717154882,4,3,TCK44296,138.30123412336434,,S
195,0,1,Person_194,male,35.99643369325332,1,2,TCK29455,,,C
196,1,3,Person_195,female,31.080190947048035,1,1,TCK88824,40.81104698838311,C141,S
197,1,3,Person_196,female,,1,3,TCK64021,14.64349839192601,C141,S
198,1,3,Person_197,male,27.68116025555315,0,3,TCK81923,7.486472399273062,,S
199,0,3,Person_198,female,31.100078416068097,3,4,TCK49293,12.357740781180299,C141,S
200,0,1,Person_199,female,,2,0,TCK98552,43.1094335536887,,S
201,0,3,Person_200,male,36.41435360704178,0,3,TCK56116,5.0,,S
202,1,1,Person_201,female,16.283902853964705,1,1,TCK50484,28.477374384491437,,S
203,0,1,Person_202,male,13.85334635511957,0,2,TCK40215,7.264460912901137,,S
204,0,2,Person_203,male,6.377179140450053,0,4,TCK91638,15.919234027249619,,S
205,1,2,Person_204,male,4.885505029849536,0,1,TCK13404,10.582636825307343,C141,C
206,0,3,Person_205,male,,3,4,TCK47260,107.26859814757181,C141,C
207,1,3,Person_206,female,20.073706593173135,4,0,TCK75642,61.55201409102475,,C
208,1,2,Person_207,male,57.34562792537196,2,3,TCK90731,101.4231948552611,C141,S
209,1,2,Person_208,male,22.637684537467145,3,1,TCK56009,24.181833680030422,,C
210,0,3,Person_209,female,32.48850148775244,3,2,TCK39605,18.80114317084797,,S
211,0,2,Person_210,male,35.606739411088604,4,0,TCK63205,23.94916691297573,,S
212,0,2,Person_211,male,31.83491260702188,3,0,TCK47569,5.0,,C
213,0,1,Person_212,male,28.91579154983609,0,4,TCK15580,64.49546980040617,,Q
214,0,3,Person_213,male,13.265887309610576,0,0,TCK15400,21.521645551805328,,S
215,0,3,Person_214,female,50.31298567590896,1,1,TCK49643,18.79462138383484,,S
216,0,2,Person_215,male,55.30075301093039,3,4,TCK96173,45.58270804139838,,S
217,1,1,Person_216,female,6.442778282282401,1,0,TCK49015,28.657211577648106,,S
218,0,3,Person_217,female,15.663599727590686,2,2,TCK81713,197.7553158229913,,C
219,1,3,Person_218,male,26.082655206721917,0,1,TCK82805,22.02247769242261,,S
220,0,2,Person_219,male,16.496470871257323,2,2,TCK24974,47.58240535388276,,C
221,0,3,Person_220,male,37.083517748382114,4,2,TCK24037,18.672972419219757,,S
222,0,1,Person_221,male,19.804189166307417,0,4,TCK94292,233.32558560506453,C141,C
223,1,2,Person_222,female,60.31078494929243,2,3,TCK26167,29.449362390483763,,Q
224,1,3,Person_223,female,,4,4,TCK98754,50.27369748930034,,S
225,1,2,Person_224,female,32.97603642885101,2,1,TCK53148,6.77504774427181,,S
226,1,3,Person_225,male,44.37780768647625,4,1,TCK82153,66.02986585339704,,C
227,0,2,Person_226,female,45.482605941002326,4,4,TCK31534,15.681460870112618,,S
228,1,2,Person_227,male,22.104735167184593,0,3,TCK96078,29.765940777777594,,S
229,0,3,Person_228,male,18.572958576412493,1,4,TCK66879,107.33596381168051,C141,S
230,0,2,Person_229,male,31.094002881575065,4,1,TCK75839,176.25733838053765,,S
231,1,3,Person_230,male,,4,3,TCK39756,27.63206721150469,,C
232,1,2,Person_231,male,31.946845581147848,0,1,TCK22683,90.03072839356551,,S
233,1,2,Person_232,female,7.92204924932604,1,3,TCK59485,5.0,,Q
234,1,1,Person_233,female,,3,3,TCK21025,94.05381210235211,,S
235,1,3,Person_234,male,28.96437990967871,3,4,TCK96426,,,C
236,1,2,Person_235,female,,1,4,TCK28715,33.54054205513681,C141,S
237,1,3,Person_236,male,57.61559047505732,2,4,TCK80097,110.34725071572957,,S
238,1,2,Person_237,male,10.596168806414028,0,3,TCK97116,93.3254080627876,C141,S
239,0,3,Person_238,male,37.07824938570224,1,3,TCK85705,17.6160145290895,,C
240,1,1,Person_239,female,50.84758351659605,3,1,TCK27116,78.38802595632815,,S
241,1,3,Person_240,male,61.800296435919144,4,2,TCK46744,,,C
242,0,3,Person_241,male,24.338436075424543,3,4,TCK97579,86.51363685344703,,S
243,1,3,Person_242,female,36.8800123380828,4,1,TCK12124,56.26664909229143,C141,S
244,0,3,Person_243,female,37.976645000781055,0,1,TCK48051,5.0,,C
245,0,3,Person_244,female,,4,0,TCK17176,,,S
246,1,3,Person_245,male,28.616167182649715,1,4,TCK74818,43.43688528417054,C141,S
247,0,1,Person_246,male,36.10365545300064,4,1,TCK28676,45.137898352763564,C141,S
248,0,1,Person_247,female,0.0,2,0,TCK55177,17.18539299515198,C141,S
249,0,3,Person_248,male,39.54897286087684,1,4,TCK10997,15.496193205482603,C141,S
250,0,3,Person_249,female,31.76649065126754,0,3,TCK69330,71.88677533321687,,S
251,1,3,Person_250,female,26.885351445104284,1,0,TCK53769,14.84041153991576,C141,S
252,0,2,Person_251,male,,2,3,TCK88653,29.553204151607964,,C
253,1,1,Person_252,male,20.55092373693227,0,2,TCK21231,59.337596684532315,C141,Q
254,0,1,Person_253,female,24.35693615308957,3,2,TCK82976,5.0,C141,S
255,0,3,Person_254,female,57.88174623086628,2,2,TCK95447,45.137686424020906,,S
256,0,2,Person_255,female,18.351141732102008,0,2,TCK65965,44.50391162876572,C141,S
257,0,2,Person_256,female,22.298386038888456,4,1,TCK91144,57.63685480375913,,C
258,1,2,Person_257,male,27.9416440719681,1,2,TCK71517,23.096066583696764,,S
259,1,1,Person_258,female,41.77028274981369,0,1,TCK37387,29.799188140740103,,S
260,0,3,Person_259,female,32.90923510294639,1,1,TCK14090,20.021588378168513,C141,Q
261,0,2,Person_260,female,11.903245139868325,4,4,TCK34945,82.55682892800891,,S
262,1,3,Person_261,male,22.549640116219347,0,1,TCK50239,6.998216844855029,,C
263,0,2,Person_262,male,21.49703793502904,3,1,TCK13743,164.77968210597814,,S
264,0,2,Person_263,female,28.91890536687736,2,2,TCK40924,50.3704569195715,C141,S
265,0,1,Person_264,male,35.96181122081761,0,1,TCK20196,108.97711764538336,,C
266,1,1,Person_265,male,35.85488058243161,4,3,TCK78860,27.776460068984544,C141,S
267,1,2,Person_266,male,5.135835443322371,0,2,TCK51400,20.194248139180466,C141,C
268,1,2,Person_267,female,44.895173825851984,1,0,TCK95177,,,S
269,0,3,Person_268,female,33.53596384395273,0,2,TCK90399,5.205455442829968,,C
270,0,2,Person_269,male,49.38344866631469,3,1,TCK58795,6.227576286796796,C141,S
271,1,3,Person_270,female,36.21877658206941,0,3,TCK61553,,C141,S
272,1,3,Person_271,female,45.41852140830067,2,2,TCK34111,160.6633066405762,C141,S
273,1,3,Person_272,male,,0,3,TCK73083,50.12901981329117,,S
274,1,1,Person_273,male,48.84716058683847,1,0,TCK71600,,C141,S
275,0,2,Person_274,female,37.311508904248896,0,0,TCK60022,61.0994286307197,,S
276,1,1,Person_275,male,28.629186549799343,3,4,TCK13199,27.019120697187226,,S
277,0,2,Person_276,female,61.814086086256346,4,4,TCK60897,70.95606619192645,C141,S
278,1,3,Person_277,female,42.44651971191849,0,2,TCK48038,24.980331136150024,,S
279,0,1,Person_278,male,38.032421894061784,0,4,TCK65038,87.53947152200645,C141,S
280,1,2,Person_279,female,12.131738168463297,2,3,TCK17897,15.550611289132846,,S
281,1,3,Person_280,female,11.963693355510472,3,4,TCK74541,16.255122071211805,C141,Q
282,1,3,Person_281,male,34.098016749985945,4,3,TCK24892,36.94733811890048,,S
283,1,3,Person_282,male,32.03729676875537,1,4,TCK18271,28.172758804777725,,S
284,0,1,Person_283,male,21.402284089883572,0,4,TCK34815,52.22266303159323,C141,S
285,1,2,Person_284,female,31.97375779456884,4,4,TCK55612,22.65069908043043,,C
286,0,3,Person_285,male,52.24077699261034,1,1,TCK43357,13.104007431184847,,S
287,0,1,Person_286,male,39.73563464370418,3,1,TCK85088,31.72585677730065,C141,S
288,0,2,Person_287,male,14.025880863461664,3,4,TCK26267,41.15783904161661,,S
289,0,1,Person_288,male,28.43887641999879,4,3,TCK28268,7.692539380036653,C141,S
290,1,1,Person_289,female,18.730469268064148,1,2,TCK24263,40.67752771024431,,C
291,0,2,Person_290,female,24.572201170280145,3,0,TCK80935,19.228499863585252,,S
292,0,1,Person_291,male,,4,1,TCK69660,24.91619525205985,C141,S
293,0,3,Person_292,female,23.312961843543928,3,4,TCK75527,16.377873608331605,,C
294,1,3,Person_293,male,12.428104792372473,3,0,TCK73379,133.98066532517325,,S
295,1,3,Person_294,male,28.212834458745338,3,1,TCK51271,57.495744620246526,,C
296,1,2,Person_295,female,,2,2,TCK76612,15.221768858310957,C141,S
297,1,1,Person_296,female,0.0,1,3,TCK17235,51.786287987297285,,C
298,0,1,Person_297,male,58.74160834302328,4,4,TCK98757,94.38238596621626,,C
299,0,3,Person_298,male,45.24277515903341,4,2,TCK26417,25.677316771782017,,S
300,1,3,Person_299,female,24.731789851050056,1,1,TCK44609,88.58534635115517,,C
301,0,1,Person_300,male,30.26346669636838,1,4,TCK43902,8.386325882140962,,S
302,0,3,Person_301,female,13.596839137554134,1,0,TCK33645,86.51855409642006,,S
303,0,1,Person_302,male,53.74012028935211,1,3,TCK72873,38.85843260754263,,S
304,1,3,Person_303,male,,0,1,TCK97218,12.61410475947627,,S
305,1,3,Person_304,female,32.19371219545135,4,3,TCK74558,26.139966546709804,,C
306,0,3,Person_305,female,44.32942901859482,0,4,TCK72233,221.11324184260576,,S
307,1,3,Person_306,female,,3,2,TCK33401,76.52117511981473,,Q
308,1,3,Person_307,female,11.285843855736971,3,3,TCK17771,42.793466698269725,C141,S
309,1,2,Person_308,female,24.2344728345088,4,0,TCK51335,6.1176431159736335,,S
310,1,3,Person_309,female,31.846991534807398,3,1,TCK84451,27.04805714621733,,S
311,1,1,Person_310,female,23.63633193759178,1,0,TCK89434,15.261864306556976,,S
312,0,3,Person_311,male,26.938854115909496,0,3,TCK77449,5.0,,C
313,1,3,Person_312,male,28.720406194872396,1,2,TCK11942,,C141,C
314,0,3,Person_313,male,28.86770102988354,3,2,TCK30388,109.99497250944322,C141,C
315,0,2,Person_314,female,30.731618866964766,0,0,TCK93251,56.28887751863334,,C
316,1,3,Person_315,female,15.151529070447587,1,4,TCK67042,14.362800693415611,,S
317,0,3,Person_316,female,,4,4,TCK63740,42.61706533837631,,S
318,0,3,Person_317,male,12.01582028020043,1,2,TCK75873,143.44113577675353,,S
319,0,1,Person_318,female,43.68941769560681,3,0,TCK57024,64.1715575829808,C141,S
320,1,1,Person_319,female,0.5209428142354575,0,0,TCK33450,58.474366062992,,S
321,1,2,Person_320,male,46.15026480643696,4,0,TCK66965,172.34871631537436,,S
322,0,1,Person_321,female,49.40889156167981,0,3,TCK20057,80.19101384286175,,S
323,1,3,Person_322,male,25.7694717822433,4,4,TCK18983,7.345223206273073,C141,S
324,1,2,Person_323,male,0.0,0,4,TCK29995,21.357559553375523,,C
325,1,3,Person_324,female,24.941652132457932,3,3,TCK87681,167.8217670287488,C141,S
326,1,2,Person_325,female,29.10142174195653,4,1,TCK48886,33.638353080443814,,S
327,0,1,Person_326,female,15.851624920995212,2,3,TCK99025,5.918766850927098,,S
328,0,3,Person_327,male,22.7869424866846,0,0,TCK12673,30.680295745280816,C141,C
329,1,3,Person_328,male,51.42273278408692,0,3,TCK44890,59.70000719613683,,Q
330,1,2,Person_329,male,39.308980272224375,1,0,TCK87513,,,S
331,0,3,Person_330,female,17.0561023987066,4,2,TCK33466,19.57110742458182,,S
332,0,3,Person_331,female,7.633611625663949,2,0,TCK60406,36.08627129779144,,Q
333,1,2,Person_332,female,,3,4,TCK13688,105.8803137631067,,S
334,0,3,Person_333,female,,1,3,TCK79284,21.945966979529054,C141,C
335,1,3,Person_334,male,36.94678862308643,2,0,TCK23665,5.785222429037787,,C
336,1,3,Person_335,male,22.505566024052776,4,1,TCK30641,148.73365415761617,C141,S
337,0,1,Person_336,male,37.16099405506606,2,2,TCK42500,33.514598769288625,,S
338,0,3,Person_337,male,57.09215656084321,0,1,TCK45797,34.936507897970834,,S
339,1,1,Person_338,female,41.41701431421968,0,1,TCK94766,48.537364970655595,,S
340,1,1,Person_339,female,29.326760897369184,1,1,TCK55950,5.0,C141,C
341,0,2,Person_340,female,27.435893405253875,4,2,TCK35046,133.77758394803158,C141,C
342,1,2,Person_341,male,,4,2,TCK19638,22.427849842519734,C141,C
343,0,3,Person_342,male,46.52897277433003,2,2,TCK96363,25.286254546724006,,S
344,1,3,Person_343,female,21.21761175668176,1,2,TCK31173,9.564638757226387,,S
345,0,3,Person_344,female,30.633117925999755,4,1,TCK23222,23.752948361459044,,S
346,0,2,Person_345,male,30.716770626335194,0,4,TCK60064,81.46762764806968,C141,S
347,0,2,Person_346,female,22.975021300638552,2,4,TCK47010,80.46981380392899,,S
348,1,2,Person_347,male,10.785482329622589,3,2,TCK28095,137.285143113046,,S
349,1,3,Person_348,male,34.521643050647356,0,3,TCK11439,25.81113079154006,,S
350,0,1,Person_349,male,29.14594439402463,1,0,TCK95550,61.673771884089405,,Q
351,1,3,Person_350,female,37.00336657211198,4,3,TCK15375,35.38640387371662,,S
352,0,3,Person_351,female,22.529595709851662,0,3,TCK99023,81.48784497843232,C141,C
353,0,2,Person_352,male,47.09149818338267,3,3,TCK30600,62.333927407229005,,S
354,1,3,Person_353,female,17.72516706303417,3,4,TCK12466,22.935614869992857,C141,S
355,1,2,Person_354,male,53.96856397625049,1,0,TCK55097,20.524422769883206,C141,C
356,0,3,Person_355,male,5.5330888624043375,0,3,TCK63276,14.547200207084664,,C
357,1,3,Person_356,male,36.08678090379647,2,2,TCK60117,42.961952563630646,,S
358,1,2,Person_357,male,36.656029555372726,0,4,TCK56971,165.99403035087323,,S
359,0,2,Person_358,female,18.862201048827647,3,2,TCK16928,11.161348840798881,C141,S
360,0,3,Person_359,male,35.94151513005418,1,2,TCK98016,5.004966494648759,,S
361,1,3,Person_360,male,47.913261376642225,1,3,TCK65309,6.357625739789323,,Q
362,0,2,Person_361,female,0.0,2,2,TCK84647,76.41563790628732,,S
363,0,3,Person_362,male,37.038427304871405,1,0,TCK50888,21.547208322673107,,S
364,1,3,Person_363,male,0.0,1,2,TCK53832,12.70377933314121,,Q
365,0,3,Person_364,female,16.48069275067509,1,3,TCK19404,21.75840418146171,,S
366,0,1,Person_365,female,52.808329108613236,1,2,TCK43639,51.828489554511506,C141,S
367,1,3,Person_366,female,21.855051532511244,1,4,TCK88118,39.56966703810104,C141,S
368,1,3,Person_367,male,13.565680498274382,3,4,TCK70598,68.0487619284623,,S
369,0,1,Person_368,female,27.228871794214456,0,4,TCK76399,20.70568108216063,,S
370,0,2,Person_369,female,58.95068873428973,4,1,TCK37684,30.076606737622217,C141,S
371,1,3,Person_370,male,4.3564485391156325,1,4,TCK78591,5.377499371413031,,S
372,1,1,Person_371,male,15.281661237049176,4,4,TCK87722,5.0,C141,C
373,1,3,Person_372,male,50.96404356451477,4,1,TCK12682,31.018563023784466,,C
374,1,2,Person_373,male,56.00783280952825,3,4,TCK48046,17.947920842980654,,S
375,0,2,Person_374,male,28.551962859936026,1,3,TCK31832,47.44077006025557,,S
376,1,3,Person_375,female,12.653262164627005,4,4,TCK26997,5.0,,S
377,1,2,Person_376,female,59.341809025328224,1,4,TCK44640,6.492131800137502,C141,S
378,0,3,Person_377,female,52.32219348448875,2,1,TCK86882,100.19474579803405,,C
379,1,2,Person_378,male,39.50525782867126,2,3,TCK50491,41.771451235818056,,S
380,0,3,Person_379,male,18.626367114876118,2,2,TCK73043,62.24920849351453,,S
381,1,1,Person_380,male,29.313589228267485,4,0,TCK82725,92.24918988226068,C141,S
382,1,2,Person_381,female,27.75495886537237,2,3,TCK55520,31.165605200035074,,S
383,1,3,Person_382,female,,3,2,TCK72919,71.57722057781245,C141,S
384,0,2,Person_383,male,50.31402013383871,3,3,TCK74442,,,C
385,0,3,Person_384,female,42.311838575923645,4,2,TCK31770,12.599582394712852,,Q
386,1,2,Person_385,male,14.916734922213385,1,2,TCK57498,20.59852377008002,C141,C
387,0,3,Person_386,female,49.270950300273526,0,3,TCK71477,33.70159643885095,,Q
388,0,1,Person_387,female,34.38384996018417,1,1,TCK10244,19.054643354169325,,Q
389,0,3,Person_388,female,39.61892114202483,1,3,TCK42788,20.438103707875086,,S
390,0,2,Person_389,male,,1,3,TCK89453,,,S
391,0,2,Person_390,female,14.437876506810284,1,2,TCK67737,6.553291950474728,,C
392,0,1,Person_391,female,29.49844189810952,0,0,TCK56489,5.0,,S
393,1,1,Person_392,male,22.55963628097099,2,2,TCK81303,5.0,,S
394,1,3,Person_393,female,8.049968044883617,1,4,TCK38390,5.8804422246087045,,S
395,0,2,Person_394,male,34.85393968646888,3,3,TCK20247,21.057404190065704,,S
396,1,3,Person_395,male,65.16179172218193,4,3,TCK79051,45.054320995795486,,S
397,1,2,Person_396,male,4.23891157691946,4,1,TCK69719,10.421795001606258,C141,S
398,1,2,Person_397,male,29.548071445307414,3,2,TCK44678,109.46676964863542,C141,S
399,1,3,Person_398,male,38.96760109104683,1,1,TCK97802,82.61268613283352,,C
400,0,3,Person_399,female,31.723094823186536,0,3,TCK86286,36.75339650881592,,S
401,1,1,Person_400,male,28.416207264779633,2,2,TCK39583,64.40574794883574,C141,C
402,1,1,Person_401,male,11.81097091175846,4,2,TCK18076,22.811231830184806,,S
403,0,1,Person_402,male,33.25901440116229,2,4,TCK28006,5.0,,S
404,0,3,Person_403,male,19.40530432177703,0,4,TCK25051,117.3440136923222,,S
405,1,3,Person_404,female,,4,0,TCK14314,6.836452885972896,,S
406,1,2,Person_405,male,46.72429108719223,2,4,TCK38670,147.765370418423,,S
407,1,3,Person_406,female,43.417401477788594,0,2,TCK77551,42.4178897269959,C141,C
408,1,3,Person_407,male,30.723253675915117,2,4,TCK20236,18.23269607585869,,C
409,1,3,Person_408,female,33.20704563487983,1,0,TCK45568,34.21181238685316,,Q
410,1,3,Person_409,male,45.04045217801786,0,3,TCK70314,,,S
411,0,2,Person_410,male,33.14075519489316,2,4,TCK26352,5.0,,S
412,1,1,Person_411,female,42.6562457666584,1,2,TCK55650,21.960908255634944,C141,S
413,1,2,Person_412,male,25.8352491877661,1,3,TCK20346,67.32788127624649,,S
414,0,1,Person_413,female,48.36777234003525,0,2,TCK35156,35.67455498938088,,S
415,0,3,Person_414,male,34.49100016305758,3,3,TCK65904,14.00091683583605,C141,S
416,0,3,Person_415,female,32.71672721048223,4,2,TCK24035,20.406672751844283,,S
417,0,1,Person_416,male,12.21914475803155,0,4,TCK26108,99.4085731017366,,S
418,1,1,Person_417,male,34.01738196022392,1,4,TCK12853,37.279917266852195,,S
419,1,2,Person_418,female,18.352631155077685,1,0,TCK94156,37.57612970820243,,S
420,1,3,Person_419,male,21.064041828601084,0,3,TCK14176,162.81260876154656,,S
421,1,2,Person_420,male,,3,0,TCK35920,19.347974831367583,C141,C
422,1,3,Person_421,male,15.07271095341085,4,1,TCK64850,32.65222024097403,C141,S
423,1,1,Person_422,male,59.74679964223746,2,4,TCK16829,83.48955294976038,,S
424,0,1,Person_423,male,,0,3,TCK83927,71.12971496312004,,S
425,1,3,Person_424,male,56.88514503001966,4,0,TCK94860,15.448651028556654,,S
426,0,3,Person_425,female,,4,0,TCK50667,,,C
427,0,1,Person_426,female,,1,1,TCK75842,60.31620769370388,,C
428,1,3,Person_427,female,11.89089324714266,2,0,TCK45843,14.897138478196478,C141,S
429,0,3,Person_428,male,20.260271719241103,0,2,TCK60808,127.98743376492776,,S
430,1,3,Person_429,female,17.14622223216795,1,4,TCK40543,6.9198860717728765,,Q
431,0,2,Person_430,male,47.354176090181866,1,0,TCK82780,,,S
432,1,3,Person_431,male,24.452784506575362,3,0,TCK16611,5.0,,C
433,0,2,Person_432,male,44.95731067171623,4,1,TCK98242,,,S
434,1,3,Person_433,male,38.45769245423925,0,2,TCK94612,,,S
435,1,1,Person_434,female,62.250942529467046,0,0,TCK56902,50.5128382803983,,C
436,1,1,Person_435,male,9.287780876043865,0,4,TCK43043,138.83225933811065,,S
437,1,2,Person_436,female,47.629265357015186,1,4,TCK15271,6.877198957574147,,S
438,1,3,Person_437,male,46.05017218561019,3,0,TCK82867,5.0,,S
439,0,2,Person_438,female,16.372696267621514,2,2,TCK87089,,,S
440,0,3,Person_439,female,,1,4,TCK68745,96.7276556367672,C141,C
441,0,3,Person_440,female,34.7060294823672,2,4,TCK72077,88.90452398115174,,S
442,1,1,Person_441,female,26.81533236065229,3,2,TCK69119,80.21378859531923,,S
443,0,3,Person_442,female,18.464903182392007,4,2,TCK21573,22.48874984600456,,C
444,1,2,Person_443,female,,0,0,TCK31409,12.260645113374624,C141,S
445,1,3,Person_444,male,58.69736934100297,2,3,TCK95970,,,S
446,0,1,Person_445,female,30.009559465404756,1,1,TCK34464,18.33627718213392,,C
447,0,3,Person_446,male,40.94982002144043,2,3,TCK52840,25.40876379913066,,Q
448,1,3,Person_447,female,18.927408656654258,4,3,TCK58785,60.125187437772134,,S
449,0,3,Person_448,male,,0,4,TCK30662,17.361419458649607,,S
450,1,3,Person_449,female,45.147787329499195,2,2,TCK28228,85.4988981393604,,C
451,1,2,Person_450,female,11.10593303827855,4,4,TCK70721,5.0,C141,C
452,1,3,Person_451,male,24.1870072493262,1,1,TCK59223,78.31477079147237,,C
453,1,3,Person_452,female,30.47638375501125,3,0,TCK17386,46.04648910962686,,S
454,1,3,Person_453,female,31.559216425760734,1,1,TCK16862,42.54781904422083,,S
455,0,1,Person_454,female,27.492694009773814,0,4,TCK50108,30.6592581891218,,S
456,0,3,Person_455,male,35.54147693534292,1,4,TCK85023,16.220456210550136,,C
457,1,3,Person_456,female,,1,4,TCK90140,31.187612802272678,C141,C
458,1,3,Person_457,male,40.28492563643062,1,4,TCK92963,29.89444210666692,C141,S
459,0,2,Person_458,female,16.198746678650426,1,3,TCK37201,43.82396504403138,,S
460,0,3,Person_459,female,26.02182862899684,0,0,TCK78578,16.534648450189025,,S
461,1,2,Person_460,male,46.726680066277126,4,3,TCK59966,5.0,,Q
462,0,3,Person_461,female,42.52506062603421,2,4,TCK64774,7.837921573510787,,S
463,1,1,Person_462,female,10.779967679265106,3,2,TCK20386,60.06173306676062,,S
464,0,3,Person_463,male,34.920718604930826,2,3,TCK87228,5.0,C141,S
465,1,3,Person_464,female,2.3048465087526573,2,4,TCK25225,97.05117105507108,C141,S
466,0,1,Person_465,male,30.657088628845173,3,4,TCK26693,59.27347382853293,,S
467,1,3,Person_466,male,56.56873823444368,0,0,TCK82197,73.06954998921273,,C
468,0,2,Person_467,male,16.72950195823419,3,1,TCK53021,90.38970165262769,,C
469,0,3,Person_468,female,18.31947736311785,0,3,TCK28261,6.54590872733507,,S
470,1,3,Person_469,male,40.696416942020036,2,3,TCK37378,86.42545820956417,,S
471,0,3,Person_470,male,8.400778787064958,0,3,TCK96755,,,C
472,1,3,Person_471,female,21.14142958160945,4,4,TCK21937,108.36943381910413,,S
473,0,3,Person_472,male,38.35017592614454,3,0,TCK76330,108.8357869117023,,S
474,1,2,Person_473,female,21.119998132348357,4,4,TCK57366,5.0,,Q
475,0,2,Person_474,female,26.6964201790464,2,4,TCK82322,24.133391376473497,C141,C
476,1,3,Person_475,female,40.41859994441049,3,2,TCK50160,37.36948264506851,,C
477,0,3,Person_476,female,35.90164516951186,2,0,TCK55313,56.716132522159945,,S
478,1,3,Person_477,male,,4,3,TCK37032,16.856660018370956,,S
479,0,3,Person_478,male,25.25228809021946,2,1,TCK27358,14.527125357502463,,S
480,1,2,Person_479,male,35.180855613765374,3,3,TCK71710,24.00396850051491,,S
481,1,3,Person_480,male,28.267742478603406,3,4,TCK96157,34.75131642764515,,C
482,1,1,Person_481,male,36.40927853896099,2,0,TCK58821,150.9461878606676,,S
483,0,3,Person_482,female,23.042951648348303,3,0,TCK38365,71.79702258095067,,C
484,1,1,Person_483,male,27.444034358686423,3,0,TCK23189,28.046434577865604,C141,S
485,0,2,Person_484,male,16.140590904271804,2,2,TCK86749,5.0,,S
486,1,2,Person_485,male,29.509893459912696,4,3,TCK17248,9.227437285572368,,Q
487,0,2,Person_486,female,18.645987909196172,3,2,TCK14369,30.433355794603838,,S
488,1,3,Person_487,female,14.403349697732093,3,1,TCK73763,84.05365110443458,,S
489,0,2,Person_488,male,33.62125606997543,3,4,TCK18050,23.95791312024411,C141,S
490,0,2,Person_489,female,32.978356862007246,3,2,TCK38605,38.66329838708751,,S
491,1,2,Person_490,male,40.960232289280015,2,2,TCK59616,111.19095357461907,,S
492,0,2,Person_491,male,23.964242025948614,4,4,TCK64479,122.55208540656764,,S
493,0,2,Person_492,female,35.71273985571458,4,0,TCK90934,12.152965273671036,,S
494,1,1,Person_493,female,37.71116601183128,0,4,TCK50883,5.0,C141,C
495,0,3,Person_494,male,36.22683330964233,3,3,TCK43055,,,S
496,0,3,Person_495,male,18.44084844077001,3,4,TCK78731,,,S
497,0,3,Person_496,female,32.09108875179665,0,0,TCK17450,150.91137111754475,C141,S
498,1,2,Person_497,male,35.09796414476526,4,4,TCK12925,5.0,C141,S
499,0,2,Person_498,female,30.100498536711186,1,2,TCK90051,5.0,,S
500,1,3,Person_499,male,0.7893127828048137,1,1,TCK60272,107.77174856498262,,S
501,0,3,Person_500,female,32.24685473562872,4,2,TCK15310,68.94514111926868,,S
502,0,2,Person_501,male,60.97543455156139,3,1,TCK41817,242.9939558828084,,C
503,0,1,Person_502,male,24.959450237402244,1,4,TCK54528,25.274733053714694,C141,Q
504,1,2,Person_503,female,19.806920630025502,2,3,TCK65779,26.897073314159993,,C
505,0,2,Person_504,male,,2,4,TCK94816,9.455940531384556,,S
506,0,2,Person_505,male,34.373294946532006,0,0,TCK92641,6.156266349453312,C141,S
507,1,3,Person_506,female,46.698292315829804,4,4,TCK94083,,,Q
508,0,3,Person_507,male,12.389845817275571,4,1,TCK86310,22.65024656595515,,S
509,1,3,Person_508,male,,1,2,TCK25457,5.0,C141,C
510,1,3,Person_509,male,38.265908857520486,3,3,TCK52311,109.01265189095626,C141,S
511,0,3,Person_510,female,28.009948482832353,4,4,TCK13980,11.054562202493848,C141,S
512,1,3,Person_511,female,34.74162245090366,1,4,TCK30886,69.03238607264721,,C
513,0,3,Person_512,female,44.412404742377,1,2,TCK87112,16.58020698109244,C141,C
514,1,1,Person_513,male,42.21241532039831,4,3,TCK60877,83.80689325655388,,C
515,1,1,Person_514,male,13.9977296309678,1,4,TCK46181,6.30066289086402,,Q
516,0,1,Person_515,male,41.48221461457678,0,4,TCK43262,70.54402906396798,C141,S
517,1,3,Person_516,male,29.09435952954474,0,1,TCK10947,5.163627842558354,,S
518,1,3,Person_517,female,31.020237372217217,4,1,TCK10022,29.6122503348621,C141,Q
519,1,2,Person_518,male,31.024757874023724,3,0,TCK11128,66.2137662985902,,S
520,1,3,Person_519,male,27.89659815682436,0,2,TCK89522,,,S
521,1,1,Person_520,male,46.68390495949891,0,3,TCK42322,16.820161169404653,C141,S
522,0,3,Person_521,female,28.827948562111033,4,4,TCK58929,100.03780019205095,,S
523,1,2,Person_522,male,14.326354202635638,2,4,TCK91696,108.19306311902285,,S
524,0,1,Person_523,male,24.490582016423797,1,0,TCK19808,5.0,,S
525,1,2,Person_524,male,32.50172603534666,0,4,TCK62882,9.20158603572954,C141,C
526,0,2,Person_525,male,47.209006980158705,2,2,TCK31725,6.248234747767645,,C
527,0,2,Person_526,male,38.443325589283674,3,0,TCK82534,9.903836696585072,,S
528,1,2,Person_527,female,18.092506097541385,2,2,TCK49950,175.64175171310043,,S
529,1,3,Person_528,male,,4,0,TCK98954,40.1096404278357,C141,S
530,1,3,Person_529,male,33.70685435369172,3,4,TCK93576,31.56615361063526,C141,S
531,0,2,Person_530,male,47.85547033198621,3,0,TCK30557,208.24062528091102,C141,S
532,1,3,Person_531,male,27.875997929918793,2,1,TCK31825,40.70432420901875,,S
533,0,3,Person_532,male,37.46702942587629,4,3,TCK18998,54.10515501988874,,S
534,0,2,Person_533,male,41.752559063257664,0,4,TCK46080,,,S
535,0,2,Person_534,male,47.05472596455958,2,3,TCK67797,24.07263518508007,,S
536,1,1,Person_535,male,,0,4,TCK25802,45.12054812983718,,S
537,1,1,Person_536,male,42.21075800102169,2,3,TCK21167,5.0,C141,S
538,0,3,Person_537,male,25.58878576328248,0,1,TCK52407,14.777842265337599,C141,S
539,0,1,Person_538,female,21.99555541261514,2,3,TCK23338,10.958307923190121,,S
540,1,3,Person_539,female,34.65650514453877,3,0,TCK86289,5.0,,Q
541,0,3,Person_540,female,43.06379301277497,1,3,TCK81520,38.4907504505613,C141,S
542,1,1,Person_541,female,26.881910189127503,3,4,TCK28895,,,C
543,0,3,Person_542,male,44.91240752000141,0,2,TCK57910,24.220482820751304,,S
544,1,2,Person_543,female,50.33663443680651,4,3,TCK75898,15.648453496119968,,C
545,0,3,Person_544,female,17.171507132972124,3,3,TCK13454,52.78624357335316,,S
546,1,2,Person_545,male,18.28311014685208,1,3,TCK96540,,C141,C
547,0,3,Person_546,female,28.034749175325288,0,4,TCK70797,36.55439894775914,,S
548,1,3,Person_547,female,34.30657735464875,3,3,TCK93137,73.06684312663775,,C
549,1,1,Person_548,male,,2,4,TCK60637,8.974158478592782,,S
550,0,3,Person_549,male,48.93083750414002,4,4,TCK15349,69.9709129169511,C141,S
551,0,3,Person_550,male,35.936936061258315,0,2,TCK49963,71.52161510624002,,C
552,1,3,Person_551,female,30.552258675370354,3,0,TCK85583,5.0,,S
553,0,3,Person_552,female,9.897266665840615,0,4,TCK17750,5.0,C141,Q
554,1,3,Person_553,male,,2,1,TCK32463,,C141,S
555,0,2,Person_554,male,33.934129503945286,1,3,TCK84935,10.745294925408876,C141,S
556,1,2,Person_555,female,0.1436612338322938,3,1,TCK68792,86.33770541326167,C141,C
557,1,3,Person_556,male,44.176923735017006,0,3,TCK23686,41.259772597097886,,S
558,1,2,Person_557,female,27.785846178787516,0,2,TCK73528,15.358344225344537,,S
559,1,3,Person_558,male,75.40330157432626,0,4,TCK32787,6.961404350646435,,C
560,1,3,Person_559,male,62.31082750862555,1,0,TCK24776,34.3261855698278,,C
561,1,2,Person_560,female,,0,4,TCK67427,26.15796961638849,C141,Q
562,0,2,Person_561,male,28.51128196456159,4,3,TCK71086,60.01333155343145,,S
563,0,3,Person_562,male,43.93814119602842,4,0,TCK73308,117.25821775301976,C141,S
564,0,2,Person_563,male,53.84441653885253,0,4,TCK25797,,,S
565,1,3,Person_564,female,7.067593195895764,4,0,TCK15302,16.041405838704005,C141,S
566,1,2,Person_565,male,,3,3,TCK73172,105.57064860081964,C141,C
567,1,3,Person_566,male,21.29151272223866,4,2,TCK48059,89.60537071907872,,S
568,1,1,Person_567,male,38.1583261644341,0,2,TCK10908,132.34980149901264,C141,S
569,0,3,Person_568,male,36.95623026710636,2,4,TCK70252,30.685462420589086,,S
570,0,2,Person_569,male,44.976800369773905,3,1,TCK90659,73.17500885097591,,C
571,1,3,Person_570,male,13.204234602885684,1,3,TCK22877,44.78251904347992,,Q
572,0,1,Person_571,female,0.0,0,4,TCK24239,18.58962869258606,,S
573,0,3,Person_572,female,,1,4,TCK96971,259.52701154835836,,S
574,1,3,Person_573,male,18.405252178486716,2,2,TCK37313,5.0,,C
575,0,2,Person_574,female,1.7411698985590682,1,0,TCK52103,8.853124849699944,C141,S
576,1,1,Person_575,female,32.03089244343134,0,3,TCK58408,111.53292895722853,,S
577,0,1,Person_576,male,,0,0,TCK93251,5.0,C141,S
578,1,3,Person_577,female,28.291200150302117,2,3,TCK98771,108.93908517938425,,S
579,1,3,Person_578,female,23.59012259344515,0,1,TCK20534,62.802175489766654,,S
580,1,3,Person_579,female,,2,2,TCK53060,5.0,,C
581,1,2,Person_580,female,24.81184132638904,2,1,TCK27189,,,S
582,0,2,Person_581,female,11.12734043283766,0,4,TCK96067,70.2171073530174,,S
583,1,3,Person_582,female,19.994470522133955,4,2,TCK20967,43.745478841360416,,Q
584,1,2,Person_583,female,37.297918670193404,2,4,TCK91991,137.34315760236728,,C
585,1,3,Person_584,female,,0,1,TCK75563,101.11301328292808,,S
586,0,1,Person_585,male,32.352837283535486,4,3,TCK18660,20.221854485071216,C141,S
587,1,3,Person_586,male,,2,4,TCK49823,5.0,,S
588,0,2,Person_587,female,27.45895573010066,4,0,TCK65842,144.35020741428616,,S
589,1,2,Person_588,female,0.0,3,3,TCK19616,36.41662618695609,,S
590,0,3,Person_589,male,32.49867329439546,3,3,TCK85976,5.0,,S
591,0,3,Person_590,female,,4,1,TCK58738,84.79763791558891,,S
592,1,3,Person_591,female,9.362150151410521,2,1,TCK23107,101.43988176540104,C141,S
593,0,1,Person_592,male,21.797012573551427,0,2,TCK71404,51.00271507987145,C141,S
594,1,1,Person_593,male,34.60749490194181,1,2,TCK25954,29.665903660424213,,S
595,1,3,Person_594,male,47.53979688198477,0,0,TCK26943,54.26106926647447,,S
596,1,3,Person_595,female,23.724855371797908,1,3,TCK50725,61.325185770168034,,S
597,0,2,Person_596,female,20.30849539027745,1,0,TCK55434,111.7603232917195,,S
598,0,1,Person_597,male,2.4350760061748353,2,0,TCK95751,156.02134740419314,,S
599,1,1,Person_598,male,31.44813381031349,4,1,TCK20110,36.11036139628304,,S
600,1,3,Person_599,female,58.58906456201242,0,0,TCK97091,80.09693845314736,,S
601,0,1,Person_600,male,33.883018467505465,4,0,TCK26462,166.92459008002473,,S
602,1,2,Person_601,female,29.688094291428012,3,4,TCK89232,8.199137556160254,C141,C
603,1,2,Person_602,female,34.50915235073779,2,2,TCK64081,5.0,,Q
604,1,2,Person_603,male,29.84471194471957,2,2,TCK62799,101.61407254345991,C141,S
605,0,1,Person_604,male,18.617798788358183,3,3,TCK76567,10.86263018141193,,Q
606,0,3,Person_605,female,41.52591881948787,0,2,TCK99301,5.0,,S
607,0,1,Person_606,male,33.16066132356456,3,3,TCK61224,8.723392164341401,C141,S
608,1,3,Person_607,male,30.246585527071204,0,4,TCK66063,24.234743853852695,,Q
609,1,2,Person_608,male,16.344875618104503,1,2,TCK65240,12.376019696533035,C141,S
610,1,3,Person_609,male,48.24911104708663,2,4,TCK91352,,,S
611,0,3,Person_610,female,39.30583843466354,0,2,TCK27868,185.03556157760602,,S
612,1,3,Person_611,female,22.259108276857773,4,2,TCK85973,60.93834228541938,,S
613,1,3,Person_612,female,,4,4,TCK90989,62.27303718198067,,S
614,1,2,Person_613,female,23.0340082626071,2,0,TCK32222,5.0,,S
615,1,2,Person_614,male,19.051951104845482,3,0,TCK89794,65.85677087142034,,S
616,0,3,Person_615,male,19.36415635527598,3,0,TCK73924,,,S
617,0,3,Person_616,female,,0,0,TCK88513,53.90299982889834,C141,S
618,1,3,Person_617,female,36.60159332585488,3,2,TCK64649,12.966801948563802,,Q
619,0,3,Person_618,male,4.363971703263097,2,1,TCK93749,27.49878582443703,,C
620,0,3,Person_619,female,12.801786362279323,0,4,TCK20223,93.62997249959497,,S
621,1,2,Person_620,female,0.9417678729005345,1,1,TCK58166,55.46369046294277,,S
622,1,1,Person_621,male,,3,1,TCK49369,65.98206043208138,,C
623,0,3,Person_622,female,27.89551355619379,3,3,TCK96379,44.26073175049594,C141,S
624,1,3,Person_623,male,25.426253015390905,0,0,TCK79392,29.854282255769633,C141,S
625,0,1,Person_624,male,15.403912274611933,4,2,TCK69526,,C141,S
626,1,3,Person_625,female,13.588727451887038,3,0,TCK22661,5.0,,C
627,0,2,Person_626,male,36.501178089652036,2,0,TCK25591,55.914338324169655,C141,S
628,1,3,Person_627,female,22.29227295608117,3,1,TCK81718,293.98735529144426,C141,S
629,0,1,Person_628,male,34.42901650150603,1,3,TCK65235,75.75002600354102,C141,S
630,0,2,Person_629,female,17.606518394260885,3,0,TCK17970,17.164215117711926,,S
631,0,3,Person_630,female,,4,4,TCK57922,16.274008200133423,C141,S
632,1,2,Person_631,female,48.245892522424896,3,4,TCK40755,55.01347464265594,,S
633,0,3,Person_632,male,38.206321205498966,0,0,TCK29416,113.09819929661083,C141,S
634,0,3,Person_633,male,24.226206544969273,3,1,TCK23672,43.131543726035574,,S
635,1,3,Person_634,female,33.60078558498299,4,1,TCK93468,37.47553768941747,,S
636,1,2,Person_635,male,26.63068755657702,0,2,TCK56996,,,C
637,0,2,Person_636,female,30.110322585726195,2,3,TCK84095,62.84353687989114,,C
638,0,1,Person_637,female,25.441445269920948,0,1,TCK10064,60.58321871078333,,S
639,1,3,Person_638,male,27.699307117604523,1,2,TCK78835,170.48879208380856,C141,S
640,1,3,Person_639,female,32.969306943038454,0,4,TCK80385,17.84747653211515,,S
641,1,3,Person_640,male,16.09297820585269,2,4,TCK15639,70.62072225849562,,S
642,1,3,Person_641,female,15.777696422140304,3,4,TCK21055,,,C
643,1,3,Person_642,male,10.560404246363046,0,0,TCK69220,40.875781684673726,,S
644,0,3,Person_643,female,7.596204536948061,0,3,TCK97594,84.76445874917351,,S
645,1,1,Person_644,female,12.958042308913289,0,2,TCK39427,12.551119297690766,,C
646,0,3,Person_645,male,32.23247509525781,0,3,TCK92516,20.99357464114559,,Q
647,0,1,Person_646,female,17.500974783113623,2,0,TCK74666,74.2082983723736,,S
648,0,3,Person_647,female,37.19060249923535,4,2,TCK74274,42.25177784990172,,S
649,1,3,Person_648,male,30.485992482535867,4,2,TCK20866,5.0,,S
650,0,3,Person_649,female,2.440941011867249,0,1,TCK13889,,,C
651,0,1,Person_650,male,39.169658179103656,2,3,TCK58226,44.1710108943331,C141,C
652,1,2,Person_651,female,41.35118103828394,2,3,TCK41335,120.12983942593716,,S
653,0,2,Person_652,male,16.085922552312052,0,1,TCK60547,10.442808312195595,,S
654,0,2,Person_653,female,35.882681600529885,1,4,TCK36162,81.98273591282815,,S
655,1,1,Person_654,female,18.009024676271217,0,0,TCK99449,6.999006085630977,,S
656,0,3,Person_655,female,31.367385274476696,1,3,TCK34687,13.869141943797656,,S
657,0,3,Person_656,male,12.29702230263048,0,1,TCK20995,13.942320010524533,,S
658,0,2,Person_657,male,4.896509664515925,1,2,TCK66488,104.97372170505344,,S
659,1,2,Person_658,male,24.64055934541844,1,1,TCK12631,11.095820978359013,,C
660,1,2,Person_659,male,28.267794752152295,0,4,TCK44954,,,S
661,1,3,Person_660,female,24.432484289395543,1,0,TCK15967,30.976859063385515,,S
662,0,3,Person_661,female,13.423572184884168,3,4,TCK98294,350.0,C141,S
663,0,3,Person_662,male,24.40141313016408,4,2,TCK97278,91.34596950794916,,C
664,1,2,Person_663,male,,2,2,TCK74471,67.2966254364205,,S
665,0,3,Person_664,male,29.371497578284483,1,2,TCK47116,102.29117341453198,C141,Q
666,0,3,Person_665,female,32.555014428388986,1,2,TCK44227,50.260249446661895,C141,S
667,1,2,Person_666,male,20.61838719364074,2,1,TCK11942,92.78363138639963,,Q
668,1,3,Person_667,male,46.404050806026234,1,2,TCK57664,15.131451003808124,C141,C
669,0,1,Person_668,female,13.533573288233072,2,2,TCK38069,5.140588939169926,,S
670,0,3,Person_669,female,36.82584415921406,0,1,TCK97342,47.84678385950394,,Q
671,0,2,Person_670,male,46.54647530143946,3,2,TCK24407,,,S
672,1,3,Person_671,female,36.73271329848453,3,4,TCK69201,27.794705686301796,,S
673,1,3,Person_672,male,27.16466082109238,4,4,TCK90093,37.40634754922255,,S
674,1,3,Person_673,female,22.60384134671829,1,3,TCK64348,22.422488503994867,,S
675,1,3,Person_674,male,44.50522711464758,4,4,TCK91981,49.18293346090567,,C
676,0,2,Person_675,male,10.078351046336579,0,0,TCK27878,5.0,,C
677,1,1,Person_676,male,16.41826035468499,3,0,TCK93100,175.14712517325455,,S
678,1,2,Person_677,male,24.4341912831159,0,0,TCK88629,,,S
679,1,1,Person_678,female,,0,1,TCK65420,136.87665090607896,,S
680,1,3,Person_679,female,35.31674690457255,1,4,TCK53168,22.706789248042327,,S
681,1,2,Person_680,female,16.447359380856565,0,0,TCK64862,37.95270068745169,C141,S
682,0,3,Person_681,female,25.65569212461135,3,3,TCK99622,154.0978558780811,,Q
683,0,3,Person_682,male,,4,1,TCK92025,116.31626188543767,,S
684,1,3,Person_683,male,,3,3,TCK38004,78.09062986979566,C141,S
685,0,1,Person_684,female,43.70445381979491,1,4,TCK30471,26.156010490812832,,C
686,1,3,Person_685,female,10.79559619031092,3,2,TCK70167,41.54456866403881,C141,S
687,1,3,Person_686,female,52.52293198028123,2,3,TCK93828,78.73068726064301,,S
688,0,2,Person_687,female,41.59521566258472,4,2,TCK75308,15.94226508199047,,S
689,0,3,Person_688,female,45.27206338845177,2,1,TCK93969,49.23508616485821,,S
690,1,3,Person_689,male,23.518846831646385,2,3,TCK24568,87.99395213957112,,Q
691,1,1,Person_690,male,27.90082993289247,1,3,TCK19466,,,S
692,1,3,Person_691,male,9.935874596654031,0,1,TCK67324,32.64640898452735,,S
693,0,2,Person_692,female,22.65472630106476,2,1,TCK25467,43.92667459261455,C141,S
694,1,1,Person_693,female,36.91116786700411,3,0,TCK85955,224.0395284328335,,S
695,1,2,Person_694,female,48.14488286493955,0,4,TCK62948,46.06363037261805,C141,C
696,1,1,Person_695,female,14.499804564765675,3,3,TCK26676,76.99973305685171,,Q
697,0,1,Person_696,male,24.882916882206278,3,3,TCK41514,,,C
698,1,1,Person_697,male,27.881810916744687,0,1,TCK32650,60.44769539405327,,S
699,1,3,Person_698,female,,0,1,TCK98290,63.00406878641088,C141,S
700,0,3,Person_699,male,38.27888938461761,3,4,TCK87701,30.294352259796476,,S
701,1,3,Person_700,male,19.864135355603473,1,1,TCK20683,32.13793134556665,,S
702,1,2,Person_701,female,27.264535083521665,4,2,TCK69819,31.54269052201279,C141,S
703,0,2,Person_702,female,23.672708793233713,4,2,TCK90978,5.0,,S
704,1,3,Person_703,female,18.94926091992456,1,2,TCK14860,13.791978975512015,,Q
705,0,2,Person_704,female,,0,2,TCK13729,8.395140811462142,,S
706,0,1,Person_705,female,26.981465900047688,3,4,TCK41351,108.77340391511565,,S
707,1,3,Person_706,female,24.79398964809868,4,3,TCK72744,,,S
708,1,2,Person_707,male,19.801537296475203,3,2,TCK34346,7.45068186315005,C141,S
709,1,3,Person_708,male,,1,1,TCK84155,6.3784278237607195,,S
710,1,3,Person_709,female,53.15064175889199,3,2,TCK86700,60.196946003693796,,S
711,0,1,Person_710,male,31.958421259747784,1,4,TCK16955,5.0,,S
712,1,1,Person_711,female,43.94565500875581,0,1,TCK75642,31.867122069884367,,S
713,0,3,Person_712,female,10.536893047851521,1,2,TCK80290,6.327567954579502,,C
714,1,2,Person_713,female,32.20866015011277,1,3,TCK54293,94.74391750667456,,S
715,1,1,Person_714,female,14.636843534405068,4,1,TCK71336,159.04331682986702,,S
716,1,3,Person_715,male,9.323051014553378,3,1,TCK31662,159.41080403518652,,S
717,0,1,Person_716,female,19.648800295573494,4,3,TCK16408,29.166599889269975,,S
718,1,3,Person_717,male,46.68659068179002,2,1,TCK50403,51.71358654234239,,Q
719,1,3,Person_718,female,43.30022160137504,1,2,TCK11225,45.77756732818584,C141,S
720,1,2,Person_719,female,33.402066108761595,2,1,TCK22196,21.542138308475792,C141,S
721,1,1,Person_720,female,8.542192161540967,4,2,TCK79786,29.355149161133237,,C
722,0,1,Person_721,male,27.252070880568883,3,3,TCK25372,5.0,,S
723,1,2,Person_722,female,,4,0,TCK27279,79.408052116317,,S
724,0,1,Person_723,female,32.457507214100374,3,3,TCK64240,,,S
725,0,3,Person_724,female,4.186889831269561,3,2,TCK48187,30.858157784512397,,S
726,0,1,Person_725,male,17.535550127721795,0,4,TCK58481,32.756044947482046,,C
727,0,3,Person_726,male,29.102911301917967,1,3,TCK38475,,C141,S
728,0,3,Person_727,male,37.50807273324066,4,4,TCK54552,85.15355038578313,,S
729,0,3,Person_728,female,0.0,3,4,TCK77969,58.8634678440374,,S
730,1,3,Person_729,male,27.73026434328198,4,2,TCK86534,54.39297277686558,C141,S
731,0,2,Person_730,female,32.002682778305335,4,2,TCK16858,37.40609856786548,,S
732,0,3,Person_731,male,41.89456783922698,3,0,TCK84486,5.043848807225442,C141,S
733,0,3,Person_732,male,39.70000617932411,2,1,TCK84474,25.708934588604475,,S
734,1,2,Person_733,female,,1,3,TCK35168,157.697554022338,,S
735,1,1,Person_734,male,18.80083290617292,1,2,TCK42099,,C141,Q
736,0,3,Person_735,female,3.287970080273695,0,3,TCK81180,65.55900048124512,,S
737,1,2,Person_736,female,24.497261401140385,0,4,TCK71455,12.90713200368735,C141,S
738,0,1,Person_737,male,44.02284555291984,0,1,TCK64240,5.373172152100978,,S
739,0,2,Person_738,female,49.50836338534204,1,0,TCK84796,,C141,Q
740,1,2,Person_739,female,39.94768743216899,2,3,TCK64592,,,C
741,0,3,Person_740,male,36.01077151922428,1,1,TCK57458,63.982296939600936,,C
742,1,3,Person_741,male,35.31495507740352,1,0,TCK68046,107.661826620113,C141,S
743,1,3,Person_742,female,22.21433754534907,1,3,TCK26488,47.82651910907617,,C
744,0,1,Person_743,male,28.17915589024932,1,1,TCK68841,6.981978457060725,C141,S
745,0,2,Person_744,female,53.36697336156864,2,2,TCK10395,6.096855739050606,C141,S
746,1,2,Person_745,female,16.804187918913733,0,3,TCK62669,5.0,C141,S
747,0,1,Person_746,male,52.60690306993792,4,1,TCK20845,41.860112879156134,C141,C
748,0,2,Person_747,male,25.49160583711118,0,0,TCK46059,13.912087748318894,,C
749,0,3,Person_748,male,48.5560495273311,0,1,TCK28394,,,C
750,1,1,Person_749,male,10.304589867034466,4,2,TCK55906,57.95792920489702,,Q
751,1,3,Person_750,female,38.20265881630509,1,3,TCK69332,19.144400661069046,,S
752,0,2,Person_751,female,19.685218096733294,2,3,TCK47305,9.727905941880113,,S
753,1,1,Person_752,male,10.186259313061374,2,3,TCK52628,5.401556695760425,,S
754,1,2,Person_753,male,33.05947659375324,0,2,TCK31352,66.84003628185926,,C
755,1,3,Person_754,female,44.13260504034356,4,0,TCK96682,29.93195661212073,,S
756,1,3,Person_755,female,18.17081985969105,3,3,TCK92971,,,C
757,1,3,Person_756,female,9.013776553582382,1,0,TCK61993,97.12435624684647,C141,S
758,0,2,Person_757,female,28.714173299310627,0,1,TCK49386,45.02249521663849,,S
759,0,1,Person_758,male,28.775905397119466,2,0,TCK66624,36.490800611955166,,S
760,0,3,Person_759,female,37.676474785762984,4,0,TCK67065,68.00778167935889,C141,S
761,1,2,Person_760,female,43.294323999102836,4,3,TCK95504,84.52782708224163,,C
762,1,3,Person_761,male,29.16818746218508,0,4,TCK18539,57.929764963548315,C141,S
763,0,1,Person_762,female,55.97704640711969,3,4,TCK11263,28.99148892648639,,S
764,1,2,Person_763,female,33.139286423494084,2,2,TCK23305,23.845273022879333,,S
765,0,1,Person_764,male,25.150028915903405,0,2,TCK63817,,,S
766,0,2,Person_765,male,7.43805697256041,3,4,TCK34398,36.480928534975355,C141,S
767,0,3,Person_766,male,26.32276671557365,4,1,TCK85801,,,S
768,1,2,Person_767,female,25.290582764244093,1,3,TCK59107,110.54534279970731,C141,C
769,1,2,Person_768,female,,2,3,TCK42152,123.78186797716295,,S
770,0,2,Person_769,male,36.47477073693596,2,1,TCK40624,16.266818308054525,,S
771,0,2,Person_770,male,13.488832297143361,3,1,TCK66132,10.405970939133626,,S
772,0,3,Person_771,female,32.411561409754526,0,4,TCK62979,15.142314195431222,,S
773,0,3,Person_772,male,39.40143640420675,4,2,TCK68013,69.58982762966134,,S
774,1,3,Person_773,male,51.39243903142966,3,1,TCK73797,23.106379227406123,C141,S
775,1,3,Person_774,male,42.42505554379683,1,2,TCK61798,9.521070460930005,,S
776,0,2,Person_775,female,40.65185316036069,1,0,TCK26650,5.178411277762355,,S
777,0,3,Person_776,female,30.84120392461229,1,3,TCK36014,19.82377099773536,,S
778,1,2,Person_777,female,35.43636807592829,3,4,TCK86421,7.317021986032311,C141,C
779,1,2,Person_778,female,47.49306860988622,4,3,TCK17434,8.502277563564887,C141,Q
780,0,3,Person_779,female,11.341116435284903,2,4,TCK40028,57.58229800741085,C141,S
781,0,1,Person_780,female,25.107849418962616,0,0,TCK76558,,C141,S
782,0,3,Person_781,male,19.18403751741263,2,3,TCK34331,6.252842255632574,C141,S
783,1,2,Person_782,female,35.30814366216574,4,0,TCK77573,93.01224564954977,C141,S
784,1,3,Person_783,female,47.22311045911103,2,4,TCK84292,93.18880127100725,C141,C
785,1,3,Person_784,male,21.642359985904967,3,1,TCK56326,19.967453370907577,,C
786,0,3,Person_785,female,,1,3,TCK92979,5.0,,S
787,0,3,Person_786,female,24.228909569657418,4,0,TCK14123,61.03396821665348,,S
788,1,3,Person_787,male,42.788632248243694,4,3,TCK26603,22.324644297351654,,S
789,1,1,Person_788,male,37.52681864129831,2,3,TCK75941,5.0,,S
790,0,3,Person_789,male,35.99460746934807,3,3,TCK52597,8.588490022843928,,C
791,1,1,Person_790,female,26.080093773757284,2,2,TCK73238,7.379476596743818,C141,S
792,1,3,Person_791,male,12.09356969292299,2,0,TCK94238,44.472258978283605,,S
793,0,3,Person_792,female,37.214120502742546,4,0,TCK52719,,C141,S
794,1,3,Person_793,female,18.320054659515254,2,3,TCK51751,78.76922666740806,C141,S
795,0,1,Person_794,female,60.577354267326385,1,1,TCK96978,39.53976952328515,C141,S
796,0,1,Person_795,female,37.98710091696322,2,3,TCK27693,,C141,S
797,0,3,Person_796,male,21.870923764244687,1,2,TCK99541,48.205386551403734,C141,S
798,0,1,Person_797,male,21.440606536559205,4,4,TCK47697,29.332512231822466,,C
799,0,1,Person_798,female,28.698781107409765,3,2,TCK39992,14.12471909594566,,C
800,0,1,Person_799,male,26.646973091695504,1,1,TCK73825,56.84647354137976,,S
801,0,3,Person_800,female,45.63567285741936,3,3,TCK19522,103.27454361485518,C141,Q
802,1,3,Person_801,female,,3,0,TCK55406,23.330097530492008,C141,S
803,0,2,Person_802,female,19.757155655280606,1,3,TCK22121,92.11217067444363,,C
804,0,2,Person_803,male,56.46616959218096,4,1,TCK24219,28.20095247120608,,C
805,1,2,Person_804,female,30.69031664128312,0,0,TCK11617,25.65273390475429,,S
806,1,3,Person_805,female,40.76375546356456,3,2,TCK53016,5.0,,C
807,1,3,Person_806,male,21.48482889577337,3,4,TCK60672,59.417917571718135,,S
808,0,1,Person_807,male,35.08361878842333,4,4,TCK34276,82.38361214073689,,S
809,1,1,Person_808,male,34.355539876004734,4,3,TCK82240,54.46631479696653,,S
810,0,1,Person_809,male,3.544909910653857,2,2,TCK65735,8.206066597187098,C141,C
811,0,3,Person_810,female,58.213851546448964,4,1,TCK27959,5.451331803210629,,C
812,0,3,Person_811,male,48.06902245291566,3,4,TCK38522,42.53202639954199,,S
813,0,2,Person_812,female,24.439265573956174,1,2,TCK66087,25.667795627803887,C141,S
814,1,1,Person_813,male,14.568223633618024,0,3,TCK19953,28.026866676396878,,S
815,1,1,Person_814,male,34.86586259324973,2,0,TCK36567,171.789824464373,,Q
816,0,3,Person_815,male,31.21376779180155,1,3,TCK70523,64.35371378352339,,S
817,0,2,Person_816,male,34.979365279885215,0,3,TCK72708,26.533370424099928,,C
818,0,3,Person_817,male,32.68208354671725,0,2,TCK32560,5.0,,S
819,1,3,Person_818,male,37.087373850282965,0,4,TCK68390,5.0,,S
820,0,2,Person_819,female,50.26227979148529,1,2,TCK78149,57.727982291596035,,S
821,0,2,Person_820,male,,2,0,TCK46660,90.92738235082427,,Q
822,1,1,Person_821,male,15.304823015260824,2,2,TCK55104,61.49918014850029,,S
823,1,3,Person_822,male,49.07587993797433,0,1,TCK67805,26.034350439645525,C141,Q
824,0,3,Person_823,male,52.96860388883602,1,3,TCK34496,5.0,,S
825,1,3,Person_824,female,74.12879428316919,0,4,TCK93301,,,S
826,1,3,Person_825,male,14.271083534645628,4,0,TCK13515,214.64975954932854,,C
827,0,1,Person_826,male,33.40034818410385,2,3,TCK14454,39.85482922014491,,C
828,1,3,Person_827,male,0.8506181553541765,3,2,TCK32873,5.0,C141,Q
829,0,3,Person_828,male,37.744088189308926,0,1,TCK83920,38.932258537352084,,S
830,1,2,Person_829,female,22.325195825665183,4,2,TCK23727,,,S
831,0,3,Person_830,male,56.92824112754934,2,3,TCK79070,56.96945016820894,,S
832,0,3,Person_831,female,,1,0,TCK59979,,,S
833,0,3,Person_832,male,,2,4,TCK35465,5.0,C141,Q
834,1,3,Person_833,female,23.402307630164724,1,3,TCK63900,5.631098428286775,C141,S
835,0,3,Person_834,female,2.3431712029600753,1,0,TCK69799,,,S
836,1,3,Person_835,male,40.51539236310234,0,3,TCK31330,117.36700812795414,,S
837,0,1,Person_836,male,1.0888373524115131,0,1,TCK18302,,,S
838,0,2,Person_837,female,30.398406136564223,2,2,TCK88443,78.40882385842161,C141,S
839,1,3,Person_838,female,0.9106345220132468,4,4,TCK99966,6.124839767748949,C141,S
840,0,2,Person_839,male,25.51583073648701,2,0,TCK82717,131.30695043572553,C141,S
841,0,2,Person_840,female,53.007294181263475,3,4,TCK22875,86.05817978100862,,S
842,1,2,Person_841,female,35.04907048010113,1,4,TCK37219,12.729398330272195,C141,Q
843,0,2,Person_842,female,17.911089530490926,1,4,TCK46182,103.64603574549945,,S
844,0,3,Person_843,male,29.563151154852825,0,0,TCK90541,15.288416316977152,,S
845,0,3,Person_844,female,,4,0,TCK52269,11.492038846112175,C141,Q
846,0,2,Person_845,female,36.61682484180768,0,4,TCK89781,15.342832553821564,,C
847,1,1,Person_846,female,10.86398291406843,3,2,TCK16457,120.37232181440606,C141,Q
848,1,1,Person_847,male,,2,3,TCK16749,123.60464617669291,,Q
849,0,3,Person_848,male,0.0,2,4,TCK43064,19.94899224964886,C141,S
850,1,3,Person_849,female,21.181616266906655,4,1,TCK19821,61.11264103520702,,S
851,0,2,Person_850,male,23.164166205678374,0,4,TCK88655,56.31129113143789,,S
852,1,3,Person_851,female,,0,0,TCK17664,82.14007495842723,,S
853,0,3,Person_852,male,30.316831937476167,3,3,TCK39281,17.585045331496758,,C
854,0,3,Person_853,male,10.322117246011988,2,1,TCK41821,35.68163332241066,,S
855,0,3,Person_854,female,16.21009623856179,0,3,TCK34647,55.08193583549163,,C
856,0,2,Person_855,male,32.7815201336637,4,3,TCK79918,5.0,,C
857,0,3,Person_856,male,28.893057213896213,2,1,TCK91985,23.63947493542746,,S
858,0,2,Person_857,male,21.89226246509955,3,4,TCK92799,59.51802002576358,,C
859,1,3,Person_858,female,23.26832694683229,4,4,TCK84944,14.55740983424445,,S
860,0,3,Person_859,male,39.746351960230044,1,4,TCK99142,158.1532644997808,C141,S
861,1,3,Person_860,male,22.752303979830995,3,2,TCK37603,5.0,C141,C
862,0,3,Person_861,female,28.766722583592973,4,4,TCK56458,158.60818566469342,,S
863,1,1,Person_862,male,60.3791122331276,0,1,TCK80605,12.216052751661799,,C
864,1,3,Person_863,male,10.068443083625077,1,2,TCK29623,5.0,C141,S
865,1,3,Person_864,male,4.0742017579547785,3,4,TCK54440,17.29904739903681,,S
866,0,3,Person_865,male,40.970255307180494,0,2,TCK92427,77.15496639031426,,C
867,0,1,Person_866,male,20.498997141882555,1,1,TCK17704,69.80552035199094,,S
868,1,1,Person_867,female,25.544674611603316,2,4,TCK37460,11.712779120683242,,S
869,0,1,Person_868,female,19.063810706164404,0,0,TCK93045,10.956962312268338,,S
870,1,3,Person_869,male,,4,1,TCK92805,51.4421741274513,,C
871,0,3,Person_870,male,52.37953356934878,3,3,TCK83511,30.632092657946043,,S
872,1,2,Person_871,male,41.22979842065367,1,3,TCK16565,78.58060891051109,,C
873,1,3,Person_872,female,,0,1,TCK98003,5.0,,S
874,0,3,Person_873,female,10.172821218902964,2,3,TCK14870,47.13325755538958,,S
875,1,3,Person_874,male,13.88384768825983,3,1,TCK28909,65.59126783756979,,Q
876,0,3,Person_875,male,0.0,3,0,TCK19117,250.9291801338709,,S
877,1,3,Person_876,female,18.668668504841442,0,1,TCK77474,56.78171533714311,C141,S
878,1,3,Person_877,male,43.39384460939922,2,4,TCK54322,13.188197354064721,,C
879,0,2,Person_878,female,37.23725122047719,1,4,TCK30128,5.724895342291242,,C
880,0,3,Person_879,female,26.898814318670265,0,2,TCK79001,,,S
881,0,3,Person_880,male,29.687796027947257,1,3,TCK10440,37.031132555307025,,S
882,1,3,Person_881,female,20.355602403944324,3,3,TCK70955,114.70371486150594,,C
883,0,3,Person_882,male,32.86662435362498,1,1,TCK59613,64.84243468760314,,C
884,1,3,Person_883,male,40.72229591272861,2,3,TCK80949,35.64122069026169,C141,C
885,1,1,Person_884,male,7.377584976253381,4,4,TCK21663,25.841302079736263,,S
886,0,2,Person_885,male,34.19506762972287,2,0,TCK29547,25.90717500903157,C141,Q
887,0,1,Person_886,male,43.054088193365345,1,1,TCK91662,12.828830862619006,,S
888,1,2,Person_887,male,24.188595954512827,0,3,TCK10005,5.0,,S
889,1,3,Person_888,female,39.80980856968817,3,4,TCK17038,42.77278757477361,C141,S
890,0,3,Person_889,female,69.40516222261574,4,2,TCK16414,11.939181899139637,C141,S
891,0,1,Person_890,female,28.539200898183513,0,3,TCK97659,11.68033736459339,,S
892,0,2,Person_891,female,35.50629870007453,0,0,TCK79506,6.698358874046459,,S
893,0,3,Person_892,male,19.66720082874052,2,0,TCK86586,10.511088056408415,,S
894,0,2,Person_893,female,32.537516276428704,1,3,TCK12606,5.0,C141,S
895,1,3,Person_894,female,36.44380274975225,2,3,TCK26482,56.07840591581168,C141,S
896,1,3,Person_895,female,32.727792763781935,1,4,TCK81873,25.65784330945325,,S
897,1,3,Person_896,male,15.724265524076007,2,3,TCK43948,41.222578314382794,C141,S
898,1,1,Person_897,female,,0,2,TCK99987,50.66178483844778,,S
899,0,2,Person_898,male,50.47074314204691,3,4,TCK30875,179.65040300218865,,S
900,0,3,Person_899,female,36.280900703203386,1,1,TCK23057,5.0,,S
901,0,3,Person_900,male,43.46782064700577,4,2,TCK42400,27.05717031270781,,Q
902,1,1,Person_901,male,26.681832419823213,4,4,TCK81458,14.111377672983405,C141,C
903,1,3,Person_902,female,,0,4,TCK78607,32.38115835213133,,C
904,0,1,Person_903,male,33.90974973503136,2,0,TCK97561,126.58249490274474,,S
905,0,3,Person_904,male,16.68724978437875,2,4,TCK37503,64.36487024597636,,S
906,1,2,Person_905,female,,0,2,TCK33765,54.22801210974421,,S
907,1,3,Person_906,female,16.116246711835654,4,3,TCK56612,29.10228765463231,,C
908,0,2,Person_907,female,21.139676151612914,4,2,TCK94335,55.601976351976276,,S
909,0,2,Person_908,male,32.650596302093234,2,1,TCK91748,5.0,,S
910,1,1,Person_909,male,34.16141982732174,1,4,TCK19428,44.123298694297254,C141,S
911,0,2,Person_910,male,13.350745488920193,3,4,TCK41419,40.34677358459213,C141,S
912,0,3,Person_911,female,44.755800796560266,1,4,TCK75195,21.281383053675114,,Q
913,0,3,Person_912,male,,4,4,TCK83695,11.25190007161642,,C
914,1,2,Person_913,male,20.133801901447626,1,0,TCK99846,82.39738717601442,,C
915,1,2,Person_914,male,8.473812849711546,3,0,TCK49142,5.0,C141,S
916,1,3,Person_915,male,27.971335892859962,1,3,TCK81540,5.0,,C
917,1,3,Person_916,male,23.756788005943758,1,4,TCK48289,29.037530761389746,,S
918,1,3,Person_917,male,31.58396639874232,1,1,TCK86948,14.554697475092151,,Q
919,1,2,Person_918,male,24.916366743822067,1,3,TCK68951,68.41337400720762,C141,S
920,1,2,Person_919,female,,0,4,TCK21755,50.282070816629506,,S
921,0,3,Person_920,female,24.56314286378378,4,0,TCK94553,74.03790011481742,,S
922,0,1,Person_921,female,25.72133244504362,3,1,TCK13890,19.62835404703839,,S
923,0,3,Person_922,male,,4,3,TCK27175,67.45357820398414,,C
924,0,2,Person_923,male,20.225204555445302,0,1,TCK84727,99.13506870392459,C141,Q
925,0,3,Person_924,female,53.50144542721593,0,4,TCK75687,,,S
926,0,1,Person_925,male,3.2370322908754012,0,2,TCK94983,20.767880484682717,C141,S
927,0,3,Person_926,female,48.356344969236744,0,1,TCK98287,115.10496250495417,,S
928,1,2,Person_927,male,26.859534407706533,1,1,TCK34288,5.0,C141,C
929,1,3,Person_928,male,42.03418821280979,4,0,TCK56629,21.55371759939189,,S
930,0,1,Person_929,female,,2,4,TCK57800,6.316298823214303,C141,S
931,0,3,Person_930,female,45.953777504356566,3,1,TCK47367,5.0,,S
932,1,3,Person_931,female,24.576932496260643,0,4,TCK87810,5.988154476125868,,S
933,0,3,Person_932,female,14.61931404751063,4,0,TCK87754,28.215345431088384,C141,C
934,0,3,Person_933,female,49.88706002179488,0,4,TCK99328,58.07058721929248,,S
935,1,3,Person_934,male,28.411270957650025,0,0,TCK78513,17.07400747647947,,S
936,0,3,Person_935,male,33.10181863073895,0,0,TCK92762,94.74788534843943,,C
937,1,2,Person_936,male,47.28652679662713,0,3,TCK39022,28.778486411793907,C141,S
938,0,3,Person_937,female,15.552626610677912,0,4,TCK79329,172.45857420977012,,S
939,1,2,Person_938,female,38.3368725669496,3,2,TCK69414,154.12518699571478,C141,S
940,1,1,Person_939,female,21.74147340951953,4,3,TCK11659,74.20114211967565,,S
941,1,1,Person_940,female,28.149629020978793,0,0,TCK67941,134.71143015913097,,S
942,0,2,Person_941,female,31.011905515380043,0,2,TCK47930,61.395531436219706,,Q
943,1,3,Person_942,female,,0,1,TCK53473,112.9682300542524,,C
944,0,3,Person_943,male,19.096281400513913,0,1,TCK65598,13.49038655171089,,C
945,0,3,Person_944,male,48.91502049378395,1,3,TCK26040,21.188088810042625,,Q
946,0,3,Person_945,male,42.406676640187136,1,2,TCK79806,69.90419244226761,,S
947,0,2,Person_946,male,29.12304591741871,2,4,TCK23286,,C141,S
948,1,1,Person_947,male,33.4037284191805,0,2,TCK79139,90.80079474912613,,S
949,1,2,Person_948,female,,2,3,TCK65916,105.03892688370425,,C
950,0,2,Person_949,female,48.99216740159175,3,4,TCK27600,17.814428409638825,,S
951,0,1,Person_950,female,27.195063910881707,2,4,TCK12291,86.70778671495897,,S
952,1,2,Person_951,female,33.245789289887874,4,1,TCK23123,8.377417266069234,,S
953,0,3,Person_952,female,46.04442201798891,1,2,TCK13811,20.33805073689166,,S
954,1,3,Person_953,female,19.116799212157307,1,4,TCK88883,36.48692260296956,,S
955,0,3,Person_954,male,51.82304858295652,0,3,TCK41276,12.837845293195624,,C
956,0,3,Person_955,female,8.573540263592726,0,1,TCK64145,43.28794112538643,,S
957,1,3,Person_956,female,52.81498983557918,3,4,TCK56619,43.219921444124815,,Q
958,0,2,Person_957,female,24.782541824672357,3,2,TCK91049,11.590480597239859,,S
959,1,3,Person_958,female,26.602217530446055,4,1,TCK80678,79.39393577517498,,C
960,0,3,Person_959,male,3.5398576034388007,0,2,TCK98782,,,Q
961,0,1,Person_960,male,23.6328739567123,0,2,TCK36714,19.11872598843558,,Q
962,0,2,Person_961,female,15.44270856562362,3,2,TCK65685,13.210308913053387,,S
963,1,3,Person_962,male,21.492951164771384,3,1,TCK22194,105.49509470959752,C141,S
964,0,2,Person_963,male,28.077646478955685,3,4,TCK83062,90.31592047439018,,S
965,0,3,Person_964,female,43.40908260262068,1,0,TCK74037,13.052700027523628,,S
966,0,3,Person_965,female,32.90644691960876,2,4,TCK29362,5.0,,S
967,0,1,Person_966,female,34.307473147615596,2,1,TCK64499,81.61808218007941,,Q
968,1,2,Person_967,female,14.662728556162127,0,0,TCK56281,47.79168703241014,,S
969,1,2,Person_968,female,17.669442745561778,1,0,TCK72813,5.317051368643804,,S
970,0,1,Person_969,male,55.18215025691836,3,0,TCK54852,44.25876948868355,C141,S
971,1,1,Person_970,female,19.70718551331455,0,3,TCK57836,30.090670753087455,,C
972,0,3,Person_971,female,53.18691552880214,1,1,TCK14595,74.48291633248304,,Q
973,0,2,Person_972,female,26.59714321566787,4,3,TCK25402,,,S
974,0,3,Person_973,male,30.032031106009057,1,0,TCK75283,30.179653514211303,,S
975,1,2,Person_974,female,44.98511224321902,0,3,TCK98131,8.494603055914778,,C
976,1,3,Person_975,female,47.80649390714119,2,3,TCK52723,157.94460313656663,,S
977,1,2,Person_976,female,28.448624156092777,3,1,TCK61322,75.42042342524073,,S
978,1,2,Person_977,male,24.564597250698455,4,2,TCK56764,66.72731954092039,,C
979,1,3,Person_978,female,29.217113720689017,1,3,TCK34911,58.592493258893306,,Q
980,1,3,Person_979,female,,0,3,TCK29405,,C141,S
981,1,1,Person_980,female,42.47825161617658,0,0,TCK68122,128.38121680849778,,S
982,1,3,Person_981,male,30.05921802591812,3,0,TCK99756,5.0,,S
983,1,2,Person_982,female,38.66440817232415,0,0,TCK13447,81.29337501957941,C141,S
984,0,2,Person_983,female,52.937036251793174,0,4,TCK63143,12.118403958844041,C141,S
985,1,1,Person_984,female,35.33833457170699,3,3,TCK72906,19.58017791411171,C141,S
986,1,1,Person_985,male,34.3631399840669,4,0,TCK20662,36.63909078095408,,S
987,1,3,Person_986,female,8.73524844873905,2,1,TCK73001,76.31346885246364,C141,S
988,1,2,Person_987,female,0.0,2,4,TCK68282,91.17331530726022,,S
989,1,2,Person_988,female,,1,2,TCK14899,,,S
990,1,3,Person_989,male,28.67246076206779,4,3,TCK38582,25.794880640410994,,S
991,1,3,Person_990,male,22.793042551193615,1,3,TCK77471,146.40594429887602,C141,S
992,1,1,Person_991,female,33.40942285860883,2,1,TCK52213,,,S
993,1,3,Person_992,male,29.154347791243286,3,2,TCK85871,81.2515873066052,,S
994,1,1,Person_993,male,45.788923508874575,0,2,TCK93205,47.34389189339105,,C
995,1,3,Person_994,male,31.20555215562569,2,4,TCK84081,23.65201310842514,,S
996,0,3,Person_995,female,19.54307400901765,4,3,TCK93805,5.0,C141,Q
997,0,3,Person_996,female,43.862327345430046,2,0,TCK47830,29.583647457962485,,S
998,1,1,Person_997,male,26.960164950753164,4,1,TCK17066,16.197942657751625,,S
999,1,1,Person_998,male,37.3715135714123,4,1,TCK20712,5.510089304027265,C141,S
1000,0,2,Person_999,male,23.316250113300793,4,1,TCK91527,5.0,,S
1001,1,2,Person_1000,female,,1,1,TCK75365,21.351676714836195,,C
1002,0,2,Person_1001,female,31.178355222599745,3,0,TCK97185,47.694099202301835,,Q
1003,0,3,Person_1002,male,30.17960100961159,2,0,TCK40806,90.85980740302134,C141,Q
1004,0,2,Person_1003,male,36.71757849513566,3,4,TCK22210,10.14029140861062,C141,S
1005,0,2,Person_1004,male,26.238959453663604,0,3,TCK46972,27.63831247328748,,S
1006,0,3,Person_1005,male,4.290963027214438,2,0,TCK44136,24.87541308468466,,S
1007,1,2,Person_1006,female,23.94116562976256,3,4,TCK54297,,,S
1008,0,3,Person_1007,male,41.11345854001342,3,2,TCK25945,82.92806519338616,,S
1009,1,1,Person_1008,female,25.83673489059651,0,3,TCK52477,,,C
1010,1,2,Person_1009,male,26.55063236479633,4,0,TCK89180,93.75322150163274,,Q
1011,0,1,Person_1010,male,43.80927108268312,2,2,TCK80453,36.547827138058416,C141,S
1012,0,1,Person_1011,male,20.032374818375082,2,4,TCK95404,46.29778502648493,,S
1013,1,3,Person_1012,male,8.400754944599406,0,0,TCK87413,,,S
1014,0,1,Person_1013,male,27.751164326643078,4,0,TCK23224,86.60728469659831,,S
1015,0,3,Person_1014,female,23.22156468251768,2,2,TCK13052,,,S
1016,1,2,Person_1015,male,16.47255152345444,2,0,TCK37272,50.96391688375243,C141,Q
1017,1,2,Person_1016,male,27.54470161741833,2,1,TCK51150,85.95774216768777,,S
1018,0,3,Person_1017,male,36.88107906145497,4,0,TCK27316,5.0,,S
1019,1,1,Person_1018,female,29.86996013805058,0,3,TCK63389,118.28250245631773,,S
1020,0,3,Person_1019,female,34.29773501760733,2,2,TCK73332,10.46974165644803,,S
1021,0,3,Person_1020,female,,3,3,TCK17240,14.820699400325607,,Q
1022,0,3,Person_1021,female,25.199695938194104,4,4,TCK78774,,C141,S
1023,1,3,Person_1022,male,33.896880885025375,1,3,TCK53175,168.1952488838662,,Q
1024,1,1,Person_1023,male,22.871012923612117,0,1,TCK10565,95.53081576295158,,S
1025,1,2,Person_1024,male,18.15096392158238,3,1,TCK97298,122.19856504109443,,C
1026,1,2,Person_1025,female,,2,3,TCK81094,93.9365608897863,C141,S
1027,1,3,Person_1026,male,23.29737999869636,1,4,TCK26375,32.65120457210283,C141,S
1028,0,3,Person_1027,male,35.03266116565976,0,0,TCK35710,128.90503001919166,,C
1029,0,2,Person_1028,female,62.8870610138106,4,1,TCK59895,174.45689293288592,,C
1030,0,3,Person_1029,female,19.975391892138234,1,3,TCK86639,,C141,C
1031,0,1,Person_1030,female,24.167245721383523,1,3,TCK25174,9.656474512684364,C141,S
1032,1,3,Person_1031,male,,3,3,TCK97329,53.73832010729812,C141,Q
1033,0,2,Person_1032,male,35.54118388193646,0,0,TCK37597,,C141,Q
1034,1,3,Person_1033,female,33.68971136736699,3,2,TCK84289,102.84365082057208,,S
1035,0,3,Person_1034,male,47.977341115273646,3,4,TCK48397,98.95815933005392,,Q
1036,1,2,Person_1035,female,0.0,2,2,TCK81854,135.76735051451837,C141,S
1037,1,1,Person_1036,female,0.0,4,4,TCK43069,112.19329570556911,C141,S
1038,0,1,Person_1037,male,,1,4,TCK95687,74.86837235034714,,S
1039,0,2,Person_1038,female,45.36220262561192,0,3,TCK50274,,,Q
1040,0,2,Person_1039,female,8.080927557521651,4,1,TCK84237,15.37840297575777,C141,S
1041,0,3,Person_1040,female,0.0,4,3,TCK82498,48.555831537407315,,S
1042,1,3,Person_1041,male,37.996511687068924,0,0,TCK48197,36.8537644641398,C141,S
1043,0,3,Person_1042,female,33.411201131838,4,4,TCK58634,99.004827119913,,S
1044,0,1,Person_1043,female,14.737082304807984,2,1,TCK40041,33.83540955959265,,S
1045,1,3,Person_1044,female,16.20244558990698,4,4,TCK17248,,,S
1046,0,3,Person_1045,female,16.42358792511456,2,4,TCK95365,5.0,,C
1047,0,1,Person_1046,female,31.547494444635163,1,3,TCK12203,56.64048876189266,,Q
1048,0,3,Person_1047,female,21.2315861334379,1,1,TCK61986,,,C
1049,0,3,Person_1048,female,36.91689486565728,3,1,TCK35370,20.09578855008524,,C
1050,0,1,Person_1049,male,0.0,2,4,TCK45247,9.254598544755552,C141,S
1051,1,2,Person_1050,male,18.00407388821081,1,1,TCK85922,31.43499465456776,,S
1052,0,2,Person_1051,female,,4,1,TCK10434,5.283943454061999,,S
1053,0,1,Person_1052,male,26.41123050278511,0,3,TCK72982,20.481826511805753,,S
1054,0,3,Person_1053,male,22.46733138113806,0,2,TCK75180,23.838274457799592,,Q
1055,0,3,Person_1054,female,41.16981291854073,2,0,TCK44474,31.332282011354177,,S
1056,0,3,Person_1055,male,3.969285196759195,3,2,TCK34644,31.426128594417502,,Q
1057,1,2,Person_1056,female,,4,1,TCK48493,,,S
1058,0,2,Person_1057,female,37.816709924963874,2,4,TCK93824,94.92637595053476,,C
1059,1,3,Person_1058,female,55.99306411186737,0,0,TCK13959,21.96739813854137,,S
1060,1,3,Person_1059,female,23.255276404691347,2,0,TCK57289,13.041447261687283,C141,S
1061,0,1,Person_1060,female,34.54242046093524,4,4,TCK21143,,,C
1062,0,3,Person_1061,male,4.745920904126891,1,0,TCK49593,19.473072218370223,C141,S
1063,0,3,Person_1062,female,0.0,4,4,TCK49115,5.0,C141,C
1064,0,2,Person_1063,male,41.826841260943795,1,0,TCK32540,5.0,C141,S
1065,1,1,Person_1064,female,29.922155888927012,1,2,TCK45481,46.461478539982544,C141,S
1066,0,3,Person_1065,female,46.499177657177924,1,0,TCK87097,48.26710811498835,,Q
1067,0,2,Person_1066,female,10.772359554423513,2,3,TCK32578,37.70734016433994,,S
1068,0,2,Person_1067,male,37.278629953402536,0,4,TCK22787,71.8341811569145,,C
1069,0,1,Person_1068,female,56.16344976761394,2,0,TCK82048,5.0,C141,S
1070,0,2,Person_1069,female,35.87587851700172,0,4,TCK62879,137.42260498240347,,S
1071,0,3,Person_1070,female,33.87214107827468,4,3,TCK20596,5.0,C141,S
1072,1,3,Person_1071,female,30.119785131540898,3,0,TCK70669,56.04642175264048,,S
1073,1,2,Person_1072,male,8.00765960023723,4,0,TCK29930,7.158691677188342,C141,S
1074,0,3,Person_1073,female,48.97802109994487,2,3,TCK57950,105.97378953923007,,S
1075,0,3,Person_1074,male,21.44799304272908,2,3,TCK28687,35.740331803149,,S
1076,0,3,Person_1075,female,37.062765589362236,0,3,TCK62833,5.0,C141,S
1077,1,2,Person_1076,male,8.117519708002451,2,4,TCK45989,47.950010837027435,,S
1078,0,2,Person_1077,male,13.487564696891074,1,3,TCK40183,5.0,C141,S
1079,1,3,Person_1078,female,50.091223589111294,2,4,TCK30758,74.81041214614741,,S
1080,0,3,Person_1079,female,,0,2,TCK11082,52.574745662372955,C141,S
1081,0,1,Person_1080,male,50.34585666459562,0,0,TCK55891,11.95251663605028,,S
1082,0,1,Person_1081,female,28.90477077318075,1,0,TCK55810,23.48025872605569,C141,S
1083,0,2,Person_1082,female,4.213431178589996,0,1,TCK56901,5.0,C141,S
1084,1,3,Person_1083,female,42.48894639624409,3,2,TCK93512,59.156871304640504,C141,Q
1085,1,3,Person_1084,male,21.741507551421492,4,3,TCK81062,19.47969652372434,,C
1086,0,2,Person_1085,female,39.78164338923861,2,3,TCK31563,42.383603304288414,C141,S
1087,0,1,Person_1086,female,30.35295214556115,3,2,TCK82008,157.01204528450546,,S
1088,1,3,Person_1087,female,8.396344808799814,2,3,TCK12775,,,C
1089,1,3,Person_1088,male,32.300126715187965,3,1,TCK25828,231.46230538607435,,S
1090,1,2,Person_1089,female,60.74712399013919,2,4,TCK27974,50.082680601931315,C141,C
1091,1,3,Person_1090,male,36.90181041920243,1,0,TCK32388,13.859443708659382,,Q
1092,0,3,Person_1091,female,29.194751457923516,0,2,TCK90591,28.704060235281297,C141,S
1093,1,2,Person_1092,male,45.05480762739657,0,0,TCK28615,67.44089733850235,C141,S
1094,0,3,Person_1093,female,32.94935851284355,1,4,TCK47886,29.57268068891385,,C
1095,1,2,Person_1094,female,32.93347922367912,3,2,TCK32838,5.0,C141,Q
1096,1,3,Person_1095,male,14.717247589772564,4,4,TCK50728,9.232432802467015,,S
1097,1,3,Person_1096,male,33.27387236105438,3,3,TCK88000,,C141,S
1098,1,3,Person_1097,male,44.49620782983723,0,3,TCK62798,52.25922698234583,,S
1099,1,3,Person_1098,female,18.295129870599656,4,3,TCK82776,42.17821429833351,,S
1100,0,2,Person_1099,female,49.94294149745727,2,4,TCK80478,9.173428963964191,,C
1101,0,3,Person_1100,female,,4,4,TCK29622,90.93314062942576,,Q
1102,1,3,Person_1101,female,,3,4,TCK23536,161.8775940716466,,S
1103,1,1,Person_1102,male,43.96684907688342,1,0,TCK77136,,,C
1104,0,3,Person_1103,female,25.98488069966423,2,4,TCK15700,5.0,,S
1105,1,3,Person_1104,female,40.63320842480551,3,3,TCK48839,108.02151960991398,,S
1106,1,2,Person_1105,female,25.91537914838048,2,1,TCK20248,84.51945376510784,,S
1107,0,3,Person_1106,female,29.16243399058135,4,4,TCK55291,48.10815513314876,C141,S
1108,1,3,Person_1107,female,36.90984286068008,0,1,TCK92629,144.9894864922735,,S
1109,1,2,Person_1108,female,34.07255880626008,3,3,TCK94891,51.98377140898306,C141,S
1110,0,3,Person_1109,female,2.062555073675661,1,4,TCK27177,12.16637389254115,,C
1111,0,1,Person_1110,male,,4,0,TCK29483,65.21587448204342,,C
1112,0,2,Person_1111,female,43.01173978707142,3,0,TCK53815,51.882023261923,,S
1113,1,1,Person_1112,female,28.150087755378337,1,1,TCK48533,212.53133262969646,,S
1114,0,3,Person_1113,female,22.667761761200097,3,0,TCK10026,12.033292221381469,,S
1115,0,3,Person_1114,female,10.97996378639536,4,0,TCK70611,45.5508501682394,,Q
1116,0,1,Person_1115,male,14.883691502138122,3,0,TCK97242,75.74447436754473,C141,S
1117,0,2,Person_1116,male,1.6948190405327352,2,3,TCK34660,20.698792800280756,C141,S
1118,0,3,Person_1117,male,28.582069938178538,4,0,TCK65103,23.875956649221212,,S
1119,0,1,Person_1118,male,21.621873871865343,3,2,TCK62253,109.41901740211205,C141,S
1120,1,3,Person_1119,male,16.467769526205586,0,4,TCK52082,25.89208222978387,,S
1121,1,3,Person_1120,male,29.046272047648657,3,0,TCK26258,49.00585558497632,,C
1122,0,3,Person_1121,female,35.095588831938336,2,0,TCK99690,110.01863827127671,,C
1123,0,3,Person_1122,male,59.30477105093922,1,0,TCK25389,11.775142126786992,C141,S
1124,0,2,Person_1123,male,,1,2,TCK37685,200.5294890792055,,S
1125,1,3,Person_1124,female,46.23133460620731,1,0,TCK69220,60.52529391789479,C141,S
1126,1,3,Person_1125,male,,0,0,TCK37195,34.271024834798226,,Q
1127,1,3,Person_1126,female,19.09270164872619,2,4,TCK31797,28.18676244448774,,S
1128,1,1,Person_1127,female,32.84530336420443,4,2,TCK81310,154.35359443134183,C141,S
1129,1,3,Person_1128,male,23.593134509273387,1,2,TCK76332,11.516265647531041,,S
1130,1,2,Person_1129,female,32.599640125862344,2,0,TCK72907,18.675308225048106,,S
1131,1,1,Person_1130,male,51.12783418766371,3,2,TCK17188,18.393494099954374,,S
1132,1,1,Person_1131,male,38.47848725683838,0,1,TCK33696,,,S
1133,1,3,Person_1132,female,,2,2,TCK12024,31.606183230035732,,S
1134,0,3,Person_1133,female,23.97566952063501,2,2,TCK83202,226.3144072791059,,S
1135,0,3,Person_1134,male,9.223206691059307,4,2,TCK45985,109.8152949947774,,S
1136,0,3,Person_1135,female,27.08144505243429,2,3,TCK16584,19.871094706711883,,S
1137,0,1,Person_1136,female,,4,3,TCK37044,27.48439675425608,,S
1138,1,3,Person_1137,male,8.619650007744934,0,3,TCK15285,,,S
1139,1,1,Person_1138,male,15.228748845526269,0,2,TCK73115,5.0,,S
1140,0,3,Person_1139,female,31.767748307276953,3,1,TCK17370,85.78262260156444,,Q
1141,1,3,Person_1140,male,16.214833012138328,4,2,TCK27903,105.92910474405912,,S
1142,0,3,Person_1141,male,18.904671740387023,4,0,TCK42499,97.31562851438076,,S
1143,1,3,Person_1142,male,24.06961985580552,1,1,TCK32995,23.504532602448386,C141,S
1144,0,2,Person_1143,male,10.88135634133791,1,3,TCK45200,30.994790157043067,C141,S
1145,1,2,Person_1144,male,16.362294152970843,3,4,TCK98377,5.0,,S
1146,1,3,Person_1145,male,39.84799083502232,0,1,TCK80402,,,C
1147,0,2,Person_1146,male,11.696823048766504,1,3,TCK23566,30.848843187695984,C141,S
1148,1,2,Person_1147,female,7.629790117072272,2,1,TCK47822,118.74397027034797,,S
1149,0,2,Person_1148,male,,0,1,TCK61222,112.20999531608477,,C
1150,0,3,Person_1149,female,40.247377035137845,2,2,TCK60668,169.212683163466,,Q
1151,0,2,Person_1150,female,27.243094688043545,4,0,TCK73853,108.18682407045574,,Q
1152,0,1,Person_1151,female,23.495864906381343,0,4,TCK64643,5.0,,C
1153,1,3,Person_1152,male,,3,3,TCK32333,51.28587131943798,,Q
1154,1,3,Person_1153,male,5.560095939964871,4,1,TCK25958,5.0,C141,S
1155,1,1,Person_1154,female,36.925879152850456,4,4,TCK62442,15.913544580358838,,S
1156,0,2,Person_1155,male,35.36809043965102,2,1,TCK30954,43.1739605284598,,S
1157,1,1,Person_1156,female,24.269681362659902,4,0,TCK85174,,,C
1158,0,2,Person_1157,male,44.08294316514983,1,4,TCK19675,53.157241940537645,,Q
1159,1,2,Person_1158,male,14.215054614657458,0,3,TCK99590,,,S
1160,1,3,Person_1159,female,45.79072590554997,1,1,TCK41661,5.468642692678124,,S
1161,1,3,Person_1160,female,32.162911318333514,2,0,TCK74289,6.8819516107656575,,C
1162,0,3,Person_1161,female,25.28826374170557,2,4,TCK27184,5.0,,Q
1163,1,2,Person_1162,male,,0,1,TCK57963,,,S
1164,1,3,Person_1163,female,,4,1,TCK35822,58.315837415067264,C141,Q
1165,0,2,Person_1164,male,47.08396054984804,3,3,TCK72303,88.8447008281993,,S
1166,1,3,Person_1165,male,14.926492215405812,2,0,TCK86465,,C141,S
1167,0,3,Person_1166,male,19.324730651947625,0,2,TCK15267,59.00980395460119,,S
1168,1,1,Person_1167,female,,3,1,TCK62647,11.158193905154032,,S
1169,0,3,Person_1168,female,21.66251090742597,4,4,TCK72814,181.11743026163958,,S
1170,0,2,Person_1169,female,42.60746308264228,2,3,TCK46025,21.538955255571825,,C
1171,1,3,Person_1170,male,53.79210376212193,0,3,TCK87605,,,C
1172,0,1,Person_1171,male,24.37486962281713,0,1,TCK10981,145.35528499512532,C141,C
1173,0,1,Person_1172,female,39.53907257205427,0,1,TCK53436,100.01819742524083,C141,S
1174,0,3,Person_1173,male,13.84830806124198,2,1,TCK28472,5.0,,S
1175,0,2,Person_1174,male,40.56626617294933,3,2,TCK29336,52.535005105734896,,S
1176,0,3,Person_1175,female,32.79193580381474,0,1,TCK35587,6.396822623601736,,S
1177,0,2,Person_1176,female,36.62253595024301,4,0,TCK87192,5.0,,S
1178,1,3,Person_1177,female,20.96199099150447,0,4,TCK94046,5.0,,S
1179,0,3,Person_1178,male,6.744832182059586,3,1,TCK63013,123.93581037697426,,S
1180,0,3,Person_1179,male,37.04552890649307,2,2,TCK94511,119.55088174641433,,C
1181,1,2,Person_1180,male,1.1123558652876362,0,4,TCK19665,12.79782709670578,,S
1182,1,2,Person_1181,male,25.557093108604512,0,3,TCK37097,39.59991473180263,,Q
1183,1,1,Person_1182,male,43.176546129879576,4,1,TCK62474,155.08605184359863,,S
1184,1,2,Person_1183,female,32.686568302222504,4,4,TCK81973,34.329052214301655,,Q
1185,1,3,Person_1184,male,57.276797027057384,0,3,TCK35185,25.008943452304322,C141,S
1186,1,3,Person_1185,male,44.35152813614483,0,2,TCK85911,33.00967765877541,,S
1187,1,3,Person_1186,male,,4,0,TCK40484,78.08378562002213,C141,S
1188,0,3,Person_1187,female,,3,1,TCK55610,32.435240100488265,C141,C
1189,0,3,Person_1188,female,29.336810164377898,1,0,TCK60807,76.45691910612442,C141,S
1190,1,3,Person_1189,female,,1,2,TCK60907,,C141,S
1191,0,2,Person_1190,male,16.834415169219056,0,4,TCK67389,14.517994143490078,,C
1192,0,3,Person_1191,female,22.149347302281956,4,4,TCK35835,19.76133968521947,C141,S
1193,0,3,Person_1192,female,,2,2,TCK63790,5.0,,S
1194,1,3,Person_1193,female,30.664908555523002,2,2,TCK86960,34.39615692393087,,S
1195,1,1,Person_1194,male,26.51299417485743,1,1,TCK19643,,C141,S
1196,0,2,Person_1195,female,6.579485381637962,3,3,TCK85846,83.44533368340477,C141,S
1197,1,2,Person_1196,male,35.65898011388265,1,0,TCK28951,27.28729627481626,C141,S
1198,0,3,Person_1197,male,40.02221842567343,0,0,TCK25233,,C141,S
1199,0,3,Person_1198,female,33.17848270410845,3,4,TCK23200,154.45868032953663,C141,S
1200,0,2,Person_1199,male,25.463045547074415,2,4,TCK62275,94.68228459959752,C141,C
1201,0,3,Person_1200,female,38.28019012452597,4,1,TCK97084,151.27214450413135,C141,S
1202,1,1,Person_1201,male,39.52308504667367,4,2,TCK86068,41.95913864954956,,S
1203,1,2,Person_1202,female,,0,0,TCK99001,9.035608666160526,C141,S
1204,1,1,Person_1203,female,18.455428493913345,1,1,TCK31291,136.97391207096965,C141,S
1205,0,3,Person_1204,female,33.87241071715653,0,4,TCK52448,101.43909082451641,,S
1206,1,3,Person_1205,male,46.736729111556706,4,4,TCK40580,99.90708561968754,,S
1207,0,2,Person_1206,female,21.647193179435778,2,0,TCK31346,59.09009157581229,,S
1208,1,3,Person_1207,male,59.37115074785404,4,4,TCK20619,49.03029885512629,,Q
1209,0,2,Person_1208,female,22.64116692420462,3,4,TCK11766,5.0,C141,S
1210,0,3,Person_1209,male,30.45369818676191,4,3,TCK13549,68.92703871827267,,S
1211,0,3,Person_1210,male,20.58520165591129,4,2,TCK28693,5.0,,S
1212,1,3,Person_1211,female,33.12579170288365,3,4,TCK72019,15.038428828874755,,S
1213,1,1,Person_1212,female,5.60889630310615,1,3,TCK58328,40.09124798523789,C141,C
1214,1,3,Person_1213,female,22.355414816565904,4,1,TCK87701,30.04960636283268,C141,S
1215,1,3,Person_1214,female,14.710303195120058,0,4,TCK99100,5.0,C141,S
1216,0,2,Person_1215,female,31.89473687049207,4,1,TCK35301,86.85931961933251,,S
1217,1,3,Person_1216,male,43.922263257124705,0,4,TCK54763,105.51605551887802,,S
1218,1,2,Person_1217,female,39.04408661960372,3,0,TCK30765,57.26522136240013,,S
1219,0,3,Person_1218,female,0.0,4,3,TCK54787,,,S
1220,0,1,Person_1219,male,,3,3,TCK17425,161.87470228935672,C141,S
1221,0,3,Person_1220,female,34.13391916869216,3,0,TCK22857,6.389180441277932,,S
1222,1,3,Person_1221,female,19.129012033097997,1,2,TCK62771,66.95337637575479,,S
1223,0,1,Person_1222,male,32.19979086587317,4,3,TCK32444,6.868974375271049,,S
1224,0,2,Person_1223,female,32.466657515037696,0,1,TCK51457,24.050785931264414,,S
1225,0,1,Person_1224,female,20.66411796267811,0,3,TCK89741,44.032246638968516,C141,S
1226,1,2,Person_1225,female,32.770833342789054,4,2,TCK10704,66.79673631867125,,Q
1227,0,2,Person_1226,male,21.4953879733157,1,1,TCK15452,5.0,C141,S
1228,1,3,Person_1227,female,24.338932102339683,1,1,TCK48862,15.095668695578675,,Q
1229,1,2,Person_1228,male,20.392092099428815,1,0,TCK71471,,,S
1230,0,2,Person_1229,female,9.94260194364486,0,4,TCK79217,38.05777817946929,,C
1231,0,3,Person_1230,male,32.04171058301537,3,0,TCK96058,50.75398257930358,,S
1232,1,1,Person_1231,female,,1,4,TCK28300,18.109763422854886,C141,S
1233,0,3,Person_1232,male,37.20837034506921,0,0,TCK19566,38.883999886524954,,C
1234,0,3,Person_1233,male,41.47895353689328,0,4,TCK17501,,,C
1235,1,3,Person_1234,male,34.540762940208154,3,3,TCK11845,,,S
1236,1,3,Person_1235,male,22.54184302496335,4,1,TCK49181,42.967640576668884,,S
1237,0,3,Person_1236,male,41.75529410203664,4,4,TCK67263,57.834201833680176,C141,S
1238,1,1,Person_1237,male,10.994754442212908,1,3,TCK88766,,,Q
1239,0,1,Person_1238,female,,1,2,TCK73038,6.550437538378598,,S
1240,0,2,Person_1239,female,16.501199000074575,3,0,TCK93290,41.6552666270993,C141,S
1241,0,3,Person_1240,male,45.120784827950345,1,2,TCK44404,15.742096047737695,,C
1242,1,1,Person_1241,male,,3,3,TCK32564,24.911851535621228,,C
1243,0,3,Person_1242,male,36.822273318629925,0,2,TCK67435,25.603690758942328,,S
1244,0,3,Person_1243,male,45.00701811296516,1,2,TCK28227,,,S
1245,0,3,Person_1244,female,17.690041046232167,0,3,TCK57475,5.0,C141,Q
1246,1,3,Person_1245,male,34.88033167805373,2,1,TCK27215,95.9177973352314,,S
1247,1,1,Person_1246,female,28.2475580026357,3,4,TCK81074,62.76365035751456,C141,C
1248,1,3,Person_1247,female,41.85634945438879,2,0,TCK31699,58.64608882875279,,S
1249,1,3,Person_1248,male,28.386860744269235,1,4,TCK22454,39.53856696996108,C141,S
1250,1,1,Person_1249,male,24.610799562258862,0,0,TCK58217,60.36051105179497,,S
1251,0,1,Person_1250,female,37.57271925985386,1,4,TCK31711,137.20074552681848,,S
1252,1,3,Person_1251,female,42.26636834067726,2,2,TCK25059,54.781896258199616,,C
1253,1,3,Person_1252,male,,1,1,TCK58398,15.400457193303579,,S
1254,1,3,Person_1253,male,29.144940601066736,4,2,TCK11286,42.26366825617309,C141,S
1255,0,3,Person_1254,male,15.181831129016862,2,1,TCK44297,29.198892685027765,C141,S
1256,1,3,Person_1255,female,0.0,1,3,TCK36485,,,S
1257,1,3,Person_1256,female,32.8064348397922,0,0,TCK69967,36.4501676575841,,S
1258,0,2,Person_1257,male,38.52467498756485,1,0,TCK64583,97.87014677234404,,S
1259,1,2,Person_1258,female,33.66893532721416,0,3,TCK61630,52.74892742747457,C141,S
1260,0,2,Person_1259,female,2.70613595143886,4,4,TCK37086,10.459473073825357,C141,C
1261,0,3,Person_1260,male,25.088107978929358,1,3,TCK26484,5.0,,C
1262,0,3,Person_1261,male,0.0,4,3,TCK78623,,C141,S
1263,0,3,Person_1262,female,49.17581550715859,2,1,TCK69263,5.0,C141,S
1264,0,2,Person_1263,female,14.795235850346796,0,3,TCK28675,19.158088292247403,,S
1265,1,3,Person_1264,male,47.575650532438544,2,0,TCK70664,22.94499280219904,C141,S
1266,0,3,Person_1265,male,43.24217501157804,0,2,TCK34680,23.54731359047734,,C
1267,0,3,Person_1266,male,17.391735064495137,4,1,TCK27077,194.00205687441348,,S
1268,1,3,Person_1267,male,,3,1,TCK48174,,,S
1269,0,2,Person_1268,male,34.90518302940873,1,4,TCK86968,15.409717260083427,,S
1270,1,3,Person_1269,female,18.179463479437004,4,2,TCK13491,6.927537344815049,,S
1271,1,1,Person_1270,female,31.434784990214904,0,1,TCK56126,35.7705429275554,,S
1272,1,2,Person_1271,female,23.240413728703142,0,3,TCK13392,8.34255063135289,C141,S
1273,0,2,Person_1272,female,5.063782197481132,0,1,TCK72257,47.89402510642668,,S
1274,0,3,Person_1273,male,0.0,0,1,TCK77804,8.430387850263198,,Q
1275,0,3,Person_1274,male,,1,1,TCK48400,42.980554978162004,,C
1276,1,3,Person_1275,male,22.138191551371243,2,4,TCK46551,,,C
1277,0,3,Person_1276,female,22.25674256320215,3,1,TCK38088,,,Q
1278,0,3,Person_1277,female,39.74209374731299,1,1,TCK90015,27.214551021503734,C141,S
1279,0,3,Person_1278,female,46.42819187285423,0,4,TCK35465,30.90652802362581,C141,C
1280,1,1,Person_1279,male,26.184373900934673,1,2,TCK58155,78.28831353564368,,S
1281,1,2,Person_1280,female,25.231618103261937,4,0,TCK97893,31.547660782274363,,S
1282,0,2,Person_1281,male,37.00200246359437,0,4,TCK15969,41.91278496426111,C141,C
1283,0,2,Person_1282,male,11.002902024205945,3,4,TCK18981,78.31993973857679,,S
1284,0,1,Person_1283,male,,0,1,TCK31032,41.02159114715206,,Q
1285,0,1,Person_1284,male,37.72640360551016,3,1,TCK64091,22.181673013905343,,S
1286,1,2,Person_1285,male,,3,0,TCK34408,,,C
1287,1,3,Person_1286,male,2.8854621649654923,2,1,TCK34241,65.45104427548732,C141,S
1288,1,2,Person_1287,female,19.34102622267483,2,3,TCK57940,102.45071899834556,C141,S
1289,1,2,Person_1288,male,17.704314460471466,1,1,TCK92938,175.43557242765925,,S
1290,0,1,Person_1289,male,31.39841736172898,1,1,TCK61105,130.5914859498716,C141,C
1291,0,3,Person_1290,female,36.73042411675178,3,3,TCK71050,79.83050430527338,,S
1292,0,2,Person_1291,male,50.953945704243736,0,0,TCK13657,51.567115539920515,,S
1293,1,2,Person_1292,female,23.07048327484698,4,3,TCK31230,76.03934410673551,C141,S
1294,0,3,Person_1293,female,23.033985023671008,4,4,TCK28680,28.289062645227876,,S
1295,1,1,Person_1294,female,46.09540826430246,0,3,TCK92694,45.165790420324,,S
1296,1,1,Person_1295,male,34.15207713942427,0,2,TCK94731,21.43923101919466,C141,S
1297,0,2,Person_1296,male,47.747121156631636,2,4,TCK52340,19.778898490826453,,C
1298,0,1,Person_1297,female,34.04219204213771,4,1,TCK45950,70.67131083388621,,S
1299,0,1,Person_1298,male,13.800367338014208,3,4,TCK88515,30.250660074021408,C141,S
1300,1,2,Person_1299,male,11.336203033110706,1,0,TCK17867,11.9230929228614,C141,S
1301,0,3,Person_1300,female,8.278828513174993,2,0,TCK90691,11.278459661685204,,S
1302,1,3,Person_1301,female,39.26872568661862,4,3,TCK88542,98.01092794267919,C141,S
1303,0,3,Person_1302,male,46.64035552321811,0,4,TCK14329,56.623010179872665,,C
1304,1,2,Person_1303,female,55.89106997940934,4,1,TCK98087,39.487978462910505,,S
1305,1,3,Person_1304,female,,3,0,TCK45865,25.6195704481006,C141,S
1306,0,2,Person_1305,female,46.279740085489806,2,1,TCK76940,28.177698313374854,C141,S
1307,1,1,Person_1306,male,21.879771342848414,0,2,TCK47869,5.0,,S
1308,1,3,Person_1307,male,,3,0,TCK76905,30.34023130533157,,S
1309,0,1,Person_1308,male,41.90111065384575,1,3,TCK93984,79.34834209235733,,S
1310,1,2,Person_1309,female,35.84753053135161,2,2,TCK99711,,,C
1311,0,3,Person_1310,male,31.504221240772495,3,4,TCK76252,24.191438078264753,,S
1312,1,3,Person_1311,female,35.42320072886186,3,1,TCK89386,5.0,,S
1313,0,2,Person_1312,male,34.52459675441488,0,0,TCK11711,,,S
1314,0,3,Person_1313,male,47.97343603794986,1,2,TCK35801,5.0,,S
1315,1,3,Person_1314,female,48.12979818743738,3,2,TCK97287,42.239151196399746,,Q
1316,1,1,Person_1315,male,37.619084932764856,2,0,TCK63270,35.3403406585519,C141,S
1317,1,2,Person_1316,female,41.841240215880994,3,4,TCK81622,91.63172917170644,,Q
1318,1,2,Person_1317,male,,4,4,TCK65535,,,S
1319,1,2,Person_1318,male,23.543623751515334,2,3,TCK86759,19.535772701036404,C141,S
1320,0,2,Person_1319,female,40.59190544878396,2,4,TCK26220,36.307388919469155,C141,S
1321,1,3,Person_1320,female,10.477069035970338,3,3,TCK23392,60.14972344426107,,S
1322,0,3,Person_1321,female,44.75448173214237,0,2,TCK95587,5.0,,S
1323,0,3,Person_1322,male,13.276678843275509,2,0,TCK12246,48.52072885500351,,S
1324,1,2,Person_1323,male,34.00124601512626,4,4,TCK30010,124.22110754561437,,S
1325,0,3,Person_1324,male,18.167844582033773,0,3,TCK78358,17.771664015482934,C141,S
1326,0,3,Person_1325,female,37.74744576304197,0,2,TCK27234,49.25861282753913,,S
1327,0,3,Person_1326,female,29.525046837009274,0,4,TCK59451,86.11058368506484,,S
1328,0,1,Person_1327,female,7.673416585713348,2,1,TCK85205,35.85216126219837,,C
1329,1,3,Person_1328,male,35.8897948342587,0,2,TCK31784,63.28878181408095,C141,S
1330,0,1,Person_1329,male,21.909109124342052,3,4,TCK39672,18.626450657264687,C141,C
1331,1,2,Person_1330,female,42.33605409138717,0,2,TCK11082,18.26837740697372,,S
1332,1,1,Person_1331,male,30.0185596422817,4,0,TCK21148,55.06840739790292,,S
1333,0,3,Person_1332,female,35.535893795432536,1,0,TCK37494,61.10834487584361,,S
1334,1,3,Person_1333,male,16.594034629787032,4,0,TCK85093,138.23872624769794,,S
1335,1,1,Person_1334,male,21.749348760016932,2,1,TCK61952,,C141,S
1336,1,2,Person_1335,female,23.579059094584817,0,0,TCK46719,31.576044425648785,,S
1337,0,2,Person_1336,male,41.99383472339578,0,1,TCK58737,14.418346890185774,C141,S
1338,1,2,Person_1337,male,53.483279229276846,3,0,TCK69453,5.0,,S
1339,1,1,Person_1338,female,,0,2,TCK49536,25.811219206397745,C141,C
1340,1,2,Person_1339,female,45.075874025207526,4,4,TCK60604,23.426695274007546,C141,S
1341,0,3,Person_1340,male,0.0,2,4,TCK60833,15.765280332100554,,S
1342,1,1,Person_1341,female,13.28134838470795,1,0,TCK24039,17.619555998543735,,S
1343,0,1,Person_1342,male,16.577101613385153,0,4,TCK77839,22.346537857671457,,C
1344,0,2,Person_1343,female,11.064878347829886,1,0,TCK57931,,,S
1345,0,3,Person_1344,male,7.8297625429738815,0,0,TCK49925,76.38316587500688,,S
1346,0,3,Person_1345,male,35.78198476992917,2,3,TCK61003,5.0,,Q
1347,0,3,Person_1346,female,27.00305223180994,4,3,TCK93817,102.94790887029535,C141,C
1348,0,2,Person_1347,male,35.311675566471536,2,3,TCK58897,50.16101375588623,,S
1349,1,3,Person_1348,male,39.666617605701184,1,1,TCK97745,110.63436766719693,C141,S
1350,0,1,Person_1349,female,33.718637904415466,0,3,TCK52287,20.905461999492754,C141,C
1351,1,3,Person_1350,female,39.20868446610523,1,0,TCK43012,31.229480906071977,C141,C
1352,1,3,Person_1351,male,29.02654799260823,4,2,TCK51783,113.2775004969127,,S
1353,0,3,Person_1352,female,13.382092563719574,2,3,TCK95727,15.912090772777848,,S
1354,1,3,Person_1353,female,44.80939853149115,1,3,TCK78315,,,S
1355,1,3,Person_1354,male,21.752430141064224,1,2,TCK93766,88.15851669592398,,S
1356,1,1,Person_1355,male,16.901651817326037,4,0,TCK56491,197.01582826275825,,S
1357,1,3,Person_1356,female,27.509149738738426,0,1,TCK98941,19.59716607188982,C141,S
1358,0,1,Person_1357,female,17.220647129848818,1,3,TCK68584,13.44322395841045,,Q
1359,1,3,Person_1358,female,,4,2,TCK22803,20.088614028265393,,C
1360,0,1,Person_1359,male,,0,0,TCK59625,154.6670301918259,C141,S
1361,1,1,Person_1360,male,34.87678434944578,0,4,TCK23698,20.253756411980582,,S
1362,1,2,Person_1361,male,17.43037907004119,2,1,TCK44560,41.64481544594258,,S
1363,0,2,Person_1362,male,23.172124778717574,4,2,TCK25376,25.84883200919763,C141,S
1364,1,2,Person_1363,male,45.04066206678341,0,2,TCK93654,25.227281255213796,,S
1365,1,3,Person_1364,male,36.94960164827518,2,2,TCK23117,10.745043901199447,,S
1366,1,1,Person_1365,male,59.050910550879586,3,3,TCK66381,38.51000170167458,,S
1367,0,1,Person_1366,female,46.521794432381384,4,4,TCK47956,94.6578108724894,C141,S
1368,1,3,Person_1367,female,46.02010295983915,3,1,TCK58786,5.0,,C
1369,0,2,Person_1368,male,10.569840293618775,0,0,TCK97778,110.01342742449984,,S
1370,1,3,Person_1369,male,40.69404492286792,4,0,TCK76480,54.751879048382165,,S
1371,0,3,Person_1370,male,29.25650477624325,2,4,TCK41695,47.95183304001707,,C
1372,0,3,Person_1371,female,22.286254750464508,0,2,TCK11511,49.16163801265881,,S
1373,1,3,Person_1372,male,32.3522147674554,4,2,TCK63233,17.56801430032116,,S
1374,1,2,Person_1373,female,43.23296148456077,4,2,TCK32502,26.819523871150807,,S
1375,0,3,Person_1374,female,37.011642274058964,3,2,TCK60010,80.294711411369,,Q
1376,0,2,Person_1375,female,17.70136678121116,0,2,TCK83905,18.291625691614247,,S
1377,1,2,Person_1376,female,,2,4,TCK56489,31.745820221611197,,S
1378,0,3,Person_1377,female,21.073774410936505,2,3,TCK93533,5.0,,S
1379,1,2,Person_1378,male,33.033563665500004,0,1,TCK91165,66.13000098549654,,S
1380,1,3,Person_1379,male,25.75309905532012,0,2,TCK41949,27.03866191084065,,S
1381,1,3,Person_1380,female,26.935872475701238,1,3,TCK78376,37.259803119074554,C141,S
1382,1,3,Person_1381,male,40.72740165056713,3,0,TCK89587,6.090832112891536,C141,Q
1383,0,3,Person_1382,female,15.437287922577429,0,4,TCK77310,239.6607773516438,,Q
1384,1,2,Person_1383,female,57.232731039877066,0,3,TCK88798,18.01033200818977,,S
1385,0,2,Person_1384,male,4.504795029877052,1,2,TCK79407,50.39148007037434,,S
1386,1,3,Person_1385,male,21.632652434432,1,2,TCK83809,43.52242935358817,,S
1387,0,2,Person_1386,male,,4,2,TCK27229,76.87730991521752,,C
1388,1,3,Person_1387,male,38.180398330094334,2,3,TCK37385,17.39545635531458,,S
1389,0,3,Person_1388,male,28.59333991199613,3,2,TCK52176,70.51446658038935,C141,S
1390,0,3,Person_1389,female,29.196530157978405,4,3,TCK13260,24.10395066069333,,C
1391,1,2,Person_1390,male,35.74770119458663,0,2,TCK13145,26.480120967314186,,C
1392,1,1,Person_1391,male,26.765027315592476,1,0,TCK17802,55.84581851971472,C141,S
1393,1,2,Person_1392,male,49.50453761108868,2,0,TCK12263,76.69003822875298,,Q
1394,1,1,Person_1393,female,,4,1,TCK36913,54.96061885234038,,Q
1395,0,3,Person_1394,male,42.219540914078884,2,2,TCK67788,115.06905119439,C141,S
1396,1,2,Person_1395,female,,1,2,TCK18155,16.784758996103964,C141,S
1397,0,1,Person_1396,male,28.88856205832016,4,3,TCK10922,115.43857552471948,C141,Q
1398,0,1,Person_1397,male,25.79347671791015,4,3,TCK82231,7.012755940077422,,S
1399,1,3,Person_1398,female,15.92158074034748,2,2,TCK30672,53.87146000147938,,S
1400,0,3,Person_1399,male,35.042298575240736,1,1,TCK48526,39.66281449326227,C141,S
1401,0,2,Person_1400,male,22.47295939108257,0,2,TCK55344,34.12380996847399,,C
1402,0,1,Person_1401,female,39.17565361790332,4,3,TCK29014,,C141,C
1403,0,2,Person_1402,male,15.017318119479356,0,2,TCK83352,35.03203387127377,,S
1404,1,2,Person_1403,female,54.066568579785496,1,3,TCK50324,8.82333786461739,,Q
1405,1,3,Person_1404,female,17.451342779711133,4,2,TCK48698,23.04790868733577,C141,C
1406,1,3,Person_1405,female,,4,4,TCK87169,5.194797071514783,,C
1407,1,2,Person_1406,female,41.086030345432945,0,3,TCK33384,42.413686795013454,,S
1408,0,2,Person_1407,female,22.011033977198423,3,1,TCK13512,5.0334594247220945,,S
1409,0,3,Person_1408,male,41.93456100806131,0,4,TCK16066,8.738188085009547,,S
1410,1,2,Person_1409,male,12.791429630794173,0,2,TCK41500,5.0,,S
1411,1,3,Person_1410,male,50.329647788555846,3,3,TCK88743,24.00759869324467,,S
1412,1,1,Person_1411,female,30.198089709520616,1,4,TCK95642,,,C
1413,0,2,Person_1412,female,21.650240288435686,1,1,TCK89858,118.7021168744576,C141,S
1414,1,1,Person_1413,female,25.811455186015916,4,3,TCK64800,,,C
1415,1,3,Person_1414,female,41.32486977149807,2,4,TCK73140,50.33130967514337,,S
1416,1,3,Person_1415,male,21.817625914093867,2,4,TCK94954,,,S
1417,0,2,Person_1416,male,19.508992348081115,4,4,TCK12387,,,S
1418,0,1,Person_1417,female,,2,0,TCK66160,54.97836644913004,,S
1419,0,1,Person_1418,female,13.522530421220445,0,2,TCK69241,13.30847124964564,C141,S
1420,0,2,Person_1419,male,55.487614711185415,0,3,TCK83567,33.63235863029558,C141,C
1421,0,1,Person_1420,female,22.070475722993876,3,3,TCK11799,,,S
1422,0,1,Person_1421,female,41.64263500652565,3,3,TCK45548,5.0,,S
1423,0,3,Person_1422,female,32.93258117106882,4,4,TCK43895,49.115709712570684,,S
1424,0,2,Person_1423,male,16.216523293252447,4,2,TCK90171,34.18115323127623,,S
1425,1,2,Person_1424,male,29.91663407102179,4,1,TCK50379,16.091184502399546,C141,S
1426,1,3,Person_1425,female,40.97603891035047,0,3,TCK55414,32.092794047039504,C141,S
1427,0,1,Person_1426,male,27.36434130879171,2,2,TCK83071,74.64901404745116,,S
1428,0,3,Person_1427,female,46.70358124191439,4,2,TCK78344,80.8880634853788,,C
1429,1,2,Person_1428,female,44.30121549894609,4,0,TCK88591,,,S
1430,0,3,Person_1429,male,42.86480796521661,0,3,TCK14297,31.531895228682323,,C
1431,0,3,Person_1430,female,,0,4,TCK96479,42.87157622176384,,S
1432,0,3,Person_1431,female,14.882205731059182,0,2,TCK15008,,,Q
1433,1,3,Person_1432,male,21.40977352492088,2,2,TCK96813,6.765582702882705,C141,S
1434,1,2,Person_1433,female,32.74737316933409,4,1,TCK26820,24.357131105102763,,S
1435,1,3,Person_1434,female,37.64101398945298,1,0,TCK81548,37.78654133299944,C141,S
1436,1,2,Person_1435,female,0.0,1,2,TCK32253,45.669000438409924,,Q
1437,1,2,Person_1436,male,29.886415177435495,4,2,TCK39202,137.28836358723987,,S
1438,0,2,Person_1437,female,,4,4,TCK39236,75.10399478741154,C141,S
1439,1,3,Person_1438,male,26.114380411582278,4,4,TCK77156,8.243293567371499,,S
1440,0,1,Person_1439,female,48.0778337462223,4,1,TCK70263,9.569055948136091,C141,S
1441,0,3,Person_1440,female,35.90492103951219,2,1,TCK84855,,,S
1442,1,3,Person_1441,female,48.34268671313256,1,1,TCK26575,67.00523156152354,,S
1443,1,3,Person_1442,female,26.976552715096748,3,4,TCK22204,61.22957556984823,,S
1444,0,3,Person_1443,male,,1,4,TCK21952,214.74806917867184,C141,S
1445,0,2,Person_1444,male,52.89092952338527,1,0,TCK93323,36.90967693101878,,S
1446,0,2,Person_1445,female,48.363708289817254,0,3,TCK61142,87.55437380635051,,S
1447,1,2,Person_1446,female,14.710017691997738,4,3,TCK43872,42.95298823419786,C141,S
1448,1,1,Person_1447,female,,4,0,TCK39376,,,Q
1449,1,1,Person_1448,female,25.16769412370285,4,3,TCK76084,63.83094548457532,C141,S
1450,1,2,Person_1449,female,36.84956349106859,0,4,TCK21640,51.48473309937429,,C
1451,1,2,Person_1450,female,39.608949770203466,2,3,TCK36437,41.63456449617266,,S
1452,0,3,Person_1451,female,18.25550256363969,2,4,TCK97681,64.18156842513882,C141,Q
1453,1,3,Person_1452,female,30.94973919483713,3,0,TCK17903,27.206526524433016,,S
1454,0,2,Person_1453,male,1.7210173498140904,2,1,TCK93704,5.078196629636564,,S
1455,0,3,Person_1454,male,50.18723008122646,2,0,TCK36863,5.0,,S
1456,0,1,Person_1455,male,22.82676063052629,4,3,TCK53381,32.60253941898928,,C
1457,1,2,Person_1456,female,,1,4,TCK38548,45.726062693725034,,S
1458,1,3,Person_1457,female,25.66490400416714,2,3,TCK59956,5.0,,S
1459,1,2,Person_1458,female,46.04438605018781,2,3,TCK84526,16.906929634929593,C141,S
1460,0,2,Person_1459,male,0.0,0,1,TCK21467,19.432774680437102,C141,S
1461,0,3,Person_1460,female,29.767455207437273,3,3,TCK67954,41.36771552454678,,S
1462,0,3,Person_1461,male,,0,1,TCK33901,16.319929255741457,,S
1463,0,3,Person_1462,female,23.649090573716443,4,4,TCK65983,5.026863840782855,,S
1464,0,3,Person_1463,male,54.16717163889885,1,4,TCK33301,,,S
1465,0,3,Person_1464,male,17.577387576019206,3,1,TCK95180,9.554865663702092,,C
1466,1,2,Person_1465,male,40.80514648129926,0,0,TCK79903,92.47841642237604,,S
1467,1,2,Person_1466,female,34.98753904188517,2,4,TCK26204,16.726085096053097,,S
1468,1,1,Person_1467,male,47.661269535497226,2,0,TCK29755,62.70925239363756,,C
1469,1,2,Person_1468,female,20.659352813114925,3,4,TCK69817,41.947824401205274,,S
1470,0,3,Person_1469,female,19.738435412267375,2,4,TCK12093,188.69737120029887,,S
1471,0,2,Person_1470,female,45.344978704683584,0,2,TCK79537,15.929245471615575,C141,C
1472,1,3,Person_1471,female,35.954498316621546,0,3,TCK32940,8.620919007826467,,S
1473,0,3,Person_1472,female,8.37087714652538,2,3,TCK83346,5.0,C141,S
1474,1,3,Person_1473,male,22.449729797514216,2,0,TCK54040,13.785017856211667,,Q
1475,1,3,Person_1474,female,35.409357153872854,4,3,TCK47322,57.611870732949136,C141,Q
1476,1,3,Person_1475,female,41.728699101652246,1,0,TCK94437,5.0,,S
1477,0,1,Person_1476,female,20.490770855298628,3,4,TCK97725,14.032135030092407,C141,S
1478,1,3,Person_1477,female,0.0,0,2,TCK19236,96.65752391408797,,S
1479,1,1,Person_1478,female,37.32512460031847,3,2,TCK82597,,,S
1480,1,3,Person_1479,male,,4,4,TCK94124,5.0,,S
1481,0,2,Person_1480,male,1.7572568262862411,0,1,TCK13902,5.0,,S
1482,0,3,Person_1481,female,0.0,4,1,TCK44364,5.0,,Q
1483,1,3,Person_1482,male,41.39573204276837,4,3,TCK30096,142.25801389117112,,C
1484,0,1,Person_1483,male,31.800644305669532,2,0,TCK22020,94.81316045483997,C141,S
1485,0,2,Person_1484,female,26.84081067002848,3,2,TCK68473,93.19717055876664,,S
1486,0,3,Person_1485,male,49.446341081478664,3,3,TCK54153,128.99390742830124,,S
1487,0,2,Person_1486,female,38.922545562323016,2,4,TCK51277,35.185679472853195,,S
1488,0,3,Person_1487,male,52.62820059810683,3,2,TCK97221,14.207394328746222,C141,S
1489,0,3,Person_1488,male,10.501703389662051,2,0,TCK48502,25.65374125273611,C141,C
1490,0,2,Person_1489,male,29.51629126464451,0,0,TCK25675,63.44585001070773,,S
1491,0,2,Person_1490,female,7.366012750727801,4,1,TCK34365,104.38694207169328,,C
1492,0,2,Person_1491,male,26.78864735402346,4,3,TCK97812,28.554524649911073,,S
1493,0,3,Person_1492,male,26.519378047266517,3,4,TCK88229,38.32687340284496,,S
1494,1,2,Person_1493,female,38.77259092168299,1,2,TCK99049,134.2530689884142,,S
1495,1,3,Person_1494,female,30.637894335986577,4,0,TCK62148,5.6863619140625055,,S
1496,0,2,Person_1495,male,38.72769993591882,2,2,TCK99157,99.13360934006349,,Q
1497,1,3,Person_1496,female,39.84816186394452,1,4,TCK99247,8.67646504532919,,C
1498,1,3,Person_1497,male,60.169001483363985,1,2,TCK78078,33.06899243035246,,S
1499,0,3,Person_1498,male,25.58584682599426,4,3,TCK92598,12.322088506157696,,S
1500,0,2,Person_1499,female,16.825682190670694,4,1,TCK80902,46.18435471882628,C141,S
1501,0,3,Person_1500,female,33.44517061442972,4,2,TCK36465,40.887178667628596,,Q
1502,1,3,Person_1501,female,18.768079620046393,2,1,TCK42286,23.902383941060293,C141,C
1503,1,3,Person_1502,male,50.7474507581115,1,4,TCK64795,99.4996123845254,,S
1504,0,3,Person_1503,female,,3,1,TCK50178,53.91303770364074,,S
1505,0,2,Person_1504,male,22.081930849764134,2,2,TCK89183,63.863949124058195,,S
1506,0,1,Person_1505,female,23.40157990388435,0,2,TCK59986,8.164769673258613,C141,S
1507,1,3,Person_1506,male,40.05784392860298,4,0,TCK53201,107.34991994029264,,S
1508,1,2,Person_1507,female,,1,2,TCK53315,,C141,S
1509,1,3,Person_1508,male,21.016664518174647,2,1,TCK85396,12.601910778227229,,Q
1510,1,3,Person_1509,female,53.314926846729435,0,0,TCK65178,6.851454464679588,,S
1511,0,1,Person_1510,male,18.0136222307355,2,2,TCK20745,29.02300719334241,C141,S
1512,0,3,Person_1511,female,30.497925036461908,2,2,TCK82354,109.33318133908378,,C
1513,0,2,Person_1512,female,39.13228612254323,3,4,TCK89637,14.547538415098343,,S
1514,0,3,Person_1513,male,7.161308454160974,3,0,TCK15028,23.40055441755983,,S
1515,1,3,Person_1514,female,36.72364701968295,2,4,TCK58566,93.56170343979039,,S
1516,1,3,Person_1515,male,15.22849254327371,0,4,TCK53722,48.0925613206412,C141,S
1517,0,1,Person_1516,male,,1,4,TCK96623,69.63904640331984,,S
1518,0,2,Person_1517,female,16.522885833134332,1,3,TCK84974,12.039927472437645,,S
1519,1,3,Person_1518,male,,4,4,TCK93692,63.02537005064449,C141,C
1520,0,3,Person_1519,female,,4,1,TCK94084,12.913321216457154,,S
1521,1,3,Person_1520,female,42.06011135885927,1,2,TCK49879,218.36274267451202,C141,C
1522,0,1,Person_1521,male,33.518433075333434,2,3,TCK34767,41.03609247303196,,S
1523,0,2,Person_1522,female,26.761786798984208,2,4,TCK78099,,,C
1524,0,2,Person_1523,male,21.930125931312187,3,2,TCK58657,6.300931873941029,,S
1525,0,3,Person_1524,male,,3,0,TCK18498,14.427854761399924,,S
1526,0,2,Person_1525,female,20.207066917652995,4,0,TCK83667,7.52606882740768,,S
1527,0,2,Person_1526,female,15.481074970020053,1,2,TCK35107,24.728811104219574,,S
1528,0,3,Person_1527,male,,2,1,TCK38793,16.713244225198174,,S
1529,1,1,Person_1528,male,18.854084755389067,1,2,TCK12696,66.01077502645587,C141,C
1530,1,3,Person_1529,female,16.699111035474218,0,2,TCK63839,5.75421413250581,,S
1531,1,3,Person_1530,female,9.789540329623293,1,3,TCK99241,69.72829751940148,,S
1532,1,3,Person_1531,female,23.23926224755275,0,0,TCK33397,5.0,,S
1533,1,2,Person_1532,female,28.841989665449095,3,0,TCK17704,11.283451715823812,,C
1534,0,1,Person_1533,male,33.40328418724978,3,4,TCK26442,78.50244527902561,,S
1535,0,3,Person_1534,female,43.31828742019277,4,2,TCK73788,67.89052353944012,,Q
1536,1,3,Person_1535,male,37.37657093132111,1,2,TCK19765,32.344307160561385,,Q
1537,0,3,Person_1536,male,27.327788926255483,1,1,TCK20002,5.0,,S
1538,1,1,Person_1537,female,27.225260530683922,0,0,TCK21390,47.066805985498824,,S
1539,1,3,Person_1538,male,37.142204564812566,3,1,TCK54436,26.10478667503484,,C
1540,0,3,Person_1539,female,47.815982280999975,0,3,TCK94482,19.02849045163625,,S
1541,0,3,Person_1540,male,31.768398792764803,3,4,TCK16641,51.13962782143797,,S
1542,0,3,Person_1541,female,,0,1,TCK43709,28.689563543866175,,Q
1543,1,3,Person_1542,male,16.099875984802363,3,0,TCK49309,5.0,,Q
1544,0,3,Person_1543,male,9.767126298228842,0,3,TCK25624,123.8174508574234,,Q
1545,1,1,Person_1544,female,39.32777540860933,3,2,TCK19966,,C141,S
1546,1,2,Person_1545,female,38.0916993309538,0,3,TCK99350,5.0,C141,S
1547,1,1,Person_1546,male,38.083089351493264,1,1,TCK44189,,,S
1548,0,2,Person_1547,male,,4,0,TCK81301,,,S
1549,0,2,Person_1548,female,49.69708644248451,0,1,TCK27223,90.7892468809149,,S
1550,1,1,Person_1549,male,23.22234107581255,4,2,TCK88183,47.46833308363854,,S
1551,0,2,Person_1550,female,43.37376932090088,1,2,TCK14959,9.464235180889403,,S
1552,0,1,Person_1551,male,29.4575994701464,1,0,TCK37257,5.0,,C
1553,0,3,Person_1552,female,21.483089294489275,3,4,TCK60802,5.0,C141,C
1554,1,3,Person_1553,male,38.29542430244866,4,3,TCK97748,35.39938512508347,C141,C
1555,1,1,Person_1554,female,,2,3,TCK37215,66.28320059926793,,S
1556,0,3,Person_1555,female,34.99761862973696,3,2,TCK65046,,,S
1557,1,3,Person_1556,male,,4,1,TCK44094,12.505447709518085,C141,C
1558,0,2,Person_1557,female,29.46949685596437,0,1,TCK48669,19.8198136172542,C141,S
1559,0,1,Person_1558,male,63.43720790018614,0,4,TCK46126,12.299936501821566,C141,S
1560,0,3,Person_1559,female,46.579593032746416,1,1,TCK89036,24.824490606452756,,S
1561,0,3,Person_1560,female,40.11957652979717,2,3,TCK26772,41.00529738750803,,S
1562,1,3,Person_1561,female,31.565188214847435,0,1,TCK58586,57.74909305400164,,S
1563,1,1,Person_1562,male,44.100200808353364,4,4,TCK61943,165.90054103316115,,C
1564,1,1,Person_1563,female,37.25192686948033,4,3,TCK78868,133.56928401748777,,Q
1565,0,2,Person_1564,male,,0,1,TCK59855,42.213270210054766,,S
1566,0,2,Person_1565,female,25.75009944627719,4,3,TCK32218,66.241162569675,C141,S
1567,0,2,Person_1566,male,28.867157272722366,4,2,TCK91008,150.66651535562326,C141,C
1568,1,2,Person_1567,male,0.0,1,2,TCK67205,5.0,,S
1569,0,3,Person_1568,male,,2,2,TCK14959,5.0,C141,S
1570,1,3,Person_1569,female,23.161334878454966,1,1,TCK92979,5.0,,Q
1571,1,2,Person_1570,male,52.297379975960375,2,4,TCK55134,41.43109299265696,C141,C
1572,1,3,Person_1571,female,30.27081699136456,4,3,TCK35874,71.94962689517061,,Q
1573,1,2,Person_1572,male,13.354512126510535,2,0,TCK11301,22.870163472441398,,S
1574,1,2,Person_1573,male,29.301677842206352,4,2,TCK68017,39.39918284900987,,S
1575,1,2,Person_1574,male,15.35430480912494,4,2,TCK53319,36.321375766561545,,C
1576,0,3,Person_1575,male,36.62770381997453,1,0,TCK99616,5.0,,S
1577,0,3,Person_1576,female,34.0732631007528,1,0,TCK96219,19.400044772801607,,C
1578,1,3,Person_1577,male,43.40975483551575,3,1,TCK32455,5.0,C141,S
1579,1,2,Person_1578,male,18.927654916276083,0,3,TCK14112,5.86635197728696,,C
1580,0,3,Person_1579,female,30.476113347194055,3,2,TCK67033,83.52797334546568,,S
1581,1,1,Person_1580,male,10.889694864027106,3,4,TCK68360,,,S
1582,1,3,Person_1581,male,39.820926946946,2,1,TCK92418,80.96085870740151,,S
1583,0,3,Person_1582,male,37.26419652616171,4,1,TCK42145,64.88096927514978,,S
1584,1,2,Person_1583,male,36.941270294385994,4,4,TCK42735,78.82744821005696,C141,S
1585,1,3,Person_1584,female,30.022666438997177,4,4,TCK82781,55.582192785216435,,S
1586,1,3,Person_1585,female,35.806820471043075,0,4,TCK77641,55.4078859059135,,C
1587,0,1,Person_1586,male,,2,0,TCK31711,55.0349929301093,C141,S
1588,0,3,Person_1587,female,26.008680401411805,2,2,TCK15630,36.08173517815777,,S
1589,0,2,Person_1588,female,31.941032571941182,4,0,TCK75488,,,S
1590,1,3,Person_1589,male,14.794231811460262,3,2,TCK13206,65.5028394815293,C141,Q
1591,1,3,Person_1590,female,,0,0,TCK66289,17.73712729591806,,S
1592,0,3,Person_1591,male,31.369386103306304,3,3,TCK28953,39.142887834988144,,S
1593,1,3,Person_1592,female,45.4550696538267,1,2,TCK20068,28.401168408781857,C141,C
1594,1,3,Person_1593,female,26.412068460477986,2,1,TCK88930,16.191187746273023,,S
1595,1,1,Person_1594,female,26.697168589630266,2,2,TCK65916,183.8276280750448,,S
1596,1,3,Person_1595,male,24.303606576938755,3,2,TCK11067,14.970977408460866,C141,S
1597,1,2,Person_1596,female,22.513406608179476,0,2,TCK60658,18.501983027512235,,C
1598,0,2,Person_1597,male,34.1296003799235,2,3,TCK62165,8.812252913612943,,S
1599,1,2,Person_1598,male,9.038392967498975,3,0,TCK90781,86.57480454487987,C141,C
1600,0,1,Person_1599,female,47.93315407333419,0,1,TCK19859,44.16569961894047,C141,C
1601,1,3,Person_1600,male,20.68408782618755,3,0,TCK39164,47.47160145053348,,S
1602,0,1,Person_1601,female,40.10664879613398,0,0,TCK90913,85.89611283035376,,C
1603,1,3,Person_1602,male,12.220019636485738,4,4,TCK30773,20.99744913916543,C141,S
1604,0,2,Person_1603,male,39.36376182764705,0,3,TCK67295,10.760841632419304,C141,S
1605,1,1,Person_1604,female,39.407224509402965,1,4,TCK43939,11.057612014154362,,S
1606,0,3,Person_1605,female,35.37882900808255,4,3,TCK58599,65.95418718485173,,Q
1607,1,1,Person_1606,female,16.07800069480291,3,0,TCK16114,,,S
1608,0,2,Person_1607,female,33.49367465437308,4,0,TCK22818,11.55493540307434,C141,S
1609,1,3,Person_1608,male,13.437213413718553,4,3,TCK19335,7.8365148965030125,,S
1610,0,1,Person_1609,male,,3,0,TCK65008,6.430735263238558,C141,S
1611,0,3,Person_1610,male,44.411783413374565,3,0,TCK81745,49.41601507635306,C141,S
1612,1,1,Person_1611,female,41.15382697899039,1,1,TCK53148,5.0,,S
1613,1,2,Person_1612,male,30.212561195566064,3,4,TCK13577,5.0,,S
1614,0,3,Person_1613,female,16.35270793708021,2,4,TCK83916,24.678201273091577,C141,S
1615,1,2,Person_1614,male,39.03822797043871,2,4,TCK14076,58.77734452042641,C141,S
1616,0,1,Person_1615,female,30.271337327772354,1,2,TCK42925,59.37863069897234,,S
1617,0,2,Person_1616,male,0.0,0,1,TCK61869,28.11632186207449,,C
1618,0,2,Person_1617,male,40.956817568431255,0,4,TCK69314,58.732611976847856,C141,Q
1619,1,3,Person_1618,female,,2,4,TCK51205,36.8127747087787,,S
1620,0,2,Person_1619,male,,3,1,TCK21095,188.4641810828276,,S
1621,0,3,Person_1620,female,14.666212736200734,1,0,TCK94715,8.864325527240775,,Q
1622,1,3,Person_1621,male,0.0,0,4,TCK66680,45.8980147040921,,C
1623,1,2,Person_1622,male,33.90717401683259,0,0,TCK38400,33.788824022796284,,S
1624,1,3,Person_1623,female,34.08189147354762,4,4,TCK94297,,C141,S
1625,1,2,Person_1624,female,6.330597213509673,2,3,TCK77346,69.31280452095186,,S
1626,0,3,Person_1625,male,16.30100635786751,3,2,TCK97110,16.11422934460239,,S
1627,0,1,Person_1626,male,68.57304841207862,1,4,TCK38562,24.039869166773467,,S
1628,0,3,Person_1627,male,25.721451401846753,0,3,TCK50663,23.48662886618375,C141,Q
1629,0,2,Person_1628,male,40.23342566926702,4,1,TCK28510,13.999220328263732,C141,S
1630,1,2,Person_1629,male,20.890762416842627,2,3,TCK71608,28.16785542135622,C141,S
1631,0,3,Person_1630,male,0.7357594160558065,2,1,TCK82489,32.0605633229577,C141,C
1632,0,3,Person_1631,female,27.616384544857322,1,4,TCK62182,68.17220595150232,,C
1633,1,1,Person_1632,female,26.281536155994527,0,1,TCK97667,72.42308066406625,,C
1634,0,1,Person_1633,female,24.4017046586428,1,3,TCK36883,8.631788885684696,,Q
1635,0,3,Person_1634,male,28.395028302910507,1,2,TCK81427,44.91913944339248,,S
1636,0,3,Person_1635,male,33.69975580303891,4,0,TCK45844,113.2634048647071,C141,Q
1637,0,3,Person_1636,male,27.89836268244671,2,0,TCK28728,5.7585691992287,,C
1638,0,3,Person_1637,female,12.30391364873691,3,2,TCK21094,32.01958201949497,C141,S
1639,0,3,Person_1638,female,36.80658708186714,2,0,TCK12407,69.38539246285526,,S
1640,1,3,Person_1639,male,2.7087954254860733,2,4,TCK65412,47.271990205052056,,S
1641,1,2,Person_1640,male,1.2949955980211953,4,4,TCK22644,5.300572851300026,,Q
1642,0,1,Person_1641,female,40.34852692582195,3,3,TCK95834,25.259255185121248,,S
1643,0,3,Person_1642,female,37.098283809894994,0,3,TCK70746,35.38660102887304,,S
1644,1,3,Person_1643,female,29.196464888963497,3,1,TCK62748,274.1793839277988,,S
1645,0,1,Person_1644,male,10.463720933428991,0,3,TCK69021,,,S
1646,0,2,Person_1645,male,20.089246830562946,3,4,TCK72651,202.06038481917994,,S
1647,0,3,Person_1646,male,,1,3,TCK46807,23.592248912793863,,S
1648,1,3,Person_1647,female,7.657484439962413,3,0,TCK44072,11.177211958557255,,C
1649,0,2,Person_1648,female,19.65359878767474,4,1,TCK48398,26.731082685094915,,S
1650,1,2,Person_1649,male,,0,1,TCK38669,47.59526387814686,,S
1651,0,2,Person_1650,male,49.98227510004903,2,4,TCK40161,12.007962148113528,,S
1652,1,2,Person_1651,female,24.127913462780292,4,3,TCK17282,17.22596218669718,,S
1653,1,2,Person_1652,male,40.59083696042538,0,0,TCK36539,96.39494215043342,,S
1654,0,1,Person_1653,female,3.2031590117754583,0,3,TCK13307,345.8630996901982,,S
1655,1,3,Person_1654,female,39.23231737559056,2,2,TCK27745,,,S
1656,0,2,Person_1655,male,18.744722193815264,1,3,TCK49433,,,S
1657,1,3,Person_1656,female,34.30283863391158,4,4,TCK44555,78.79310218792857,,S
1658,0,3,Person_1657,male,26.53146614464407,2,3,TCK11073,45.871529973215594,C141,S
1659,0,2,Person_1658,female,48.485796136973676,2,1,TCK42683,5.290316493999985,,S
1660,1,3,Person_1659,female,17.757900923241145,1,0,TCK35741,146.65804815162085,,S
1661,0,2,Person_1660,male,38.786488165865634,4,4,TCK32286,5.0,C141,S
1662,0,3,Person_1661,female,26.086895513848532,2,2,TCK13599,49.089005464434194,,C
1663,1,2,Person_1662,male,27.783723307864708,1,0,TCK37293,27.576934673922903,C141,C
1664,0,3,Person_1663,male,27.426045495771064,4,0,TCK25389,40.666846303016996,,S
1665,0,3,Person_1664,female,18.16057653708242,3,1,TCK22318,11.98996174513383,,S
1666,1,2,Person_1665,male,29.802614477306598,0,1,TCK58875,58.255299877110765,C141,S
1667,1,1,Person_1666,male,,1,1,TCK13055,160.59462467592752,,S
1668,0,3,Person_1667,male,33.37736347769421,0,4,TCK92579,,,C
1669,0,3,Person_1668,male,31.183072039700075,3,3,TCK16320,37.00756617542545,,Q
1670,1,2,Person_1669,male,41.171923694571305,2,0,TCK14642,,,C
1671,1,3,Person_1670,male,42.92912062466316,2,3,TCK19321,111.22012128359788,,C
1672,0,2,Person_1671,female,15.291273494410785,4,3,TCK89968,177.32457880457048,,C
1673,1,3,Person_1672,male,42.1628150082708,1,1,TCK98293,77.1583770328414,C141,S
1674,0,1,Person_1673,female,13.391290020462037,1,3,TCK69618,39.128819598003986,C141,S
1675,0,3,Person_1674,female,38.22998243392829,4,0,TCK36044,157.09206398444505,,C
1676,0,2,Person_1675,male,38.676342985840165,0,0,TCK31971,8.352934778119812,C141,S
1677,0,2,Person_1676,female,3.241563516724945,2,2,TCK35727,32.55142390638619,,S
1678,0,1,Person_1677,female,31.301709451411735,2,4,TCK32559,38.56686516182436,,S
1679,1,1,Person_1678,male,23.44105441295558,1,3,TCK83820,,C141,C
1680,1,3,Person_1679,male,19.37728638890475,1,4,TCK93201,81.0801522200992,C141,S
1681,1,2,Person_1680,male,48.91193262978608,4,4,TCK37476,55.49421261364004,C141,S
1682,1,3,Person_1681,female,20.848492031076134,3,4,TCK72683,6.77142903846311,,Q
1683,0,1,Person_1682,female,18.710722992347304,0,4,TCK20991,21.26691190622424,,C
1684,0,2,Person_1683,male,31.059729160071306,3,0,TCK95097,20.7058853343183,C141,Q
1685,0,2,Person_1684,male,39.59825644817783,3,3,TCK80047,,,S
1686,0,1,Person_1685,female,28.01691979585822,1,2,TCK20796,17.227326545011664,,S
1687,1,1,Person_1686,female,46.32918763936953,1,4,TCK13881,6.236895277067518,,C
1688,0,2,Person_1687,female,37.43365926749727,1,2,TCK25668,53.01998864853551,C141,S
1689,0,2,Person_1688,female,0.0,3,0,TCK44312,95.20284567011869,,S
1690,1,2,Person_1689,male,22.587462510901883,0,0,TCK38106,134.125040806154,,S
1691,1,3,Person_1690,female,22.134210609076213,1,1,TCK25729,179.82124494905517,,S
1692,1,3,Person_1691,female,36.711053348011916,2,4,TCK80320,75.96086179422298,,S
1693,1,1,Person_1692,female,0.0,0,1,TCK64913,7.523846798471082,,S
1694,0,2,Person_1693,female,,2,2,TCK67026,95.9041845391373,,S
1695,0,3,Person_1694,male,,0,3,TCK69402,25.537954080871263,,C
1696,1,3,Person_1695,male,32.084275254847675,1,1,TCK47282,65.4502453240845,,S
1697,0,3,Person_1696,female,46.54194802986805,4,0,TCK84638,37.88620565091691,,S
1698,0,2,Person_1697,female,62.81115673937675,1,4,TCK48218,,,S
1699,0,3,Person_1698,male,42.19045302423764,3,2,TCK27950,27.7132580288171,,S
1700,1,3,Person_1699,male,43.283383350602676,3,0,TCK69739,,,Q
1701,0,3,Person_1700,female,31.829660342501352,0,3,TCK14507,40.689382213187706,,S
1702,1,3,Person_1701,female,28.018639452862725,3,4,TCK56303,9.394283671084938,C141,C
1703,0,1,Person_1702,male,23.338863783931384,1,3,TCK89059,,C141,S
1704,0,1,Person_1703,male,18.43443211599641,2,3,TCK34667,37.42909043015691,,S
1705,0,3,Person_1704,male,20.38180260420704,1,4,TCK13992,40.32237822314502,,S
1706,1,3,Person_1705,male,11.092216499198237,0,4,TCK83563,118.90085011242515,C141,S
1707,0,1,Person_1706,male,28.937799690409673,3,3,TCK97680,48.98619256316092,,S
1708,1,2,Person_1707,male,6.4146539188305844,2,2,TCK35530,18.02908377788149,,S
1709,1,1,Person_1708,female,32.672831338011946,4,4,TCK25305,17.55556654405639,C141,S
1710,1,2,Person_1709,male,29.491371487407214,2,0,TCK62129,34.81547375800216,,C
1711,0,3,Person_1710,male,32.05709417741363,2,1,TCK97267,,,C
1712,0,3,Person_1711,male,,1,2,TCK96209,79.1712940783823,,S
1713,0,2,Person_1712,male,73.07604518252705,4,4,TCK62044,164.49253213897714,,S
1714,0,2,Person_1713,female,49.041622602524384,0,4,TCK99363,5.0,C141,S
1715,1,1,Person_1714,female,12.576404998813882,0,2,TCK68817,15.621015683385925,,Q
1716,1,2,Person_1715,male,33.26015322397657,2,1,TCK56666,,,S
1717,1,3,Person_1716,female,21.48791399887747,2,3,TCK36173,69.53102404531533,C141,S
1718,0,3,Person_1717,female,15.797283826096205,3,0,TCK28909,7.589638295063706,,S
1719,1,3,Person_1718,female,11.23899100426491,4,4,TCK73967,,,S
1720,0,1,Person_1719,female,36.05103367062956,2,1,TCK41007,41.2394131444559,,S
1721,1,3,Person_1720,female,20.460676709025964,3,0,TCK22985,26.507618745587912,,S
1722,0,3,Person_1721,female,43.54956433635286,4,2,TCK32525,62.781086827513676,C141,C
1723,0,3,Person_1722,male,43.912951003426144,0,4,TCK47403,33.37547187879241,,C
1724,1,2,Person_1723,male,49.23480139296029,3,3,TCK47193,27.698365677058938,,S
1725,1,2,Person_1724,male,18.06658527496255,4,2,TCK13830,27.712798140118565,,S
1726,1,2,Person_1725,male,36.65511854968814,3,4,TCK66144,102.73798514961108,,S
1727,1,1,Person_1726,male,,2,1,TCK10533,25.14499334625321,,Q
1728,0,2,Person_1727,female,23.361505548544493,1,0,TCK30946,20.27804021706765,,C
1729,1,2,Person_1728,male,19.19519259649975,0,0,TCK33504,20.66491616612337,,S
1730,1,2,Person_1729,male,,2,4,TCK65715,10.945177443044765,,S
1731,1,3,Person_1730,female,33.184942260248754,2,2,TCK38255,98.55226812236725,,S
1732,0,2,Person_1731,female,38.90354850996433,4,3,TCK66441,7.928150870981698,,S
1733,0,1,Person_1732,male,18.490935834409015,3,1,TCK46855,,C141,S
1734,1,3,Person_1733,female,12.930017468689286,0,4,TCK51721,16.6665991529002,C141,Q
1735,0,3,Person_1734,female,22.027703157110455,2,1,TCK51850,114.84348394364471,,S
1736,1,3,Person_1735,female,28.263700576540042,4,0,TCK44723,78.22816468050806,,S
1737,0,3,Person_1736,female,15.100919904557117,0,3,TCK45739,43.61219963586316,,C
1738,0,3,Person_1737,male,29.862172678894638,3,1,TCK15539,55.35289320535709,,S
1739,0,3,Person_1738,female,,2,4,TCK83029,19.714693778457683,,Q
1740,0,1,Person_1739,male,14.319336085421789,2,3,TCK74509,42.69263650570177,,S
1741,1,2,Person_1740,male,39.39275747587625,2,2,TCK31311,17.29402080462768,C141,Q
1742,1,2,Person_1741,female,38.45306728389052,0,4,TCK79180,25.73104198231759,,S
1743,1,1,Person_1742,female,24.51372528458387,0,1,TCK95981,72.33674298061776,,S
1744,0,1,Person_1743,female,15.751299672922658,0,3,TCK45934,13.981235273578324,,S
1745,1,3,Person_1744,male,,0,4,TCK19511,91.26974738548773,C141,S
1746,1,3,Person_1745,female,24.774244556821603,4,3,TCK10183,,,S
1747,1,3,Person_1746,female,39.02325888303408,1,3,TCK19475,37.98251066235977,C141,Q
1748,0,1,Person_1747,female,42.995439678820546,4,3,TCK94766,142.33156257322239,,C
1749,0,3,Person_1748,female,23.048555703252433,2,1,TCK73130,,C141,S
1750,0,3,Person_1749,female,13.851106036213025,4,4,TCK69577,51.867033270530726,,S
1751,1,2,Person_1750,male,33.74981093012867,3,0,TCK36008,62.17168343386545,C141,C
1752,1,3,Person_1751,female,18.47051041123811,0,0,TCK86868,125.11973720563012,,C
1753,1,2,Person_1752,female,22.744463055943164,3,1,TCK57941,14.285115621628211,,S
1754,0,2,Person_1753,female,48.55386526611852,3,1,TCK52756,47.49770255328341,,Q
1755,0,3,Person_1754,male,41.579615999920755,2,3,TCK80258,25.57411316396448,C141,S
1756,1,2,Person_1755,female,32.211640371520325,0,4,TCK90730,5.0,,S
1757,0,2,Person_1756,male,,3,4,TCK37912,6.693766668617153,,S
1758,0,3,Person_1757,male,,2,2,TCK92702,19.65152905823924,,C
1759,0,3,Person_1758,female,,0,2,TCK60659,41.62045908224927,,S
1760,0,1,Person_1759,female,24.741128679282504,1,0,TCK56840,106.6314743086777,,S
1761,1,1,Person_1760,female,48.91559725981401,2,2,TCK91512,78.29835981215845,,S
1762,0,1,Person_1761,male,48.0984340532549,4,2,TCK48623,40.2971716930517,,S
1763,0,3,Person_1762,male,53.29225965000863,0,0,TCK73303,5.0,,S
1764,0,2,Person_1763,male,34.27340377143894,3,0,TCK56062,16.83705396545701,C141,S
1765,0,1,Person_1764,male,,3,2,TCK66690,22.841234541919338,C141,S
1766,1,3,Person_1765,male,49.79862203663526,4,4,TCK87582,,C141,S
1767,1,3,Person_1766,male,,4,2,TCK33634,5.0,,C
1768,0,2,Person_1767,female,22.98272249093702,3,3,TCK14090,,C141,S
1769,0,3,Person_1768,female,23.72040028860994,0,3,TCK55266,115.86695812039503,,C
1770,0,3,Person_1769,male,33.33976935283235,2,3,TCK40008,61.11238822355888,,S
1771,0,1,Person_1770,female,11.932140092752938,4,1,TCK97643,79.74638644937959,,S
1772,0,2,Person_1771,female,27.9943751849013,4,3,TCK68704,57.23422211540523,,S
1773,0,3,Person_1772,male,45.35165965522356,4,4,TCK72866,11.570702399853266,,S
1774,1,2,Person_1773,male,0.0,1,1,TCK18382,5.853879106076144,C141,S
1775,0,3,Person_1774,female,51.48274942512321,0,1,TCK57774,88.4482639985619,,C
1776,1,2,Person_1775,male,45.713239061844234,0,3,TCK84570,59.45493800668989,,Q
1777,1,1,Person_1776,male,23.563295378373333,0,2,TCK84062,42.79054824112363,,S
1778,0,1,Person_1777,female,37.607471590205336,0,0,TCK99609,10.491803555870508,,S
1779,1,2,Person_1778,male,30.044068176688572,0,2,TCK56698,46.23441531449913,,Q
1780,1,2,Person_1779,female,,3,2,TCK11110,5.0,,S
1781,1,1,Person_1780,female,43.757563998779176,4,1,TCK91981,6.325753769139294,C141,S
1782,1,3,Person_1781,female,,3,1,TCK10386,,,Q
1783,1,3,Person_1782,female,38.22167378849848,1,1,TCK68513,29.32581857033697,,Q
1784,1,3,Person_1783,female,27.121210048994534,2,4,TCK94120,6.423752493320683,C141,S
1785,0,3,Person_1784,male,,4,4,TCK57801,6.3882700465386595,C141,S
1786,1,2,Person_1785,male,19.805593386422583,1,0,TCK81857,64.71195739128454,C141,S
1787,1,3,Person_1786,male,54.473918967691695,3,1,TCK99976,42.165887008135975,,C
1788,1,1,Person_1787,male,44.56086547863606,2,3,TCK41566,38.1508054383774,,Q
1789,0,3,Person_1788,female,19.643203704378458,1,1,TCK42521,30.113659041364755,,S
1790,1,3,Person_1789,female,11.315451503256742,2,4,TCK33798,,C141,C
1791,0,3,Person_1790,male,24.600583166310123,1,1,TCK23565,5.0,C141,C
1792,1,3,Person_1791,female,36.08303704527828,3,4,TCK33027,9.960804017379028,,S
1793,0,3,Person_1792,male,,2,1,TCK15631,52.136333189199405,,C
1794,0,2,Person_1793,male,47.54385954675541,1,3,TCK99865,7.3302905116441694,C141,S
1795,1,2,Person_1794,male,41.05887611053193,3,0,TCK66878,44.50446753764818,,S
1796,1,3,Person_1795,female,43.573966360540695,4,3,TCK55206,41.93885623185007,,S
1797,0,1,Person_1796,female,34.57597560854612,3,4,TCK68582,177.0319105583609,,C
1798,1,3,Person_1797,female,10.549817777046137,3,2,TCK68334,107.44450601314148,,S
1799,0,3,Person_1798,female,27.26022056394338,4,3,TCK82323,145.5266920679701,C141,S
1800,0,1,Person_1799,male,44.84125635872132,3,1,TCK63619,6.029481806785904,,C
1801,0,3,Person_1800,female,29.278679000654954,4,0,TCK36875,101.30392569004836,,S
1802,0,3,Person_1801,female,37.04326516073245,4,1,TCK34514,6.910869839380027,,Q
1803,0,3,Person_1802,female,25.537523586554137,4,1,TCK32580,50.11043241966257,,S
1804,1,3,Person_1803,male,15.58263412041417,1,3,TCK95827,63.662243002988106,,S
1805,0,3,Person_1804,male,28.273183103354455,2,0,TCK14288,8.768498645919111,,S
1806,0,3,Person_1805,female,34.32666420245715,1,2,TCK16734,50.07328651963129,,Q
1807,1,3,Person_1806,female,20.82037192753979,4,1,TCK93000,5.0,,S
1808,0,1,Person_1807,female,26.70004257200664,2,0,TCK49008,17.355052141355014,C141,S
1809,1,2,Person_1808,female,16.847514612196242,2,2,TCK59349,127.0157847032862,,C
1810,1,3,Person_1809,male,45.66942884589734,4,1,TCK17814,9.420874740458197,,S
1811,1,2,Person_1810,female,25.877619393767525,2,0,TCK53154,5.0,,Q
1812,0,3,Person_1811,female,50.33857763176656,2,3,TCK17851,29.320418728030756,,C
1813,0,3,Person_1812,female,51.40246990757272,1,1,TCK11600,95.06249457018451,C141,S
1814,0,1,Person_1813,male,28.865356493895586,2,1,TCK66614,5.0,,S
1815,1,3,Person_1814,male,15.881717744337104,4,0,TCK82402,21.96676652298654,C141,S
1816,0,3,Person_1815,female,0.7974297117332796,0,1,TCK13692,115.01679848811244,C141,S
1817,1,2,Person_1816,female,9.39148097762492,0,2,TCK68027,6.286979950496242,,C
1818,0,1,Person_1817,female,10.76631245141876,0,1,TCK30373,18.601650008813976,C141,Q
1819,1,1,Person_1818,female,49.29857478446107,4,4,TCK72805,,C141,S
1820,0,2,Person_1819,female,31.621544221177246,0,2,TCK90383,39.17668366675194,,S
1821,0,3,Person_1820,male,35.45446333728783,1,0,TCK24507,89.28881241242414,,S
1822,0,2,Person_1821,male,0.0,4,2,TCK72931,5.916400065154435,,S
1823,1,3,Person_1822,male,13.228469990958338,4,4,TCK85499,126.63399452919148,C141,S
1824,1,2,Person_1823,female,42.41911687024802,4,4,TCK81642,136.60059607653395,,S
1825,0,2,Person_1824,male,34.0148375733562,2,1,TCK82869,,,S
1826,0,3,Person_1825,male,27.939126098401637,2,1,TCK49423,5.0,,S
1827,1,3,Person_1826,male,,2,3,TCK96120,229.47164326660783,,C
1828,1,1,Person_1827,female,52.90116928590141,3,2,TCK76600,,,S
1829,1,2,Person_1828,female,26.90540551048129,1,3,TCK51848,42.440413828716146,,C
1830,0,1,Person_1829,male,30.971177237212974,4,4,TCK16820,,C141,S
1831,1,2,Person_1830,female,32.696356862238275,4,1,TCK18512,77.95351222569849,,C
1832,0,3,Person_1831,male,63.489534893835895,2,1,TCK46725,83.56246618815688,,S
1833,1,1,Person_1832,male,0.6090122981336421,4,1,TCK61534,10.778938349096236,,C
1834,0,2,Person_1833,male,39.56512220704331,4,0,TCK95151,13.501063373010352,,C
1835,1,2,Person_1834,male,28.39276851737311,0,4,TCK49776,104.71071779615019,,S
1836,1,3,Person_1835,female,37.934804166578516,4,1,TCK70945,85.60610196050618,,S
1837,1,3,Person_1836,female,20.79678424407386,3,4,TCK93420,48.066939153468795,,Q
1838,1,1,Person_1837,female,29.314489567981695,2,1,TCK57455,261.9944907659908,,C
1839,1,3,Person_1838,female,39.959748112516934,1,2,TCK93488,66.43599103110476,,Q
1840,0,2,Person_1839,male,73.58074281461377,1,4,TCK62433,12.156903819382878,,C
1841,1,2,Person_1840,female,,0,3,TCK19711,93.74968412521845,C141,S
1842,1,3,Person_1841,male,18.127081627572878,1,0,TCK69262,26.784325215580484,,S
1843,1,3,Person_1842,female,24.067364451682153,1,3,TCK96009,5.0,C141,S
1844,0,3,Person_1843,female,23.652202482626045,2,4,TCK93785,19.387739128923183,C141,Q
1845,1,3,Person_1844,female,4.86099558317979,2,1,TCK19597,,,S
1846,0,2,Person_1845,male,25.37873731617988,3,4,TCK70067,161.2022169156906,C141,S
1847,1,3,Person_1846,male,40.25960714550443,0,0,TCK97520,16.157616232901795,,C
1848,1,2,Person_1847,male,12.16075033292487,1,4,TCK58022,14.152396296379873,,C
1849,0,3,Person_1848,male,44.67875711470829,3,1,TCK91924,,,S
1850,1,2,Person_1849,female,36.82884749518073,0,3,TCK28782,83.4816671661444,C141,S
1851,0,3,Person_1850,male,19.720733492405472,1,2,TCK61782,68.62463856913632,,S
1852,0,2,Person_1851,male,28.018585077270135,1,3,TCK82144,41.04435765826588,C141,S
1853,1,1,Person_1852,female,52.376505306974465,2,1,TCK65013,,,C
1854,0,3,Person_1853,female,40.269669389082125,4,1,TCK82036,13.860122621234547,C141,S
1855,1,1,Person_1854,male,30.122971168574068,0,0,TCK45342,28.332270081598708,,C
1856,1,3,Person_1855,female,26.67243356254622,1,4,TCK95745,14.743097746211667,,C
1857,0,2,Person_1856,male,31.072526986323233,0,4,TCK30977,107.88874132847867,,S
1858,0,1,Person_1857,female,22.835310188807753,3,3,TCK67396,5.970408813426445,,S
1859,0,1,Person_1858,male,0.5335069199337958,3,2,TCK60021,,,S
1860,0,1,Person_1859,male,58.59049074748623,4,2,TCK79057,15.07439324517383,C141,S
1861,1,3,Person_1860,male,32.17454998879162,1,0,TCK76836,,,S
1862,1,2,Person_1861,male,35.57406171171552,2,1,TCK37075,17.79182051222228,,C
1863,0,3,Person_1862,male,29.18929150172328,1,0,TCK99515,19.52232153810439,,S
1864,1,3,Person_1863,female,19.708364789855768,0,4,TCK40802,15.081816667077824,C141,C
1865,1,2,Person_1864,male,27.39705726671721,3,1,TCK87761,69.876445893391,,S
1866,1,3,Person_1865,male,7.608473329279644,0,0,TCK87017,22.762912507439133,,S
1867,1,3,Person_1866,male,61.879210972746264,4,3,TCK96753,64.79655032871305,C141,Q
1868,0,3,Person_1867,male,,3,4,TCK65822,30.44672941872562,,S
1869,0,2,Person_1868,male,15.552472026139487,2,2,TCK61603,39.62032201734562,,S
1870,1,2,Person_1869,female,23.836371138590394,3,0,TCK90291,39.185056786199624,,S
1871,0,3,Person_1870,female,48.033060147933284,1,4,TCK45592,186.1778501887137,,S
1872,0,3,Person_1871,male,30.203125989677158,1,4,TCK66006,22.869176395791253,,C
1873,0,3,Person_1872,female,12.694098855573525,3,2,TCK36269,11.639754862375241,C141,S
1874,1,2,Person_1873,male,47.560737050602754,4,2,TCK60138,121.40284705403681,,S
1875,1,3,Person_1874,female,40.23400877499674,1,2,TCK72398,9.60885553945329,,S
1876,1,2,Person_1875,female,37.538089401030334,1,0,TCK29874,89.9159002272654,,Q
1877,0,2,Person_1876,male,40.02027937639177,2,2,TCK67228,8.138588982903293,,S
1878,1,2,Person_1877,female,63.521066608154314,3,3,TCK72670,53.75323621279787,,S
1879,1,3,Person_1878,female,60.59132853050557,1,4,TCK17925,8.157769144536415,C141,S
1880,0,1,Person_1879,male,20.385985197953865,4,2,TCK13107,128.25325071310547,C141,S
1881,1,2,Person_1880,male,52.73438989935613,0,4,TCK96388,41.621414432797415,,S
1882,1,3,Person_1881,female,35.364354656624606,3,1,TCK37617,19.9697165664688,C141,S
1883,0,2,Person_1882,female,,2,1,TCK84258,7.559913995488506,,S
1884,0,1,Person_1883,female,6.308208356993401,1,2,TCK60075,,C141,S
1885,0,1,Person_1884,male,27.614599284565255,4,4,TCK32631,61.042391987908175,,S
1886,1,3,Person_1885,female,18.62046973528809,3,1,TCK72444,24.302657541686177,,Q
1887,1,3,Person_1886,female,41.592823408506334,4,2,TCK17883,14.124388385070372,,C
1888,1,2,Person_1887,female,44.99512700563927,4,4,TCK29708,43.06757657919965,,S
1889,0,3,Person_1888,male,0.9571910857716404,2,2,TCK56221,27.048939165328395,,S
1890,0,3,Person_1889,male,29.691511903940214,3,4,TCK27197,9.064478635455202,,S
1891,1,2,Person_1890,male,,1,1,TCK31134,8.361086179357175,,C
1892,1,3,Person_1891,male,27.38649452761177,2,2,TCK43550,61.45803363966298,,S
1893,0,3,Person_1892,female,40.206891030033105,1,1,TCK24642,183.7920325312611,,C
1894,0,3,Person_1893,male,34.91631654677918,0,2,TCK30439,13.269556646801423,,S
1895,0,1,Person_1894,female,34.78324324733677,4,0,TCK34583,74.17300525388038,,S
1896,0,3,Person_1895,female,26.201590307043837,0,1,TCK89538,5.0,,Q
1897,1,3,Person_1896,female,12.967868742100066,4,1,TCK72014,24.029042086823534,,C
1898,0,2,Person_1897,female,14.298577936049616,2,3,TCK29523,,C141,C
1899,1,2,Person_1898,male,39.93093520237444,1,1,TCK80543,15.649785153164128,C141,S
1900,1,1,Person_1899,male,30.272415577264365,1,4,TCK95971,37.70630000949012,,S
1901,1,1,Person_1900,male,28.060828575498853,2,2,TCK86830,107.11456361793266,,S
1902,0,3,Person_1901,male,,3,0,TCK55538,144.51275435461747,,S
1903,0,1,Person_1902,male,,0,4,TCK57310,5.298977270474559,C141,S
1904,0,2,Person_1903,female,44.65676512283395,0,4,TCK20908,15.862131201657997,,S
1905,0,3,Person_1904,male,25.306582853847626,1,4,TCK67290,,,S
1906,1,1,Person_1905,male,11.225094013778037,1,4,TCK63634,15.764203704804686,,S
1907,0,3,Person_1906,male,40.41112485756243,1,0,TCK22699,58.997736592409936,,C
1908,0,2,Person_1907,male,27.13172670589396,2,3,TCK76912,14.61488164713138,,Q
1909,1,2,Person_1908,female,30.43954211745887,3,1,TCK24255,22.0312202783952,,S
1910,0,2,Person_1909,female,52.506096289593145,0,4,TCK89183,10.615063832472767,,S
1911,1,2,Person_1910,female,29.712152197092898,4,1,TCK70282,97.00144169126558,,S
1912,1,1,Person_1911,female,34.04857142366215,2,1,TCK68249,107.1291911303843,,Q
1913,1,3,Person_1912,female,13.495071121823447,0,4,TCK48176,,,S
1914,1,3,Person_1913,male,26.924627667086558,3,3,TCK18163,86.7471725482843,,C
1915,1,2,Person_1914,female,38.53336463292042,2,1,TCK64210,,C141,C
1916,1,3,Person_1915,female,8.224767726222609,0,2,TCK81979,5.213578932425329,,S
1917,1,3,Person_1916,female,32.81183130361993,2,1,TCK88860,70.95666469779977,,S
1918,1,3,Person_1917,male,31.411075017027287,0,4,TCK31143,45.37227939987391,,Q
1919,0,2,Person_1918,male,30.57802437822415,0,0,TCK14920,16.036609243565742,,S
1920,0,2,Person_1919,female,44.5202245812154,3,1,TCK92911,,,S
1921,0,2,Person_1920,male,34.6821392078793,4,3,TCK47996,,,Q
1922,0,3,Person_1921,male,50.693006576990214,3,2,TCK21748,99.2069466017869,,S
1923,1,3,Person_1922,female,16.089746781683495,0,2,TCK91251,82.98351726927886,,C
1924,0,1,Person_1923,male,31.902943941056872,2,0,TCK57252,6.849308167733689,,Q
1925,1,2,Person_1924,male,31.182535009459265,3,0,TCK73179,70.36308727075601,,C
1926,0,3,Person_1925,male,15.03043708742888,4,1,TCK16450,12.074301359235646,,S
1927,0,3,Person_1926,female,43.38813002927884,0,4,TCK62756,,,S
1928,0,3,Person_1927,female,62.54542628193945,3,3,TCK60235,5.0,,S
1929,1,3,Person_1928,female,29.761914957226367,3,2,TCK10020,,,C
1930,0,2,Person_1929,male,37.07029523583274,3,0,TCK90253,27.987475911983644,,C
1931,1,3,Person_1930,female,31.18325866141458,3,3,TCK19664,86.92124278278881,,S
1932,1,3,Person_1931,male,20.00981462129954,2,4,TCK76635,72.66934154801991,,S
1933,0,1,Person_1932,male,4.509356110771773,4,2,TCK33225,23.499553061962832,C141,S
1934,0,3,Person_1933,male,20.11917123666489,4,2,TCK78173,41.68490545281533,C141,C
1935,0,3,Person_1934,female,,0,4,TCK95333,,,C
1936,1,1,Person_1935,female,53.85742909282765,1,2,TCK50225,5.0,,Q
1937,0,3,Person_1936,female,28.38846428507465,2,4,TCK20807,81.01940728108079,,C
1938,1,3,Person_1937,female,25.15712939333961,0,2,TCK93274,146.77517506099736,,C
1939,1,3,Person_1938,male,42.44815354702928,0,1,TCK16402,,C141,C
1940,0,1,Person_1939,female,14.295484560017568,3,4,TCK14521,,C141,S
1941,0,2,Person_1940,male,19.263903467936267,1,3,TCK73165,,C141,S
1942,1,3,Person_1941,female,30.953011769480696,1,1,TCK18382,5.0,,Q
1943,1,2,Person_1942,female,44.40276587992873,2,3,TCK25065,32.62676411363118,,S
1944,1,3,Person_1943,female,37.02359063236304,1,2,TCK95470,65.22847224345178,C141,S
1945,0,3,Person_1944,male,33.47655199522235,0,3,TCK24425,,,S
1946,1,1,Person_1945,male,31.093648293304227,1,1,TCK23111,10.934667724309943,,S
1947,0,3,Person_1946,male,35.603301977374855,1,4,TCK50799,53.18320275215906,,S
1948,1,3,Person_1947,male,32.82314067180957,4,0,TCK63257,57.736038798580225,,S
1949,1,2,Person_1948,male,15.5803881531229,0,3,TCK71177,134.74136724698985,,S
1950,0,3,Person_1949,female,30.64510910286412,1,0,TCK91046,7.937882796854338,,S
1951,1,3,Person_1950,male,14.968358775151465,1,3,TCK47851,58.93737682899815,,S
1952,0,3,Person_1951,male,,3,3,TCK18816,121.19653395510315,,C
1953,0,3,Person_1952,male,23.27092881916462,1,4,TCK87853,34.81401952906446,,S
1954,1,2,Person_1953,male,65.55134271896006,1,2,TCK12175,22.455153175666283,,S
1955,0,3,Person_1954,female,29.441478627476034,4,1,TCK21341,9.361649561596366,,S
1956,0,3,Person_1955,male,10.340646072337758,0,1,TCK73908,100.79025379725577,,S
1957,1,3,Person_1956,female,28.121477050523055,2,1,TCK35654,25.064096736164647,,S
1958,0,3,Person_1957,female,37.27102243893043,0,2,TCK70895,129.43504847369292,,C
1959,0,2,Person_1958,female,53.42709524613533,3,0,TCK69696,94.11429385997508,,C
1960,0,3,Person_1959,male,21.74766640085794,0,1,TCK67889,23.631542010985562,,S
1961,1,1,Person_1960,female,,1,0,TCK97144,42.6557400116478,C141,S
1962,0,2,Person_1961,male,41.43571816003374,3,2,TCK93115,,,S
1963,1,2,Person_1962,male,10.671618117404883,0,2,TCK40194,15.273392143555819,C141,Q
1964,1,3,Person_1963,male,23.89382381889521,3,4,TCK44837,,,Q
1965,0,3,Person_1964,male,26.393313202846084,2,1,TCK78894,56.64636029900735,,S
1966,0,3,Person_1965,male,29.025131653798486,0,4,TCK94358,21.799009121207217,,S
1967,0,3,Person_1966,female,39.6483023990407,1,1,TCK51576,82.67158824215234,,C
1968,1,3,Person_1967,female,20.429120047990573,3,2,TCK29727,13.448646054151911,C141,C
1969,0,3,Person_1968,male,26.16779046966535,4,2,TCK44579,30.927087543505245,C141,S
1970,0,2,Person_1969,female,29.80021505870856,3,3,TCK26555,31.98322458685926,C141,Q
1971,0,2,Person_1970,male,32.09437140526303,4,3,TCK63294,20.837686946172166,C141,S
1972,0,1,Person_1971,female,31.369580445910916,1,2,TCK59777,154.68501034059375,,S
1973,0,3,Person_1972,female,36.104080853116116,2,2,TCK15906,59.649011156243716,,C
1974,1,3,Person_1973,female,41.813753134984324,4,0,TCK50751,38.73948635847123,C141,S
1975,1,2,Person_1974,female,35.496877619113555,2,0,TCK79599,35.720082589225214,C141,C
1976,0,1,Person_1975,female,36.35019732912906,3,4,TCK84180,8.675787645242671,,S
1977,0,3,Person_1976,male,7.848875665549311,1,3,TCK83678,23.275638180198204,C141,S
1978,0,1,Person_1977,male,30.703187788319525,4,3,TCK41644,,,S
1979,0,3,Person_1978,female,36.71310567202252,3,2,TCK43521,129.22765587895967,C141,S
1980,1,3,Person_1979,male,,0,2,TCK21564,84.76723845205188,C141,S
1981,0,2,Person_1980,female,20.307089160726882,3,4,TCK80640,17.861598092218227,C141,Q
1982,1,2,Person_1981,male,20.77345015155897,2,3,TCK37299,28.454228532923093,,S
1983,1,3,Person_1982,female,21.962590546029624,1,0,TCK57958,5.0,,C
1984,0,3,Person_1983,female,37.509794598478805,1,1,TCK66078,,,S
1985,1,3,Person_1984,female,,3,4,TCK23421,,,C
1986,1,3,Person_1985,male,24.29555849791758,0,1,TCK98747,,,S
1987,1,1,Person_1986,male,42.71147239077868,2,0,TCK21202,15.328098786826603,,S
1988,1,3,Person_1987,female,31.72871732830432,3,0,TCK52185,51.47054843143515,,S
1989,0,3,Person_1988,female,28.25999911972589,3,1,TCK13685,,,S
1990,0,3,Person_1989,male,27.040620782548434,1,4,TCK52637,17.77065356546073,,S
1991,1,1,Person_1990,male,,2,1,TCK28366,71.02870798317262,,S
1992,0,3,Person_1991,male,34.558089435018985,0,4,TCK34276,11.508717920713488,,Q
1993,0,3,Person_1992,male,61.86155598706692,1,4,TCK90946,39.29069437129493,,C
1994,0,2,Person_1993,male,18.068854998037462,3,2,TCK58239,81.55378999788198,,Q
1995,0,1,Person_1994,female,37.25342382841966,1,3,TCK85214,38.50239242964428,,S
1996,0,3,Person_1995,male,22.59118586263882,1,3,TCK34575,119.27807752755808,,Q
1997,1,1,Person_1996,female,17.829982182158986,4,0,TCK51401,5.0,,C
1998,0,2,Person_1997,female,29.84786008151039,1,2,TCK51230,,,S
1999,0,2,Person_1998,male,,1,3,TCK89424,41.2489098444144,,S
2000,0,3,Person_1999,male,,2,4,TCK92263,53.992470165621185,,S
