PassengerId,Survived,Pclass,Name,Sex,Age,SibSp,Parch,Ticket,Fare,Cabin,Embarked
1,0,3,Passenger_0,male,37.4,3,0,32134C,44.0,B,S
2,1,3,Passenger_1,female,15.0,0,1,18190A,41.56,,S
3,0,3,Passenger_2,male,31.6,1,0,14350,,C,S
4,0,3,Passenger_3,male,29.6,3,1,53686A,41.0,B,S
5,0,2,Passenger_4,male,34.5,3,3,38700C,6.8,F,S
6,1,1,Passenger_5,female,31.6,0,2,39420B,5.07,,S
7,0,3,Passenger_6,male,35.3,3,1,35177C,62.7,D,S
8,0,2,Passenger_7,male,25.6,0,1,49651C,23.38,,C
9,0,3,Passenger_8,female,30.8,3,0,64339C,73.41,,C
10,1,3,Passenger_9,female,12.8,3,3,51070,3.41,C,C
11,0,1,Passenger_10,female,,2,0,70703C,31.14,B,S
12,0,3,Passenger_11,female,49.5,3,3,35406B,,,S
13,0,2,Passenger_12,male,34.5,1,3,11066C,65.21,B,S
14,0,3,Passenger_13,male,29.7,2,0,62940,72.71,,S
15,1,3,Passenger_14,female,56.5,0,2,60469A,61.85,,Q
16,0,3,Passenger_15,female,10.9,1,3,33350,11.99,C,C
17,1,1,Passenger_16,male,14.5,0,2,14114C,23.9,D,S
18,1,2,Passenger_17,male,54.0,0,0,59199A,58.2,B,S
19,1,3,Passenger_18,female,30.6,1,2,75133B,9.07,B,S
20,0,3,Passenger_19,male,,0,3,53266C,,C,S
21,1,3,Passenger_20,male,13.2,2,0,22595C,103.09,,C
22,0,1,Passenger_21,male,,1,2,49218,43.7,,C
23,1,2,Passenger_22,male,,0,0,56178A,2.1,,S
24,1,2,Passenger_23,female,14.7,0,0,17787A,28.74,,S
25,1,3,Passenger_24,male,28.0,3,2,74517C,27.93,C,S
26,1,2,Passenger_25,female,25.3,3,3,95985B,124.91,D,S
27,1,2,Passenger_26,male,33.6,0,3,13005A,108.3,D,S
28,1,3,Passenger_27,male,14.3,1,3,10334C,75.58,B,S
29,1,1,Passenger_28,female,47.5,2,3,86639B,37.99,C,S
30,1,3,Passenger_29,male,42.8,0,1,35169C,92.02,F,S
31,0,3,Passenger_30,male,,0,0,33452C,10.33,,S
32,0,3,Passenger_31,male,27.0,0,0,79433C,87.68,,C
33,1,2,Passenger_32,male,28.1,3,1,67253A,82.48,C,S
34,1,1,Passenger_33,male,19.1,1,0,85210C,44.7,,S
35,1,3,Passenger_34,female,23.8,0,0,29970C,89.87,,S
36,0,3,Passenger_35,female,26.2,3,2,39184,34.35,D,S
37,1,3,Passenger_36,female,52.6,0,1,90880C,5.72,C,S
38,0,1,Passenger_37,male,43.3,0,0,48365B,84.23,,C
39,0,3,Passenger_38,male,43.1,1,0,15051C,47.02,,S
40,0,3,Passenger_39,male,35.2,3,1,80080,71.06,,S
41,0,3,Passenger_40,male,14.4,2,1,79891A,,F,S
42,0,3,Passenger_41,male,,1,2,61662C,24.72,D,C
43,1,3,Passenger_42,male,43.6,2,2,68475C,,B,S
44,1,3,Passenger_43,female,,3,3,78052C,104.94,,S
45,1,1,Passenger_44,male,38.9,3,3,77015C,73.41,B,S
46,1,2,Passenger_45,male,62.5,2,2,50982B,25.51,C,C
47,1,1,Passenger_46,female,44.9,3,0,55078B,16.57,,S
48,0,2,Passenger_47,male,49.8,1,1,60873C,31.52,D,C
49,1,2,Passenger_48,female,33.1,0,2,68784A,24.16,B,S
50,1,1,Passenger_49,female,43.6,2,3,78083,58.31,,Q
51,0,2,Passenger_50,female,20.0,0,1,38130A,52.75,D,S
52,1,1,Passenger_51,male,41.1,2,3,58975,59.77,E,S
53,0,3,Passenger_52,female,39.2,0,0,77772C,20.57,C,S
54,1,3,Passenger_53,male,34.1,0,0,76116B,47.52,,Q
55,0,1,Passenger_54,female,48.4,1,3,24439,21.95,C,Q
56,1,3,Passenger_55,male,,0,1,36107A,55.08,B,S
57,1,3,Passenger_56,male,27.4,2,3,53394,91.14,,S
58,0,2,Passenger_57,male,,0,1,48665C,0.13,D,S
59,0,1,Passenger_58,male,15.6,3,2,42425C,66.92,B,S
60,0,3,Passenger_59,female,33.2,0,3,51432B,28.61,,S
61,0,3,Passenger_60,female,5.9,0,3,92778B,78.09,B,S
62,0,3,Passenger_61,female,44.7,3,1,94360C,55.55,B,S
63,0,1,Passenger_62,male,30.7,3,2,93295A,64.16,,Q
64,0,1,Passenger_63,female,22.7,2,1,13669C,52.27,,S
65,0,2,Passenger_64,male,18.3,3,1,25436C,96.49,,S
66,1,2,Passenger_65,female,26.7,3,3,46030C,62.16,F,S
67,1,2,Passenger_66,female,39.6,2,3,78402A,25.31,F,S
68,0,2,Passenger_67,male,37.7,2,1,19251A,53.46,,Q
69,1,3,Passenger_68,female,20.1,0,0,62647C,37.09,,Q
70,1,3,Passenger_69,male,18.2,1,0,75723C,55.68,B,S
71,1,2,Passenger_70,male,39.2,2,0,96498,35.31,,C
72,1,3,Passenger_71,male,,3,3,67245C,26.31,,S
73,0,2,Passenger_72,male,30.8,0,3,17408,56.97,,Q
74,1,2,Passenger_73,female,31.7,3,2,79069A,51.95,,Q
75,0,2,Passenger_74,male,34.4,2,3,73982C,87.24,D,C
76,1,3,Passenger_75,male,42.0,1,2,96190,35.48,,Q
77,1,3,Passenger_76,male,12.3,0,3,64617,19.33,E,S
78,1,3,Passenger_77,female,3.2,2,0,90212A,37.26,,S
79,0,2,Passenger_78,female,,2,0,16005C,6.93,C,Q
80,1,3,Passenger_79,female,55.2,3,1,79440,64.55,B,C
81,0,1,Passenger_80,female,58.3,1,1,21973A,8.59,C,S
82,1,3,Passenger_81,male,55.6,2,2,77797C,15.41,E,S
83,0,3,Passenger_82,male,27.3,3,2,27804B,37.32,,S
84,1,2,Passenger_83,male,5.1,0,1,71936A,104.04,,Q
85,0,3,Passenger_84,male,-2.8,3,2,34680,12.45,,S
86,0,3,Passenger_85,female,,0,3,26862C,,,S
87,1,1,Passenger_86,male,27.2,3,0,49553A,70.3,,S
88,0,3,Passenger_87,female,48.2,1,1,78574B,,D,S
89,1,2,Passenger_88,male,,3,1,42961C,77.22,B,S
90,1,3,Passenger_89,male,,1,3,36065A,88.29,,C
91,1,3,Passenger_90,male,17.5,1,2,61038B,80.25,B,C
92,1,3,Passenger_91,female,16.5,0,1,30957C,7.68,E,C
93,1,3,Passenger_92,female,,3,1,78116A,,,S
94,1,3,Passenger_93,female,39.8,3,3,72278B,79.7,C,C
95,1,1,Passenger_94,male,35.5,3,0,42454B,16.52,C,S
96,1,3,Passenger_95,female,15.5,1,1,63796B,29.71,B,S
97,1,2,Passenger_96,male,39.1,2,1,76411C,21.89,,C
98,1,2,Passenger_97,male,36.0,3,3,70069A,,B,S
99,1,2,Passenger_98,female,15.0,3,1,61861,47.58,,S
100,0,1,Passenger_99,male,19.0,2,1,59487A,38.77,D,C
101,0,3,Passenger_100,female,39.6,0,0,33398C,5.14,,C
102,1,1,Passenger_101,male,26.7,3,1,38517,47.64,B,S
103,1,3,Passenger_102,male,52.2,2,3,76783A,,,C
104,1,2,Passenger_103,female,37.0,3,0,17111B,58.52,,S
105,1,1,Passenger_104,male,23.2,1,0,10310A,10.0,,C
106,1,3,Passenger_105,female,29.9,2,0,27988,56.23,,S
107,1,1,Passenger_106,male,30.9,1,2,63134A,34.64,F,S
108,1,2,Passenger_107,female,19.8,2,3,65326C,6.27,B,Q
109,1,3,Passenger_108,male,17.2,0,2,99937B,3.55,,C
110,0,1,Passenger_109,male,39.8,1,1,43264B,8.8,,C
111,1,3,Passenger_110,male,41.8,3,0,52964C,42.78,F,S
112,0,1,Passenger_111,male,38.5,2,2,15910A,54.23,C,S
113,1,2,Passenger_112,female,51.2,3,1,56165A,59.44,C,C
114,1,3,Passenger_113,male,22.4,0,2,42821B,60.76,D,S
115,0,2,Passenger_114,male,53.4,2,0,54392,23.45,B,S
116,1,1,Passenger_115,male,17.4,0,1,42996C,87.04,,S
117,0,2,Passenger_116,male,,2,0,87558A,34.52,B,S
118,1,2,Passenger_117,female,5.4,1,0,88196A,65.76,D,S
119,1,3,Passenger_118,female,23.8,3,2,94387B,44.25,,S
120,0,2,Passenger_119,male,22.9,1,3,43299,63.15,,S
121,1,3,Passenger_120,female,37.4,1,1,86763,42.5,F,C
122,0,3,Passenger_121,male,33.4,1,1,83564B,63.78,B,C
123,1,2,Passenger_122,male,13.3,1,3,42857,49.74,B,S
124,0,3,Passenger_123,female,24.5,2,1,75217C,78.48,E,S
125,0,2,Passenger_124,male,24.8,3,2,76828C,21.35,D,S
126,1,3,Passenger_125,female,5.1,2,1,33880C,11.95,D,S
127,1,1,Passenger_126,female,16.3,2,2,17559B,15.93,C,S
128,0,3,Passenger_127,male,,2,1,45159C,,,C
129,1,2,Passenger_128,female,,1,2,69289,44.59,C,C
130,1,2,Passenger_129,female,32.7,0,3,88740A,53.22,E,C
131,1,3,Passenger_130,male,39.3,1,1,19866,13.12,,S
132,0,3,Passenger_131,female,9.0,2,2,47997B,52.29,,Q
133,0,1,Passenger_132,male,46.7,1,0,17553,14.2,D,C
134,0,1,Passenger_133,female,48.2,3,0,77323,19.35,C,S
135,0,3,Passenger_134,female,2.0,3,0,54810B,,,C
136,0,3,Passenger_135,male,,1,1,68719C,65.58,C,S
137,0,3,Passenger_136,male,,1,2,79451,69.31,,S
138,0,3,Passenger_137,female,39.0,0,0,10092C,70.27,,C
139,0,3,Passenger_138,male,20.5,1,1,39995B,,C,Q
140,0,3,Passenger_139,male,25.7,1,2,72957B,49.77,,S
141,1,2,Passenger_140,male,21.6,0,0,31892C,43.11,,S
142,0,1,Passenger_141,male,,1,0,46632B,3.63,,S
143,1,3,Passenger_142,male,46.8,1,1,72565A,50.56,E,S
144,1,3,Passenger_143,male,19.2,1,2,70753,41.24,,S
145,1,1,Passenger_144,male,44.0,1,1,60049,67.9,,C
146,0,2,Passenger_145,female,19.1,1,0,57881,52.84,,S
147,0,3,Passenger_146,male,18.1,2,1,62865,30.77,,Q
148,0,3,Passenger_147,male,41.5,1,1,60684,82.4,C,S
149,0,2,Passenger_148,male,42.9,0,0,85705C,27.74,B,C
150,1,2,Passenger_149,male,41.9,1,0,67314C,47.75,,S
151,0,2,Passenger_150,male,11.6,2,2,60503A,11.71,C,S
152,0,2,Passenger_151,male,23.5,0,2,56176C,18.07,C,C
153,0,2,Passenger_152,male,41.5,0,0,86288,,E,Q
154,0,1,Passenger_153,female,30.6,1,0,66010,5.4,B,S
155,0,3,Passenger_154,female,15.0,3,3,20589,0.17,,C
156,1,2,Passenger_155,female,36.4,2,3,22833C,133.37,,S
157,0,3,Passenger_156,female,20.0,3,2,89903A,,,S
158,1,3,Passenger_157,female,55.1,1,1,26642,107.77,F,S
159,0,2,Passenger_158,male,51.6,2,0,50771A,43.97,B,S
160,1,3,Passenger_159,female,38.5,3,0,20097,31.63,,S
161,0,2,Passenger_160,male,49.1,2,1,88743A,69.84,,Q
162,0,3,Passenger_161,female,30.9,1,2,33426,96.78,,S
163,1,2,Passenger_162,female,40.7,2,3,76333,9.89,C,S
164,1,3,Passenger_163,male,50.7,1,2,81249,32.14,,S
165,1,3,Passenger_164,male,33.4,3,1,30404B,79.64,,S
166,0,2,Passenger_165,male,26.4,2,0,81447C,60.08,,S
167,1,1,Passenger_166,female,6.1,0,3,79848,88.57,B,S
168,0,3,Passenger_167,female,28.8,1,1,65331,68.03,,S
169,0,3,Passenger_168,female,41.5,2,0,28440,,,S
170,1,2,Passenger_169,male,43.2,0,2,91364C,56.25,F,S
171,1,3,Passenger_170,female,37.1,0,3,56720C,57.76,F,S
172,0,2,Passenger_171,male,22.4,0,0,55428,61.26,C,Q
173,0,3,Passenger_172,female,2.3,0,0,32169,45.01,B,S
174,1,1,Passenger_173,male,23.1,1,0,55419B,79.68,C,S
175,1,3,Passenger_174,male,25.7,2,0,77487C,58.3,B,S
176,1,2,Passenger_175,male,25.6,0,0,89363B,77.59,B,S
177,0,2,Passenger_176,female,,2,2,18985B,83.06,B,S
178,0,1,Passenger_177,female,57.8,2,1,32897A,65.0,B,S
179,0,1,Passenger_178,male,31.7,3,3,15973C,67.56,,S
180,0,3,Passenger_179,male,27.0,2,2,83250B,14.64,,S
181,0,2,Passenger_180,female,26.4,1,3,64309A,30.74,D,C
182,0,3,Passenger_181,male,31.7,1,0,66718C,79.52,D,S
183,1,1,Passenger_182,female,18.4,0,1,78809,99.83,,S
184,0,2,Passenger_183,male,31.7,2,0,62621B,17.92,,S
185,0,2,Passenger_184,male,36.3,1,2,65084,,B,S
186,0,1,Passenger_185,female,,1,2,85691B,50.83,,S
187,1,1,Passenger_186,female,36.4,1,3,98484C,,,S
188,0,2,Passenger_187,male,36.1,0,0,80172C,21.21,,S
189,0,2,Passenger_188,male,5.2,1,0,70916,,,S
190,1,2,Passenger_189,female,38.9,2,1,47236C,105.35,,C
191,0,3,Passenger_190,male,20.6,1,1,23984C,21.11,,Q
192,0,3,Passenger_191,female,14.7,1,0,23063C,44.03,D,S
193,0,1,Passenger_192,male,14.5,0,3,30490,66.21,,C
194,0,2,Passenger_193,male,,2,1,66472A,77.31,,S
195,0,3,Passenger_194,female,26.9,1,0,82838A,61.17,,C
196,1,3,Passenger_195,female,6.5,2,0,91830C,111.65,,S
197,1,3,Passenger_196,male,36.7,2,0,12302B,,,S
198,1,2,Passenger_197,female,9.8,1,2,52311B,95.92,,S
199,0,3,Passenger_198,male,32.0,0,3,48261C,27.38,F,C
200,0,3,Passenger_199,male,33.3,2,0,27171A,52.03,C,S
201,0,3,Passenger_200,female,42.4,3,0,51226,7.55,B,C
202,1,3,Passenger_201,female,54.9,1,0,80628B,81.53,,S
203,0,1,Passenger_202,female,10.9,2,1,74223B,45.78,,S
204,0,1,Passenger_203,male,29.3,2,0,89353,62.52,E,S
205,1,3,Passenger_204,male,26.1,2,2,80052,39.03,,S
206,0,3,Passenger_205,male,36.1,1,2,73624C,70.52,B,S
207,1,1,Passenger_206,male,33.0,3,3,24530C,63.91,E,Q
208,1,2,Passenger_207,female,25.1,2,0,44281C,15.19,D,S
209,1,1,Passenger_208,male,23.8,2,0,99345A,17.21,,S
210,0,2,Passenger_209,female,14.4,0,0,31735,49.03,,C
211,0,3,Passenger_210,male,43.8,1,2,82285B,73.09,,S
212,0,3,Passenger_211,male,36.4,1,1,17005A,115.2,B,C
213,0,2,Passenger_212,male,42.8,2,1,61496C,60.6,,Q
214,0,2,Passenger_213,male,25.7,0,0,99074,85.26,C,S
215,0,1,Passenger_214,male,20.8,2,1,31708A,6.45,B,S
216,0,2,Passenger_215,female,14.9,2,3,24412B,120.45,B,S
217,1,3,Passenger_216,male,35.0,1,2,39378,71.2,D,S
218,0,3,Passenger_217,female,15.4,0,0,88580C,48.26,,Q
219,1,3,Passenger_218,male,55.9,2,1,41309,44.24,F,Q
220,0,1,Passenger_219,female,11.7,1,0,12435C,11.25,,S
221,0,3,Passenger_220,male,33.8,2,0,98700A,21.25,B,S
222,0,3,Passenger_221,female,51.9,2,2,13386A,,D,C
223,1,3,Passenger_222,male,38.4,0,2,55503A,15.38,D,S
224,1,2,Passenger_223,female,32.5,0,1,81972B,14.71,B,S
225,1,2,Passenger_224,female,16.4,0,2,82939C,25.42,,C
226,1,2,Passenger_225,male,10.7,2,3,53464,8.06,D,S
227,0,1,Passenger_226,male,40.8,3,0,92758B,50.54,,S
228,1,2,Passenger_227,male,51.1,0,2,96679A,88.11,D,Q
229,0,2,Passenger_228,female,23.9,3,1,13138,28.63,,S
230,0,2,Passenger_229,male,14.1,3,1,96525C,1.93,C,S
231,1,3,Passenger_230,male,-4.4,3,1,78698A,60.22,,S
232,1,2,Passenger_231,male,16.3,1,3,35765B,48.05,C,S
233,1,1,Passenger_232,male,28.4,2,2,10837C,85.1,,S
234,1,3,Passenger_233,female,,0,2,87579B,34.09,E,C
235,1,3,Passenger_234,male,39.4,2,3,66997B,40.89,B,S
236,1,3,Passenger_235,female,34.3,2,2,54770B,44.77,,S
237,1,3,Passenger_236,female,24.4,1,2,99608C,53.12,C,C
238,1,3,Passenger_237,male,21.8,1,2,78189A,36.26,C,C
239,0,3,Passenger_238,female,,1,3,70594B,30.59,,S
240,1,1,Passenger_239,male,32.8,2,3,47448C,14.76,E,S
241,1,2,Passenger_240,female,0.6,3,1,47959B,30.21,,C
242,0,2,Passenger_241,male,,2,3,88340C,75.03,B,S
243,1,1,Passenger_242,female,18.0,1,3,44029B,79.76,C,Q
244,0,1,Passenger_243,male,22.4,2,1,18312A,33.51,D,Q
245,0,3,Passenger_244,male,37.9,1,3,64994B,95.48,,S
246,1,3,Passenger_245,male,28.5,1,2,12884B,49.0,,S
247,0,3,Passenger_246,male,28.9,0,0,30522,3.18,,S
248,0,1,Passenger_247,female,48.4,3,1,21460C,7.83,,S
249,0,3,Passenger_248,male,20.2,1,0,94039C,92.64,C,Q
250,0,3,Passenger_249,female,56.1,0,0,99636C,36.94,C,S
251,1,2,Passenger_250,male,,3,1,56905A,7.51,B,C
252,0,3,Passenger_251,female,31.2,1,0,45813C,29.07,,S
253,1,2,Passenger_252,male,26.1,3,0,48353B,,,S
254,0,2,Passenger_253,male,31.7,3,1,44985,64.17,C,Q
255,0,3,Passenger_254,male,36.2,2,1,68261B,,C,C
256,0,2,Passenger_255,female,36.1,0,2,71590C,13.14,,S
257,0,2,Passenger_256,male,19.5,3,1,57883C,30.77,,S
258,1,3,Passenger_257,female,14.3,2,3,61566C,93.51,,C
259,1,3,Passenger_258,female,65.0,3,0,50937,1.25,B,S
260,0,1,Passenger_259,male,23.2,2,1,36862B,27.54,,S
261,0,1,Passenger_260,female,39.8,1,2,26312,92.38,,S
262,1,1,Passenger_261,male,7.5,1,1,78734B,67.3,B,S
263,0,3,Passenger_262,male,26.1,2,0,84268A,56.27,,S
264,0,2,Passenger_263,female,28.2,1,1,81341,27.3,D,S
265,0,1,Passenger_264,female,36.6,1,0,94449C,51.07,B,C
266,1,3,Passenger_265,female,-8.1,1,1,74010C,31.18,,S
267,1,3,Passenger_266,male,32.3,3,2,13006A,19.92,,S
268,1,2,Passenger_267,male,,2,3,73228A,12.2,E,S
269,0,3,Passenger_268,male,34.5,0,2,18505C,77.44,C,S
270,0,3,Passenger_269,female,15.5,0,1,26505,,,S
271,1,1,Passenger_270,male,18.0,2,0,72518,,B,C
272,1,2,Passenger_271,female,26.2,3,2,34744C,55.31,B,S
273,1,3,Passenger_272,male,15.3,1,3,23460A,65.43,D,S
274,1,2,Passenger_273,male,23.3,1,3,63273,41.08,,S
275,0,3,Passenger_274,male,,3,0,38544A,33.14,C,S
276,1,2,Passenger_275,male,4.3,0,1,99314C,21.47,,S
277,0,1,Passenger_276,male,44.3,2,2,38593B,0.51,C,S
278,1,1,Passenger_277,female,11.9,2,2,11729,10.73,,S
279,0,2,Passenger_278,female,27.5,3,0,97872B,37.21,,S
280,1,2,Passenger_279,male,40.5,1,2,44936B,6.11,,S
281,1,1,Passenger_280,male,21.4,1,0,57652A,1.62,F,S
282,1,3,Passenger_281,male,18.4,1,0,73784B,86.47,B,S
283,1,3,Passenger_282,female,33.2,2,1,83204A,57.85,,C
284,0,3,Passenger_283,male,45.7,0,0,86844C,34.19,,S
285,1,3,Passenger_284,female,13.6,2,2,69773,129.51,B,S
286,0,2,Passenger_285,male,27.9,3,0,84432A,7.69,F,S
287,0,3,Passenger_286,male,5.7,2,2,29283,84.15,D,S
288,0,1,Passenger_287,female,24.5,3,0,35282A,46.1,D,C
289,0,3,Passenger_288,male,30.5,2,1,89455C,77.48,E,C
290,1,3,Passenger_289,male,18.0,0,1,62984A,53.81,,S
291,0,3,Passenger_290,male,23.6,3,0,14721B,15.53,B,S
292,0,3,Passenger_291,male,10.3,1,0,36173C,53.34,F,S
293,0,3,Passenger_292,male,31.1,1,0,69418,61.74,,S
294,1,2,Passenger_293,female,44.8,2,1,77454B,26.72,F,S
295,1,2,Passenger_294,female,14.6,2,3,86262C,118.04,,S
296,1,3,Passenger_295,male,21.3,0,0,34815,60.89,C,C
297,1,1,Passenger_296,female,,0,3,32594A,73.52,,S
298,0,3,Passenger_297,male,47.0,1,0,66511C,9.21,B,S
299,0,3,Passenger_298,male,9.1,2,2,95768,74.17,,S
300,1,1,Passenger_299,male,27.6,3,1,16374C,88.13,B,Q
301,0,3,Passenger_300,male,34.0,0,3,79178A,58.87,E,C
302,0,3,Passenger_301,male,28.6,3,3,41914C,49.67,D,Q
303,0,3,Passenger_302,female,-4.7,3,1,71379,18.72,E,S
304,1,3,Passenger_303,male,37.0,0,3,69015B,42.43,B,S
305,1,3,Passenger_304,male,51.3,2,0,76864B,32.08,,S
306,0,3,Passenger_305,male,31.6,3,3,28760B,70.02,D,S
307,1,3,Passenger_306,female,15.6,2,0,87599C,,,S
308,1,1,Passenger_307,female,22.8,3,3,13140B,69.76,C,S
309,1,2,Passenger_308,male,54.8,2,2,84266A,20.64,,S
310,1,3,Passenger_309,male,42.7,2,3,24057B,40.82,,S
311,1,2,Passenger_310,male,39.0,2,3,39114,71.56,,S
312,0,3,Passenger_311,male,35.0,2,0,66215C,25.37,E,S
313,1,3,Passenger_312,male,20.7,0,1,28580C,72.77,B,C
314,0,1,Passenger_313,male,27.2,3,2,19802B,,,S
315,0,3,Passenger_314,male,28.9,2,1,79543,40.52,,S
316,1,3,Passenger_315,male,37.7,1,0,24058B,90.66,,S
317,0,2,Passenger_316,male,51.1,3,2,47519,52.72,,S
318,0,1,Passenger_317,female,45.7,3,3,25445C,88.58,C,S
319,0,1,Passenger_318,female,10.1,2,1,99450C,112.77,,S
320,1,2,Passenger_319,male,33.1,3,1,38695C,41.55,,S
321,1,3,Passenger_320,male,40.3,1,1,61227A,72.57,C,Q
322,0,2,Passenger_321,male,38.7,1,3,40185A,27.69,C,C
323,1,3,Passenger_322,male,21.2,1,0,55908,13.85,,S
324,1,2,Passenger_323,female,70.8,3,3,57993A,43.16,D,C
325,1,2,Passenger_324,male,12.1,3,3,12078C,2.31,,S
326,1,3,Passenger_325,female,,2,0,87609C,17.18,,C
327,0,3,Passenger_326,female,33.3,3,0,33397B,70.7,,S
328,0,1,Passenger_327,male,59.6,3,3,22337B,,,S
329,1,2,Passenger_328,male,18.3,2,0,16011A,74.87,,S
330,1,1,Passenger_329,male,26.3,1,1,49855A,60.48,B,S
331,0,2,Passenger_330,male,45.1,2,2,56845C,114.79,B,S
332,0,3,Passenger_331,male,29.7,0,0,97030C,68.35,,C
333,1,1,Passenger_332,male,25.3,3,2,82435C,,,S
334,0,2,Passenger_333,female,37.9,3,1,43797A,64.07,,Q
335,1,2,Passenger_334,male,33.8,0,0,43179B,60.9,E,S
336,1,3,Passenger_335,male,44.4,0,3,44073C,90.77,C,Q
337,0,3,Passenger_336,female,48.1,0,3,47363,73.41,D,Q
338,0,1,Passenger_337,female,34.3,2,1,21697C,57.35,B,Q
339,1,3,Passenger_338,male,34.1,1,0,48380B,57.2,,S
340,1,2,Passenger_339,female,33.0,2,3,70857B,68.84,,S
341,0,2,Passenger_340,male,,0,0,85058,26.5,C,S
342,1,3,Passenger_341,male,30.8,2,2,87534C,25.02,,S
343,0,3,Passenger_342,male,30.0,3,3,11149A,99.89,,C
344,1,3,Passenger_343,male,46.8,2,1,26390A,115.25,,S
345,0,3,Passenger_344,female,51.2,0,3,46018,17.49,,S
346,0,2,Passenger_345,female,8.9,3,1,99583C,26.59,D,C
347,0,3,Passenger_346,female,30.1,1,1,31471C,89.99,,C
348,1,2,Passenger_347,male,20.4,2,2,24263B,68.67,E,S
349,1,3,Passenger_348,male,25.6,2,2,62451,73.67,,S
350,0,2,Passenger_349,male,35.6,0,1,87969B,81.38,,S
351,1,3,Passenger_350,male,39.4,1,3,21559A,41.57,,S
352,0,2,Passenger_351,female,28.4,3,1,14952C,61.55,,S
353,0,1,Passenger_352,female,3.2,0,0,50610B,58.83,,S
354,1,3,Passenger_353,male,16.5,0,0,96467B,19.95,C,S
355,1,1,Passenger_354,male,42.6,2,3,18019B,61.03,B,S
356,0,3,Passenger_355,male,-8.4,1,3,47929A,93.32,C,Q
357,1,2,Passenger_356,male,46.6,0,2,44620,38.31,B,C
358,1,1,Passenger_357,male,,2,0,58474,55.34,C,C
359,0,1,Passenger_358,male,48.4,3,1,95504B,57.23,,S
360,0,1,Passenger_359,male,27.2,0,1,61046C,40.04,C,C
361,1,3,Passenger_360,male,1.1,3,0,72496C,73.69,F,S
362,0,2,Passenger_361,male,36.0,3,0,41739A,26.2,,S
363,0,3,Passenger_362,male,47.8,2,2,83324B,96.64,,S
364,1,3,Passenger_363,female,42.9,1,0,44838A,71.92,,S
365,0,2,Passenger_364,male,20.7,3,2,14134A,17.21,B,S
366,0,3,Passenger_365,female,31.2,0,3,39431C,109.43,,S
367,1,3,Passenger_366,male,22.5,1,3,79020B,55.88,D,S
368,1,3,Passenger_367,male,18.5,1,0,66993,24.7,F,S
369,0,2,Passenger_368,male,43.4,2,0,57312B,88.66,,S
370,0,2,Passenger_369,male,13.2,0,0,48916C,67.31,C,S
371,1,3,Passenger_370,female,17.5,0,0,30693,12.02,,S
372,1,3,Passenger_371,male,14.5,2,1,92839C,31.6,,S
373,1,3,Passenger_372,female,9.1,2,1,95130A,,,S
374,1,2,Passenger_373,female,32.0,1,3,94639C,25.58,,S
375,0,3,Passenger_374,male,46.3,3,1,90538,52.98,,S
376,1,2,Passenger_375,male,,3,0,53324A,55.53,E,S
377,1,2,Passenger_376,female,8.9,3,2,85455,8.58,C,C
378,0,2,Passenger_377,male,41.8,3,3,97463,59.47,,S
379,1,3,Passenger_378,female,53.6,0,0,87914B,,,S
380,0,1,Passenger_379,male,21.0,0,1,97081A,8.3,C,S
381,1,2,Passenger_380,male,23.3,2,2,88593A,82.18,B,S
382,1,3,Passenger_381,male,37.2,2,2,12048A,79.32,,S
383,1,2,Passenger_382,male,52.7,3,1,53935C,39.86,B,S
384,0,1,Passenger_383,female,22.7,2,0,42973C,43.05,,S
385,0,1,Passenger_384,male,11.3,0,2,25185,75.42,,Q
386,1,3,Passenger_385,female,38.8,3,2,65885C,42.98,B,C
387,0,3,Passenger_386,male,41.2,3,1,28061,17.58,C,S
388,0,2,Passenger_387,male,30.1,0,2,54597A,,,S
389,0,3,Passenger_388,male,,1,2,33931,21.54,E,C
390,0,3,Passenger_389,male,43.9,3,2,34654C,36.36,,S
391,0,2,Passenger_390,male,,2,3,68820A,101.03,B,Q
392,0,3,Passenger_391,male,19.2,1,0,63886B,45.31,C,S
393,1,3,Passenger_392,female,30.7,0,0,82470B,50.06,,Q
394,1,3,Passenger_393,male,11.1,1,1,95148A,,F,C
395,0,1,Passenger_394,male,39.6,1,0,84842B,67.69,B,C
396,1,3,Passenger_395,female,26.3,3,2,75324A,17.83,C,S
397,1,3,Passenger_396,female,23.9,1,0,92080,47.89,,S
398,1,2,Passenger_397,male,29.5,2,3,11425B,51.27,,S
399,1,2,Passenger_398,male,30.6,3,2,55375,59.52,B,C
400,0,1,Passenger_399,female,42.5,0,2,20603A,60.12,,S
401,1,1,Passenger_400,male,38.3,2,3,25801C,140.56,B,Q
402,1,3,Passenger_401,male,27.8,3,3,66318B,8.84,D,C
403,0,1,Passenger_402,male,40.7,1,0,26985,84.3,,S
404,0,2,Passenger_403,female,35.6,2,0,31068,91.42,,S
405,1,3,Passenger_404,male,,3,0,44288C,67.25,B,S
406,1,1,Passenger_405,female,28.3,3,3,76653B,27.24,C,S
407,1,3,Passenger_406,male,27.9,0,0,50068A,108.26,C,Q
408,1,2,Passenger_407,female,37.1,3,1,22459B,26.72,,S
409,1,2,Passenger_408,male,24.9,0,0,95000C,26.09,C,C
410,1,2,Passenger_409,male,24.5,1,3,80313A,91.01,C,Q
411,0,2,Passenger_410,female,57.6,3,3,86968,,B,Q
412,1,1,Passenger_411,male,43.2,3,1,13801B,105.88,E,S
413,1,3,Passenger_412,male,19.4,1,2,36511C,2.91,,S
414,0,3,Passenger_413,male,38.0,3,1,83635B,11.08,B,C
415,0,2,Passenger_414,male,,3,3,65233,31.39,,C
416,0,3,Passenger_415,male,35.5,2,2,72963A,64.61,C,S
417,0,3,Passenger_416,female,31.9,0,1,30764B,42.23,F,S
418,1,3,Passenger_417,male,46.7,3,1,61694C,,B,S
419,1,2,Passenger_418,male,34.8,3,2,90085A,99.71,B,C
420,1,2,Passenger_419,male,29.1,0,1,26583,102.97,D,S
421,1,2,Passenger_420,female,44.6,2,2,82532,35.5,,S
422,1,3,Passenger_421,female,33.3,0,0,24201,9.84,,S
423,1,3,Passenger_422,male,31.7,3,2,70019A,25.51,E,C
424,0,1,Passenger_423,male,34.4,1,1,50602B,,,S
425,1,2,Passenger_424,female,28.7,1,0,63124A,72.96,B,C
426,0,3,Passenger_425,male,30.1,2,3,59031B,52.2,,S
427,0,3,Passenger_426,female,21.8,2,3,67731,47.52,,Q
428,1,3,Passenger_427,female,19.5,3,3,11662C,21.84,,S
429,0,3,Passenger_428,female,16.0,2,1,17589C,72.92,,Q
430,1,2,Passenger_429,male,10.5,3,0,59364,108.74,D,S
431,0,3,Passenger_430,female,17.7,1,2,84285B,27.59,,S
432,1,3,Passenger_431,female,27.6,2,3,16645,47.29,D,S
433,0,1,Passenger_432,male,31.4,3,3,44762C,16.04,,S
434,1,3,Passenger_433,male,26.2,0,0,31432C,2.17,B,C
435,1,3,Passenger_434,male,-3.0,2,0,92394,10.45,B,C
436,1,1,Passenger_435,male,52.0,3,0,83769,,C,S
437,1,3,Passenger_436,male,45.2,3,1,36671A,64.17,E,S
438,1,3,Passenger_437,male,36.2,0,0,38233,,,Q
439,0,3,Passenger_438,male,56.7,1,2,77804A,50.31,,S
440,0,1,Passenger_439,male,,0,2,60091C,11.54,,C
441,0,2,Passenger_440,male,56.4,3,3,94905A,41.66,,S
442,1,3,Passenger_441,female,16.5,0,2,21319C,1.48,C,C
443,0,2,Passenger_442,female,,0,0,16028B,7.76,F,C
444,1,3,Passenger_443,male,12.2,3,2,35940C,70.32,,S
445,1,3,Passenger_444,male,30.2,1,3,18422,56.8,,S
446,0,1,Passenger_445,male,35.4,0,1,69648B,70.56,B,Q
447,0,3,Passenger_446,female,27.8,0,2,30688A,37.49,C,S
448,1,3,Passenger_447,female,40.0,2,3,24472,,D,S
449,0,2,Passenger_448,female,31.4,2,3,90436,35.53,,C
450,1,3,Passenger_449,male,22.7,3,0,70809,89.08,,S
451,1,3,Passenger_450,female,,3,3,20960A,62.06,D,S
452,1,3,Passenger_451,male,41.4,3,2,12074B,42.76,,S
453,1,3,Passenger_452,female,20.8,2,3,44833B,57.42,C,S
454,1,2,Passenger_453,male,42.8,3,3,45976C,49.37,D,C
455,0,3,Passenger_454,female,47.1,0,0,75658A,,,Q
456,0,3,Passenger_455,male,6.6,0,0,31480C,58.59,B,S
457,1,3,Passenger_456,female,,1,2,19443B,49.94,,S
458,1,3,Passenger_457,female,58.8,3,3,10990A,41.65,,S
459,0,2,Passenger_458,male,33.5,0,1,81092B,79.51,,C
460,0,3,Passenger_459,male,38.4,0,3,71336B,74.78,,S
461,1,1,Passenger_460,female,,1,1,39097C,,C,C
462,0,2,Passenger_461,male,26.1,0,2,80245B,9.55,D,Q
463,1,2,Passenger_462,male,32.6,1,0,29186A,18.43,D,S
464,0,3,Passenger_463,male,11.6,1,2,94744A,43.55,,S
465,1,3,Passenger_464,male,31.9,2,0,98015B,97.21,B,C
466,0,3,Passenger_465,male,37.0,0,0,22922,41.24,D,C
467,1,3,Passenger_466,male,37.2,2,3,40766,29.21,,S
468,0,3,Passenger_467,male,44.9,0,3,32537,11.63,,S
469,0,3,Passenger_468,male,19.2,2,0,63034,102.97,B,S
470,1,2,Passenger_469,female,22.5,1,1,55542,69.92,C,S
471,0,2,Passenger_470,female,56.5,1,1,38234A,77.86,E,C
472,1,1,Passenger_471,female,27.9,1,3,78633C,83.66,D,C
473,0,3,Passenger_472,male,32.8,1,2,94558C,,,S
474,1,3,Passenger_473,female,29.1,0,1,64703C,52.96,C,S
475,0,2,Passenger_474,male,18.5,3,0,62623C,102.1,,S
476,1,1,Passenger_475,male,52.7,0,3,91504B,,C,S
477,0,3,Passenger_476,female,22.6,2,3,70631B,70.56,C,S
478,1,1,Passenger_477,female,,0,0,26642A,80.47,B,C
479,0,3,Passenger_478,female,23.7,0,2,92373C,72.5,,S
480,1,3,Passenger_479,female,2.0,2,0,63622,45.51,C,C
481,1,2,Passenger_480,male,20.9,1,2,14170B,48.81,,S
482,1,2,Passenger_481,male,16.4,2,3,15136A,77.22,,S
483,0,3,Passenger_482,female,38.6,2,2,83687C,77.16,D,S
484,1,3,Passenger_483,male,20.6,3,0,62479B,90.89,B,S
485,0,3,Passenger_484,male,42.4,3,3,90839A,69.29,,S
486,1,3,Passenger_485,female,49.6,1,1,95031B,70.88,,S
487,0,1,Passenger_486,female,40.9,2,3,23761C,34.38,,S
488,1,3,Passenger_487,male,27.0,2,0,11821A,29.66,,C
489,0,3,Passenger_488,female,32.0,2,0,58646,77.32,B,S
490,0,3,Passenger_489,female,8.7,0,3,46200B,29.9,,C
491,1,1,Passenger_490,female,28.1,3,3,58250A,49.28,C,C
492,0,3,Passenger_491,male,,3,3,46447A,98.27,,S
493,0,3,Passenger_492,male,,1,2,59754,92.72,,S
494,1,2,Passenger_493,male,66.0,3,1,36595A,,B,C
495,0,1,Passenger_494,male,,3,2,27757A,39.64,,S
496,0,3,Passenger_495,male,2.1,1,0,21954B,45.68,B,Q
497,0,1,Passenger_496,male,,2,3,71349C,,E,S
498,1,2,Passenger_497,male,31.7,0,2,98760A,48.72,,S
499,0,2,Passenger_498,female,,1,2,13811A,30.46,,S
500,1,3,Passenger_499,male,19.8,3,0,42719B,92.55,,C
501,0,3,Passenger_500,female,33.4,1,2,22133C,,B,Q
502,0,3,Passenger_501,female,,3,0,38871,29.8,C,C
503,0,2,Passenger_502,male,16.8,2,2,51472B,66.76,B,C
504,1,3,Passenger_503,female,39.0,2,1,68333A,83.99,,S
505,0,3,Passenger_504,male,15.8,2,0,11401A,14.73,,S
506,0,3,Passenger_505,male,37.5,3,1,45301B,,,S
507,1,3,Passenger_506,female,10.8,1,2,15901B,41.37,E,S
508,0,1,Passenger_507,male,54.7,3,1,77751B,65.83,,S
509,1,3,Passenger_508,female,19.2,2,1,58809B,72.12,,C
510,1,1,Passenger_509,male,26.9,2,1,91299,30.7,C,C
511,0,3,Passenger_510,female,34.6,2,2,77720A,2.25,C,S
512,1,2,Passenger_511,male,22.1,3,0,20354,86.11,,S
513,0,2,Passenger_512,female,32.0,0,2,68860A,10.8,F,S
514,1,2,Passenger_513,male,38.1,2,2,64320,59.49,B,S
515,1,3,Passenger_514,female,43.4,1,2,84243C,45.38,,Q
516,0,2,Passenger_515,female,41.1,2,0,96703,55.69,,S
517,1,3,Passenger_516,male,27.6,3,3,33982B,107.79,C,S
518,1,2,Passenger_517,female,27.9,1,2,23381A,156.34,,S
519,1,1,Passenger_518,male,62.9,3,2,58390B,7.17,,S
520,1,3,Passenger_519,female,43.3,0,0,22061B,84.44,B,S
521,1,2,Passenger_520,male,17.1,0,3,60296C,44.53,,S
522,0,2,Passenger_521,female,31.4,3,3,74535B,86.67,B,S
523,1,3,Passenger_522,female,25.3,2,3,75191A,83.5,,S
524,0,2,Passenger_523,male,28.1,1,3,38147C,99.34,,S
525,1,1,Passenger_524,male,,2,0,78020A,,,C
526,0,2,Passenger_525,male,,3,0,11745A,18.86,B,S
527,0,3,Passenger_526,female,,3,3,26216,82.47,D,S
528,1,3,Passenger_527,male,38.1,2,1,51929C,54.13,B,S
529,1,3,Passenger_528,male,-4.9,1,0,72637C,41.82,C,Q
530,1,3,Passenger_529,female,47.0,1,1,69991A,33.33,,S
531,0,1,Passenger_530,male,45.3,1,1,32012B,85.22,C,S
532,1,2,Passenger_531,female,25.0,1,3,19525B,106.12,B,Q
533,0,3,Passenger_532,male,40.0,1,3,53348,8.16,,C
534,0,1,Passenger_533,male,18.0,0,2,78650B,71.77,,S
535,0,2,Passenger_534,female,23.4,0,1,96030B,36.97,C,S
536,1,2,Passenger_535,male,51.0,3,2,12041C,1.35,,S
537,1,2,Passenger_536,male,26.2,0,3,88734C,55.17,,S
538,0,3,Passenger_537,female,3.8,1,1,85283B,20.84,C,S
539,0,1,Passenger_538,male,29.1,1,0,38028C,5.22,E,S
540,1,3,Passenger_539,female,28.9,1,2,33440,22.64,,S
541,0,1,Passenger_540,female,,3,3,48937B,14.03,,S
542,1,3,Passenger_541,male,30.2,3,1,71503,27.37,B,S
543,0,1,Passenger_542,male,24.1,2,3,87782A,3.59,,S
544,1,2,Passenger_543,female,44.6,0,2,11613,36.17,,S
545,0,3,Passenger_544,male,31.7,0,3,83159B,25.04,,S
546,1,3,Passenger_545,male,19.5,2,3,70127A,63.15,,S
547,0,2,Passenger_546,female,46.2,2,0,81195,70.77,,S
548,1,2,Passenger_547,male,32.7,0,3,39653A,59.11,,S
549,1,2,Passenger_548,female,30.0,1,1,87512C,41.76,,C
550,0,2,Passenger_549,male,32.5,0,1,25718B,,,S
551,0,2,Passenger_550,male,15.0,1,0,64219A,20.7,,S
552,1,2,Passenger_551,male,22.6,3,1,63954A,21.55,B,S
553,0,2,Passenger_552,female,30.1,0,3,36285C,74.63,,S
554,1,2,Passenger_553,female,27.3,0,3,24134B,11.59,B,Q
555,0,3,Passenger_554,female,47.8,3,1,63642,47.17,C,S
556,1,3,Passenger_555,male,33.0,3,2,10455,38.68,,S
557,1,3,Passenger_556,male,42.0,3,3,80156,70.97,,S
558,1,1,Passenger_557,male,30.1,3,1,35577,0.12,,S
559,1,1,Passenger_558,male,44.8,3,3,58894,50.44,,S
560,1,3,Passenger_559,male,,2,3,80635,,,S
561,1,2,Passenger_560,female,30.2,2,0,53314,,,S
562,0,1,Passenger_561,male,29.8,3,1,10059B,12.4,,C
563,0,3,Passenger_562,female,16.6,3,3,65351,46.79,D,C
564,0,3,Passenger_563,male,37.1,3,2,81067A,68.0,B,S
565,1,3,Passenger_564,female,29.4,3,1,11794B,56.39,B,S
566,1,2,Passenger_565,male,23.0,1,2,20721C,69.62,,S
567,1,1,Passenger_566,male,45.5,1,1,15686,12.22,,C
568,1,3,Passenger_567,male,12.5,3,2,57443,5.61,F,S
569,0,2,Passenger_568,male,24.1,3,2,74263C,52.96,D,S
570,0,3,Passenger_569,male,44.4,0,1,62573A,6.97,B,S
571,1,3,Passenger_570,male,34.4,3,0,49348B,19.71,E,C
572,0,3,Passenger_571,male,29.3,3,0,31916C,82.63,C,Q
573,0,2,Passenger_572,female,33.5,2,1,60525B,56.62,,S
574,1,2,Passenger_573,female,,1,3,18144C,30.11,C,C
575,0,3,Passenger_574,female,8.8,3,1,69931A,25.57,D,S
576,1,3,Passenger_575,male,25.1,1,1,15437,71.73,C,S
577,0,3,Passenger_576,female,52.6,1,3,42518C,57.42,,S
578,1,1,Passenger_577,male,20.8,0,1,84285B,7.49,,C
579,1,1,Passenger_578,male,25.5,1,1,97885B,18.17,C,Q
580,1,3,Passenger_579,male,22.4,1,3,15915,,,S
581,1,3,Passenger_580,male,,3,3,85270,7.21,,S
582,0,3,Passenger_581,male,21.8,2,0,98035C,68.47,,S
583,1,2,Passenger_582,male,,3,2,77918A,102.87,B,C
584,1,3,Passenger_583,male,32.8,3,2,63250,55.17,,S
585,1,3,Passenger_584,female,40.8,2,0,47126A,28.98,C,C
586,0,3,Passenger_585,female,,2,0,56799A,0.09,C,S
587,1,2,Passenger_586,female,,0,2,68248,0.4,,Q
588,0,1,Passenger_587,female,26.8,2,0,17644,,B,S
589,1,3,Passenger_588,male,36.4,3,1,64560B,100.78,,C
590,0,2,Passenger_589,female,18.9,2,0,25185B,,,S
591,0,2,Passenger_590,female,42.8,2,0,51988C,30.55,,S
592,1,3,Passenger_591,male,46.6,2,0,33162C,74.41,B,S
593,0,2,Passenger_592,male,16.2,1,0,51304B,,,C
594,1,3,Passenger_593,female,23.1,0,2,46003C,59.61,,S
595,1,1,Passenger_594,male,22.6,1,3,76923B,,,S
596,1,3,Passenger_595,female,66.9,1,2,10983C,35.67,,S
597,0,3,Passenger_596,male,24.0,0,2,57114,49.46,,S
598,0,1,Passenger_597,male,,1,3,61274,111.71,B,S
599,1,1,Passenger_598,male,12.3,2,2,29378A,71.16,,C
600,1,2,Passenger_599,male,16.1,0,1,17548B,88.24,B,S
601,0,1,Passenger_600,female,20.4,1,3,76311C,17.85,,Q
602,1,3,Passenger_601,female,18.2,3,1,96901,88.36,C,S
603,1,3,Passenger_602,male,26.2,1,2,99673,72.37,,S
604,1,2,Passenger_603,male,20.1,3,2,27870,2.49,C,S
605,0,2,Passenger_604,female,18.5,2,3,55738B,68.89,E,S
606,0,2,Passenger_605,female,46.2,3,2,24756,32.04,,Q
607,0,3,Passenger_606,male,47.1,1,0,50830,4.1,,S
608,1,1,Passenger_607,male,,1,1,20046A,54.54,,S
609,1,3,Passenger_608,female,37.3,1,1,65029A,68.87,,C
610,1,3,Passenger_609,female,31.3,0,0,23886B,55.31,B,S
611,0,3,Passenger_610,male,23.0,0,3,41823A,46.18,,S
612,1,2,Passenger_611,male,16.7,1,3,23322C,38.43,,S
613,1,3,Passenger_612,female,35.1,1,0,16162,136.33,B,S
614,1,1,Passenger_613,female,,2,0,92293B,8.61,,S
615,1,1,Passenger_614,male,16.1,0,1,67483B,80.55,,S
616,0,3,Passenger_615,male,46.1,0,0,94940A,,,S
617,0,3,Passenger_616,female,56.6,0,0,25508A,20.09,B,C
618,1,1,Passenger_617,male,35.5,3,0,98796B,48.31,,S
619,0,2,Passenger_618,male,45.5,1,2,11564C,,D,S
620,0,2,Passenger_619,male,26.6,2,0,23870,29.16,,Q
621,1,2,Passenger_620,male,11.3,2,2,91977A,48.36,,S
622,1,2,Passenger_621,female,38.6,1,1,20379C,4.29,,C
623,0,1,Passenger_622,male,,1,1,12948B,67.72,,C
624,1,2,Passenger_623,female,31.0,2,3,45902,16.27,B,S
625,0,3,Passenger_624,male,,3,1,18969B,0.81,,Q
626,1,3,Passenger_625,male,,2,3,30646C,12.19,D,S
627,0,3,Passenger_626,male,16.2,3,2,65818,126.16,,S
628,1,1,Passenger_627,female,19.2,3,0,13678,,D,Q
629,0,3,Passenger_628,female,15.9,0,1,78879B,65.26,C,C
630,0,3,Passenger_629,male,31.2,1,0,14014,23.69,,C
631,0,3,Passenger_630,female,14.8,0,3,47423,37.75,,Q
632,1,3,Passenger_631,female,20.4,3,2,42332A,71.14,,Q
633,0,3,Passenger_632,female,20.1,2,1,44010,69.42,B,S
634,0,3,Passenger_633,male,,0,0,12661C,26.18,,S
635,1,2,Passenger_634,female,9.2,2,3,76076B,2.48,,C
636,1,3,Passenger_635,male,31.2,3,0,66060C,71.77,,S
637,0,3,Passenger_636,male,,2,1,94705B,69.33,,C
638,0,3,Passenger_637,female,31.9,0,0,13157B,40.03,F,S
639,1,3,Passenger_638,male,51.6,3,2,15336B,65.47,,C
640,1,1,Passenger_639,male,48.7,1,1,52280B,34.4,C,C
641,1,2,Passenger_640,male,40.9,0,3,89290B,21.05,D,S
642,1,3,Passenger_641,female,31.0,0,1,71402C,,,S
643,1,3,Passenger_642,female,30.3,1,3,17645A,68.17,,S
644,0,3,Passenger_643,male,40.7,3,3,67822B,,,S
645,1,2,Passenger_644,female,24.5,1,1,16018A,67.82,,C
646,0,2,Passenger_645,male,3.6,0,3,36374B,23.38,F,S
647,0,3,Passenger_646,male,36.9,3,1,97071B,105.37,,S
648,0,3,Passenger_647,female,14.2,2,2,94498C,38.02,D,C
649,1,3,Passenger_648,male,,0,2,80009,45.84,,S
650,0,2,Passenger_649,male,30.0,2,0,61106B,3.85,D,S
651,0,3,Passenger_650,male,28.7,1,2,92506B,43.22,D,S
652,1,2,Passenger_651,female,10.2,3,3,43452C,68.63,,S
653,0,3,Passenger_652,male,32.3,1,0,13268B,76.69,C,S
654,0,2,Passenger_653,female,43.5,2,0,10658A,104.67,C,S
655,1,2,Passenger_654,female,14.2,0,1,44293C,68.21,C,S
656,0,3,Passenger_655,male,47.8,3,0,17792A,59.69,D,S
657,0,3,Passenger_656,female,8.2,1,1,57821B,34.38,,S
658,0,1,Passenger_657,male,59.6,2,0,17420B,26.84,C,S
659,1,3,Passenger_658,male,24.2,2,2,71951,83.96,,S
660,1,2,Passenger_659,female,32.0,0,1,33018A,83.29,,S
661,1,2,Passenger_660,female,3.5,2,3,73076A,12.3,,S
662,0,1,Passenger_661,male,29.1,3,0,80783B,75.31,,S
663,0,2,Passenger_662,male,,2,2,27007B,72.76,,Q
664,1,3,Passenger_663,male,28.8,0,2,15261A,11.02,C,S
665,0,1,Passenger_664,male,22.1,1,1,81520B,68.92,C,S
666,0,2,Passenger_665,male,16.7,3,1,30926C,13.27,,S
667,1,3,Passenger_666,male,45.8,1,1,75546A,35.03,,S
668,1,1,Passenger_667,female,30.4,1,3,35903,44.4,B,S
669,0,3,Passenger_668,male,51.6,2,3,11177C,59.02,B,C
670,0,2,Passenger_669,male,22.6,2,3,70952A,45.97,,S
671,0,3,Passenger_670,female,23.9,0,0,12389A,150.35,,C
672,1,2,Passenger_671,female,41.4,2,3,37033B,63.26,,S
673,1,1,Passenger_672,male,,2,1,21865A,55.15,B,Q
674,1,1,Passenger_673,male,13.0,1,2,87863A,65.04,,S
675,1,1,Passenger_674,female,45.4,3,2,13741B,34.55,,S
676,0,1,Passenger_675,male,13.6,2,1,99537,82.53,,S
677,1,3,Passenger_676,male,4.5,3,3,29139B,62.64,,S
678,1,3,Passenger_677,female,56.2,2,3,62749A,61.03,,S
679,1,3,Passenger_678,male,10.5,2,1,55272A,28.16,,S
680,1,3,Passenger_679,male,32.6,0,2,94044A,4.75,F,S
681,1,1,Passenger_680,male,31.0,2,0,41611,32.45,B,C
682,0,2,Passenger_681,male,-9.3,0,2,41109B,59.89,,C
683,0,2,Passenger_682,male,26.3,1,3,15247B,34.44,,C
684,1,2,Passenger_683,female,36.3,3,2,31383,60.21,,S
685,0,3,Passenger_684,male,,2,3,35319C,41.87,,C
686,1,3,Passenger_685,male,42.6,0,2,33728A,65.07,,S
687,1,2,Passenger_686,male,24.6,1,1,40442C,15.81,,C
688,0,2,Passenger_687,female,40.0,2,3,52521B,56.75,C,S
689,0,3,Passenger_688,male,20.3,0,0,96988B,27.57,D,S
690,1,3,Passenger_689,male,10.3,0,0,53636B,3.84,,S
691,1,2,Passenger_690,female,11.8,1,1,97309A,44.22,B,S
692,1,3,Passenger_691,male,9.5,2,2,74966C,103.77,,S
693,0,3,Passenger_692,male,44.1,2,1,26505C,,C,Q
694,1,2,Passenger_693,male,8.8,3,1,71071,54.18,,S
695,1,2,Passenger_694,male,33.8,2,0,18498C,77.92,,S
696,1,3,Passenger_695,male,26.3,0,0,68456C,130.5,B,Q
697,0,3,Passenger_696,female,,3,3,39733A,32.75,,C
698,1,3,Passenger_697,male,49.1,3,3,67158B,27.88,,S
699,1,1,Passenger_698,male,,2,3,13911B,9.17,,Q
700,0,2,Passenger_699,male,,3,1,83876,89.92,D,S
701,1,3,Passenger_700,male,,0,1,74322A,19.64,,C
702,1,3,Passenger_701,male,27.9,0,3,80412B,37.03,,S
703,0,1,Passenger_702,female,62.2,1,0,76239A,,,S
704,1,3,Passenger_703,male,,0,0,71727,80.94,B,S
705,0,3,Passenger_704,female,48.0,1,2,16440B,90.54,B,S
706,0,3,Passenger_705,male,39.2,3,3,77560,79.6,C,S
707,1,3,Passenger_706,male,23.3,1,1,22730A,6.19,C,S
708,1,3,Passenger_707,male,52.8,2,2,31380A,71.25,D,S
709,1,2,Passenger_708,male,4.1,1,2,74385B,8.54,,S
710,1,3,Passenger_709,male,22.7,2,2,47113B,52.03,C,S
711,0,1,Passenger_710,male,13.1,3,3,65014C,57.18,B,S
712,1,3,Passenger_711,female,35.8,1,3,92917B,60.86,B,S
713,0,1,Passenger_712,male,14.4,0,3,10243,68.71,,Q
714,1,3,Passenger_713,male,36.1,2,0,12414A,49.72,,Q
715,1,2,Passenger_714,male,27.4,3,2,81799B,18.69,,S
716,1,1,Passenger_715,male,23.3,0,0,91335C,68.73,C,Q
717,0,1,Passenger_716,male,35.4,2,3,68949A,53.42,,S
718,1,1,Passenger_717,male,,3,0,22470A,,,S
719,1,3,Passenger_718,male,14.8,3,0,37382B,4.93,,C
720,1,3,Passenger_719,female,69.2,0,1,79662A,103.9,D,S
721,1,3,Passenger_720,female,23.2,3,3,90399A,93.1,,S
722,0,1,Passenger_721,male,,1,2,33391A,,D,S
723,1,1,Passenger_722,male,18.2,3,3,46965,26.33,B,S
724,0,1,Passenger_723,female,12.3,2,0,22097C,38.09,D,S
725,0,1,Passenger_724,male,41.6,2,3,28839C,76.76,E,S
726,0,3,Passenger_725,male,34.5,2,3,93310B,,B,C
727,0,2,Passenger_726,male,35.6,1,1,61988B,36.89,,S
728,0,2,Passenger_727,male,24.8,0,1,12469A,89.37,,S
729,0,1,Passenger_728,male,26.1,1,3,49025B,,,C
730,1,2,Passenger_729,male,24.8,1,1,13165,56.16,E,C
731,0,3,Passenger_730,male,28.9,1,0,86906,51.23,,S
732,0,3,Passenger_731,male,41.7,3,0,57526C,51.78,,C
733,0,2,Passenger_732,female,,0,0,38942B,73.8,D,S
734,1,1,Passenger_733,male,37.0,3,1,70555B,19.99,,S
735,1,2,Passenger_734,male,37.0,1,3,49365,64.91,,S
736,0,2,Passenger_735,male,42.4,2,0,74081A,,B,S
737,1,2,Passenger_736,female,34.0,1,2,51969B,96.78,D,S
738,0,3,Passenger_737,female,35.0,0,0,66741,68.62,C,C
739,0,3,Passenger_738,female,46.6,2,3,46174C,25.91,,Q
740,1,3,Passenger_739,male,20.7,0,0,15700,52.82,C,S
741,0,2,Passenger_740,female,18.0,1,2,63379,20.12,B,S
742,1,2,Passenger_741,female,13.4,0,0,86276B,102.64,F,Q
743,1,3,Passenger_742,male,32.6,3,0,99227A,106.8,,S
744,0,3,Passenger_743,male,4.0,2,3,92054C,74.37,D,S
745,0,3,Passenger_744,male,36.5,0,0,88593B,104.48,,S
746,1,1,Passenger_745,female,28.5,2,0,81539A,55.31,,S
747,0,3,Passenger_746,male,45.9,2,1,28156A,76.72,,C
748,0,2,Passenger_747,male,20.6,1,3,58787B,92.87,,C
749,0,3,Passenger_748,female,27.2,1,3,51579C,49.8,C,S
750,1,3,Passenger_749,female,45.7,2,3,82261A,52.49,,C
751,1,3,Passenger_750,female,49.4,0,3,97218,82.68,,S
752,0,1,Passenger_751,female,20.5,2,0,69235A,72.63,,S
753,1,3,Passenger_752,male,32.5,1,2,91721A,,,S
754,1,1,Passenger_753,female,34.1,0,2,83130C,26.54,,C
755,1,2,Passenger_754,male,35.2,2,1,17199A,43.86,B,C
756,1,1,Passenger_755,female,26.3,1,0,91410A,23.39,D,S
757,1,3,Passenger_756,male,,2,3,40435A,15.31,D,S
758,0,2,Passenger_757,female,3.5,2,3,82155,19.4,C,S
759,0,2,Passenger_758,female,24.1,2,2,84918A,,,S
760,0,3,Passenger_759,female,36.3,0,1,95324C,78.72,C,S
761,1,2,Passenger_760,male,36.4,1,0,27173A,,C,S
762,1,3,Passenger_761,male,48.9,1,1,44262,67.81,,S
763,0,2,Passenger_762,female,46.8,3,0,57156C,72.14,,S
764,1,1,Passenger_763,male,26.0,2,1,87764,72.96,,S
765,0,3,Passenger_764,female,48.2,2,1,72301,37.39,,Q
766,0,1,Passenger_765,male,20.0,3,3,74314A,50.36,,Q
767,0,2,Passenger_766,female,43.0,2,2,30449C,12.88,,S
768,1,3,Passenger_767,male,55.3,0,3,40466,67.82,F,C
769,1,3,Passenger_768,female,47.0,3,2,98121B,23.26,,C
770,0,3,Passenger_769,female,31.5,1,1,34279B,,C,S
771,0,2,Passenger_770,male,25.4,2,0,34209A,69.17,,S
772,0,1,Passenger_771,male,8.6,1,3,13965C,10.88,,S
773,0,3,Passenger_772,male,34.3,2,0,52276B,83.66,,S
774,1,3,Passenger_773,male,14.4,3,3,37230B,,,Q
775,1,3,Passenger_774,male,18.9,1,3,51920B,,,C
776,0,3,Passenger_775,female,13.3,2,3,71544A,74.43,,S
777,0,3,Passenger_776,male,23.6,0,0,92909,37.43,B,S
778,1,2,Passenger_777,male,29.6,3,3,33036,55.32,B,S
779,1,2,Passenger_778,male,33.8,2,3,75322,,C,S
780,0,3,Passenger_779,male,21.6,2,3,96250A,49.56,C,S
781,0,2,Passenger_780,male,45.0,2,0,22893B,26.48,B,C
782,0,1,Passenger_781,female,27.1,3,3,40571B,6.51,,S
783,1,3,Passenger_782,female,,2,0,63833,38.21,F,S
784,1,3,Passenger_783,male,33.2,2,2,99964A,36.28,,S
785,1,2,Passenger_784,male,,1,3,51382B,24.21,F,C
786,0,1,Passenger_785,female,34.7,1,1,62348B,79.82,,Q
787,0,2,Passenger_786,male,24.9,3,2,63705C,8.97,C,S
788,1,3,Passenger_787,male,8.6,3,0,95930B,44.0,,Q
789,1,3,Passenger_788,male,26.9,0,1,65817A,90.82,,S
790,0,2,Passenger_789,male,33.3,2,0,88669C,81.82,D,C
791,1,1,Passenger_790,female,24.6,1,0,80182A,92.57,D,C
792,1,3,Passenger_791,female,6.7,1,3,16090C,29.32,B,Q
793,0,2,Passenger_792,male,18.1,2,1,90928A,77.45,,S
794,1,3,Passenger_793,male,50.4,2,0,29643,,,S
795,0,3,Passenger_794,female,50.1,3,2,75082B,40.34,,S
796,0,1,Passenger_795,female,17.6,0,3,82974,43.64,B,S
797,0,3,Passenger_796,female,39.4,0,2,28474C,29.85,B,S
798,0,1,Passenger_797,female,13.5,3,2,92487A,37.34,C,S
799,0,2,Passenger_798,male,49.7,3,3,16768,32.73,C,S
800,0,3,Passenger_799,female,,1,0,10620,,B,S
801,0,2,Passenger_800,female,43.3,3,2,29118,79.97,C,S
802,1,3,Passenger_801,male,6.0,0,0,72051,43.61,,S
803,0,3,Passenger_802,female,39.5,1,0,76494A,57.05,D,S
804,0,2,Passenger_803,male,29.9,0,3,68704,55.73,,S
805,1,2,Passenger_804,male,41.9,2,2,56465A,51.92,,S
806,1,2,Passenger_805,male,42.8,0,2,98440,53.25,,S
807,1,2,Passenger_806,male,30.9,1,3,57897B,39.31,,S
808,0,1,Passenger_807,male,21.6,0,0,73876,99.64,B,Q
809,1,2,Passenger_808,male,40.9,1,0,59412C,76.63,,S
810,0,2,Passenger_809,male,,1,3,38484C,,,S
811,0,3,Passenger_810,male,17.8,3,0,16053B,34.35,D,S
812,0,3,Passenger_811,male,17.1,0,0,92055A,45.84,,S
813,0,3,Passenger_812,male,9.3,3,2,65251B,64.62,,S
814,1,1,Passenger_813,female,,3,0,12545B,102.5,,S
815,1,2,Passenger_814,male,,0,0,89983,1.94,C,C
816,0,3,Passenger_815,male,32.5,1,0,87213A,73.09,C,C
817,0,2,Passenger_816,female,22.6,2,0,72375C,89.44,,S
818,0,1,Passenger_817,female,41.3,0,3,88591B,2.04,D,S
819,1,3,Passenger_818,female,18.3,3,3,62606A,,,C
820,0,3,Passenger_819,male,31.3,3,3,88334A,12.74,B,Q
821,0,3,Passenger_820,male,27.5,1,0,18048,65.07,,S
822,1,1,Passenger_821,female,40.9,3,3,16520A,37.46,C,S
823,1,3,Passenger_822,male,7.9,2,1,65368B,45.45,B,S
824,0,3,Passenger_823,male,18.1,3,1,63751,35.61,,C
825,1,3,Passenger_824,male,7.1,1,1,39476B,75.21,B,S
826,1,3,Passenger_825,female,26.4,0,2,36948,58.02,C,Q
827,0,3,Passenger_826,male,47.0,1,0,66123,58.08,,S
828,1,3,Passenger_827,female,22.9,3,2,49887B,55.62,C,C
829,0,1,Passenger_828,female,,1,3,86254B,70.04,C,S
830,1,3,Passenger_829,male,42.2,3,0,98780,,D,C
831,0,3,Passenger_830,female,45.0,1,1,71055B,109.53,,S
832,0,3,Passenger_831,female,28.8,0,0,41257,6.78,,S
833,0,1,Passenger_832,female,,3,2,81304C,10.41,,C
834,1,1,Passenger_833,male,14.9,2,3,54649C,,,C
835,0,3,Passenger_834,female,49.3,2,3,92334C,,D,S
836,1,3,Passenger_835,male,60.1,2,2,21969A,73.56,D,S
837,0,3,Passenger_836,female,37.3,2,0,82739A,69.3,,C
838,0,3,Passenger_837,male,0.8,3,2,14641A,,,S
839,1,3,Passenger_838,male,22.2,3,3,89910C,13.02,,S
840,0,3,Passenger_839,female,38.6,0,1,24102,76.09,,Q
841,0,3,Passenger_840,female,,1,3,19029B,,D,C
842,1,3,Passenger_841,male,47.8,3,3,21322B,55.83,,S
843,0,3,Passenger_842,male,38.2,2,0,22654,71.9,,S
844,0,1,Passenger_843,male,,3,1,85501,23.53,B,C
845,0,2,Passenger_844,female,30.5,2,3,17508B,,C,S
846,0,3,Passenger_845,female,17.5,0,1,57859C,96.62,,Q
847,1,2,Passenger_846,female,27.4,1,2,32132A,31.39,,S
848,1,2,Passenger_847,male,22.2,3,0,26025B,11.82,,C
849,0,2,Passenger_848,male,46.4,1,1,87024C,46.92,,S
850,1,2,Passenger_849,female,59.6,2,1,75924B,56.38,,S
851,0,2,Passenger_850,female,10.0,2,0,77607C,,C,S
852,1,2,Passenger_851,male,3.1,1,2,57736C,9.09,,S
853,0,3,Passenger_852,female,26.6,0,1,17840C,,F,S
854,0,3,Passenger_853,male,8.7,1,0,87385A,3.52,,S
855,0,1,Passenger_854,male,,1,3,95939,65.27,,S
856,0,1,Passenger_855,male,40.5,3,0,32442,46.24,,S
857,0,3,Passenger_856,male,50.9,3,3,16630A,117.78,D,C
858,0,2,Passenger_857,male,32.8,2,1,23008,,,S
859,1,3,Passenger_858,male,27.3,3,1,78395B,97.97,,C
860,0,3,Passenger_859,male,2.3,0,1,65971,9.63,,S
861,1,3,Passenger_860,female,30.4,0,2,97991C,3.55,D,S
862,0,2,Passenger_861,male,31.0,0,2,78657A,8.7,D,C
863,1,3,Passenger_862,male,38.9,2,3,80507,58.76,,C
864,1,2,Passenger_863,male,20.1,0,0,39644,8.92,,S
865,1,3,Passenger_864,male,23.9,0,3,46122C,2.81,E,S
866,0,3,Passenger_865,female,9.3,3,0,13397B,57.1,,S
867,0,2,Passenger_866,male,-2.1,2,1,87948B,65.81,,S
868,1,2,Passenger_867,female,14.5,1,0,58519B,51.39,,Q
869,0,1,Passenger_868,female,8.0,0,2,39151A,44.32,C,S
870,1,3,Passenger_869,male,34.7,3,0,61769B,114.01,C,S
871,0,2,Passenger_870,male,22.7,1,0,48977,55.1,B,S
872,1,3,Passenger_871,male,22.5,0,1,98915B,78.2,E,S
873,1,2,Passenger_872,male,16.2,1,1,62744,55.0,,S
874,0,3,Passenger_873,female,,1,2,33656A,11.57,D,C
875,1,3,Passenger_874,male,51.1,2,0,96616,69.25,C,C
876,0,3,Passenger_875,male,16.0,2,0,53013B,27.05,F,S
877,1,3,Passenger_876,male,24.2,0,0,50314B,46.82,,S
878,1,1,Passenger_877,male,9.6,0,1,38894B,60.69,D,S
879,0,1,Passenger_878,male,43.6,2,2,48570A,17.95,,S
880,0,3,Passenger_879,male,32.0,0,0,49420A,,C,S
881,0,2,Passenger_880,male,18.4,0,0,66210C,81.83,B,C
882,1,2,Passenger_881,male,,2,0,46219B,,,S
883,0,1,Passenger_882,female,53.5,1,0,76972,28.43,,Q
884,1,2,Passenger_883,female,,0,2,65813,55.83,,C
885,1,1,Passenger_884,male,27.5,3,2,38341C,36.5,,Q
886,0,3,Passenger_885,male,16.8,2,2,59411,64.62,B,S
887,0,2,Passenger_886,female,3.5,0,1,88649,48.21,,C
888,1,3,Passenger_887,male,27.8,0,0,14841B,56.95,,S
889,1,1,Passenger_888,male,34.6,2,0,92638A,25.43,,S
890,0,3,Passenger_889,male,45.4,3,0,94647B,,E,Q
891,0,2,Passenger_890,female,-1.5,3,0,83082A,88.68,C,S
892,0,3,Passenger_891,male,14.2,2,3,62006A,30.13,,S
893,0,3,Passenger_892,female,21.9,3,2,70591A,82.04,,S
894,0,2,Passenger_893,female,30.0,0,3,29361C,48.2,C,Q
895,1,3,Passenger_894,female,28.0,3,3,90020,75.71,B,C
896,1,3,Passenger_895,female,28.3,0,1,24101C,54.51,D,S
897,1,3,Passenger_896,male,35.7,1,1,52701B,48.83,,Q
898,1,3,Passenger_897,male,17.4,3,0,23209,62.24,D,C
899,0,2,Passenger_898,female,,1,3,18221B,92.48,B,S
900,0,3,Passenger_899,female,36.1,2,3,95413B,58.26,,C
901,0,1,Passenger_900,male,,3,2,17526B,66.75,C,S
902,1,1,Passenger_901,female,52.4,0,3,11251A,37.1,B,S
903,1,3,Passenger_902,male,51.8,3,1,64492B,104.98,,S
904,0,2,Passenger_903,male,43.1,2,3,39146C,72.41,D,S
905,0,3,Passenger_904,male,-12.3,2,1,83588A,52.72,D,S
906,1,3,Passenger_905,male,52.1,0,0,47638,45.71,C,S
907,1,3,Passenger_906,male,41.1,3,1,12847,84.23,,S
908,0,3,Passenger_907,male,58.1,1,0,95770,,,C
909,0,2,Passenger_908,male,47.3,2,2,94990A,12.4,E,S
910,1,1,Passenger_909,male,52.1,2,0,74347,52.53,,S
911,0,2,Passenger_910,male,42.3,0,3,49983A,91.65,B,S
912,0,1,Passenger_911,female,48.9,3,1,36076A,105.7,C,S
913,0,1,Passenger_912,male,57.9,1,0,70533,46.24,,S
914,1,2,Passenger_913,male,33.0,3,0,82954C,51.53,D,Q
915,1,3,Passenger_914,male,8.0,3,0,75657B,68.18,D,C
916,1,3,Passenger_915,male,25.7,1,0,60228B,40.75,,C
917,1,2,Passenger_916,female,35.5,0,0,93102C,68.07,,Q
918,1,3,Passenger_917,male,31.0,2,0,30655,47.01,,S
919,1,2,Passenger_918,female,12.5,0,1,50094C,85.4,,S
920,1,1,Passenger_919,male,,0,3,35209A,75.3,C,S
921,0,3,Passenger_920,male,19.6,3,3,28556C,,,S
922,0,3,Passenger_921,male,41.3,1,0,25638C,42.81,,S
923,0,3,Passenger_922,male,52.1,2,1,96619B,117.41,B,S
924,0,1,Passenger_923,male,42.8,3,0,64376B,,,S
925,0,3,Passenger_924,male,44.8,2,2,95388A,58.66,E,S
926,0,3,Passenger_925,male,28.9,3,3,23771C,23.37,,C
927,0,3,Passenger_926,male,5.6,1,0,14263B,46.6,B,S
928,1,3,Passenger_927,female,23.6,2,1,35334B,54.0,,S
929,1,3,Passenger_928,male,26.4,2,3,42749,22.43,C,S
930,0,3,Passenger_929,male,23.0,0,1,75110A,39.77,,S
931,0,3,Passenger_930,male,30.8,3,2,80805A,44.2,B,C
932,1,3,Passenger_931,male,36.2,3,0,11650,51.96,F,Q
933,0,3,Passenger_932,male,41.9,3,2,56900A,11.69,,Q
934,0,2,Passenger_933,female,26.1,0,3,45518A,45.27,,S
935,1,3,Passenger_934,female,3.3,0,0,78415B,36.79,B,S
936,0,2,Passenger_935,male,23.2,2,3,20865,49.27,,C
937,1,2,Passenger_936,male,30.6,3,0,78368B,86.23,D,Q
938,0,3,Passenger_937,male,47.1,3,1,71039A,121.83,,S
939,1,3,Passenger_938,female,22.1,2,3,81294B,73.74,,S
940,1,3,Passenger_939,male,37.2,2,2,14428C,6.8,,S
941,1,2,Passenger_940,male,34.1,2,2,83647A,37.91,,C
942,0,3,Passenger_941,male,30.6,1,1,98783B,70.86,,S
943,1,2,Passenger_942,female,43.0,1,1,62557,66.92,D,S
944,0,3,Passenger_943,male,20.7,2,2,22366,84.56,,S
945,0,3,Passenger_944,male,21.9,0,1,40564C,,,S
946,0,3,Passenger_945,female,29.8,0,0,85511C,37.28,D,S
947,0,3,Passenger_946,male,21.0,3,2,12642B,111.33,,S
948,1,3,Passenger_947,female,37.1,1,3,23849,52.05,,Q
949,1,3,Passenger_948,male,20.0,1,2,29344C,,,S
950,0,1,Passenger_949,female,33.2,2,1,48226,101.63,B,S
951,0,2,Passenger_950,female,28.6,2,0,32522C,,,S
952,1,3,Passenger_951,male,33.0,2,3,16680,72.33,C,C
953,0,3,Passenger_952,female,23.6,2,2,84955,76.93,,S
954,1,2,Passenger_953,male,25.3,2,2,59353B,81.87,,S
955,0,3,Passenger_954,female,31.3,0,3,98095A,64.49,D,Q
956,0,1,Passenger_955,male,32.8,0,0,54233C,4.41,D,S
957,1,3,Passenger_956,female,,2,1,60865A,47.94,,S
958,0,3,Passenger_957,male,53.9,0,1,17839A,40.26,,C
959,1,3,Passenger_958,female,16.1,2,1,16859A,31.19,,S
960,0,3,Passenger_959,male,29.1,2,1,88840C,99.42,,S
961,0,2,Passenger_960,female,8.0,1,3,79516B,13.37,,S
962,0,1,Passenger_961,female,35.2,0,0,61970A,61.06,,S
963,1,3,Passenger_962,male,14.4,0,0,10425B,91.79,,S
964,0,3,Passenger_963,female,26.1,1,2,60727B,63.35,,S
965,0,1,Passenger_964,female,24.8,0,2,59985,93.44,,Q
966,0,3,Passenger_965,male,33.9,1,0,57084A,69.73,,S
967,0,2,Passenger_966,male,22.3,3,2,79642,65.03,C,S
968,1,3,Passenger_967,male,21.7,0,0,11408B,62.84,,S
969,1,3,Passenger_968,male,,2,3,65337B,71.47,F,S
970,0,1,Passenger_969,male,34.0,1,3,49612,36.51,F,S
971,1,1,Passenger_970,male,22.1,2,1,25843A,4.43,F,C
972,0,3,Passenger_971,male,26.5,2,0,38477B,83.39,,S
973,0,3,Passenger_972,male,53.0,0,3,71082C,90.66,D,S
974,0,3,Passenger_973,male,26.7,1,0,47569,,,S
975,1,3,Passenger_974,female,20.4,3,2,58114C,30.81,B,S
976,1,3,Passenger_975,female,20.4,2,0,74106A,,B,C
977,1,3,Passenger_976,male,22.3,2,1,72598B,53.0,,S
978,1,3,Passenger_977,female,,3,1,21260C,2.79,C,S
979,1,2,Passenger_978,female,,1,3,51741C,2.11,B,S
980,1,2,Passenger_979,female,14.3,0,2,55181C,49.27,,C
981,1,1,Passenger_980,male,18.4,2,2,93446A,23.27,,S
982,1,3,Passenger_981,male,38.3,0,0,72422B,,C,S
983,1,2,Passenger_982,female,,1,2,22299A,44.42,,S
984,0,3,Passenger_983,female,,3,1,81095C,28.77,,S
985,1,3,Passenger_984,female,,0,3,42597,9.67,D,S
986,1,3,Passenger_985,female,,1,3,58943C,20.15,D,C
987,1,2,Passenger_986,male,26.1,0,3,73803,21.44,,S
988,1,1,Passenger_987,male,21.2,0,2,98377A,7.11,C,S
989,1,1,Passenger_988,male,17.9,2,2,85276C,38.48,,S
990,1,2,Passenger_989,male,39.7,0,1,13155A,9.85,,Q
991,1,1,Passenger_990,female,27.1,2,0,69694C,44.27,,S
992,1,3,Passenger_991,male,24.6,1,0,86033,58.41,,S
993,1,3,Passenger_992,male,18.6,1,3,94967B,21.08,D,C
994,1,3,Passenger_993,female,19.2,2,3,33167C,64.89,E,C
995,1,3,Passenger_994,male,,3,2,28983A,2.35,,S
996,0,2,Passenger_995,female,11.6,0,3,55279,11.07,,S
997,0,3,Passenger_996,female,43.9,1,1,93113,46.04,,S
998,1,3,Passenger_997,male,22.5,1,1,12045A,,,S
999,1,1,Passenger_998,male,,3,3,52344A,80.36,,S
1000,0,3,Passenger_999,male,11.3,1,3,21105C,106.43,C,S
1001,1,2,Passenger_1000,male,,2,3,30056B,36.82,D,C
1002,0,3,Passenger_1001,male,25.4,3,3,57689,45.54,C,C
1003,0,3,Passenger_1002,male,29.3,1,3,42812B,13.86,B,S
1004,0,1,Passenger_1003,female,50.6,3,1,80047A,6.12,,S
1005,0,3,Passenger_1004,male,32.5,3,0,90957A,58.0,,S
1006,0,3,Passenger_1005,female,18.9,1,1,17775C,22.84,,S
1007,1,3,Passenger_1006,male,20.0,1,1,64523,93.13,,S
1008,0,2,Passenger_1007,male,38.3,1,3,23372A,1.18,C,C
1009,1,3,Passenger_1008,female,,3,0,71526C,67.02,,S
1010,1,1,Passenger_1009,male,33.9,2,3,98143,14.8,F,S
1011,0,2,Passenger_1010,male,39.6,2,1,67201B,21.28,,S
1012,0,1,Passenger_1011,female,38.5,0,0,66243A,,D,S
1013,1,3,Passenger_1012,female,49.9,1,2,83752C,26.34,,S
1014,0,3,Passenger_1013,female,2.7,2,3,43993B,31.95,E,S
1015,0,3,Passenger_1014,male,,0,2,44016C,21.57,,S
1016,1,3,Passenger_1015,male,43.8,0,2,58637C,112.48,C,S
1017,1,1,Passenger_1016,female,11.3,1,2,94762A,28.39,D,S
1018,0,2,Passenger_1017,female,17.6,0,2,93502A,51.8,D,S
1019,1,1,Passenger_1018,male,18.1,2,0,52673,42.93,,C
1020,0,2,Passenger_1019,female,19.8,0,3,74694A,57.75,,S
1021,0,2,Passenger_1020,male,23.3,0,0,71865C,28.48,,S
1022,0,2,Passenger_1021,male,33.4,2,3,63907B,42.97,,C
1023,1,2,Passenger_1022,male,42.1,0,3,20924C,63.79,D,S
1024,1,1,Passenger_1023,male,45.1,0,3,80732,19.79,,S
1025,1,1,Passenger_1024,male,18.3,3,0,87591A,88.13,F,S
1026,1,1,Passenger_1025,male,18.2,0,1,18072B,91.49,B,S
1027,1,3,Passenger_1026,male,48.4,0,2,54687C,71.23,,C
1028,0,3,Passenger_1027,female,39.1,3,1,31942,52.45,C,S
1029,0,3,Passenger_1028,female,31.2,3,1,57417,54.67,B,C
1030,0,2,Passenger_1029,female,36.6,3,1,71259C,64.85,,S
1031,0,2,Passenger_1030,female,29.6,1,2,31719A,36.3,,S
1032,1,3,Passenger_1031,male,37.3,1,1,48684C,41.38,,S
1033,0,2,Passenger_1032,male,25.3,2,2,40837B,16.41,B,S
1034,1,2,Passenger_1033,female,33.8,0,2,62812C,67.28,,S
1035,0,2,Passenger_1034,male,8.9,2,2,83706B,0.7,,S
1036,1,1,Passenger_1035,male,,1,3,66132B,54.14,,C
1037,1,2,Passenger_1036,male,20.5,0,3,70161A,81.66,,Q
1038,0,2,Passenger_1037,female,24.8,0,1,25140A,33.57,,Q
1039,0,3,Passenger_1038,male,17.0,3,3,18152C,92.56,,S
1040,0,1,Passenger_1039,female,22.5,1,2,95277A,23.86,,S
1041,0,2,Passenger_1040,male,8.8,0,3,48147C,71.02,,S
1042,1,3,Passenger_1041,female,37.7,3,2,18666,4.33,D,S
1043,0,1,Passenger_1042,female,,0,0,44726,86.09,,S
1044,0,2,Passenger_1043,female,6.1,1,3,58689A,80.66,,S
1045,1,3,Passenger_1044,male,18.3,2,1,81420A,66.39,,S
1046,0,1,Passenger_1045,male,34.7,2,0,95534A,36.24,D,C
1047,0,1,Passenger_1046,female,22.4,0,0,14322,0.93,C,S
1048,0,2,Passenger_1047,male,20.2,3,3,69961,36.33,B,C
1049,0,2,Passenger_1048,male,29.0,3,3,60356B,88.86,,S
1050,0,3,Passenger_1049,male,34.8,3,1,34923,54.55,B,S
1051,1,3,Passenger_1050,female,9.9,1,0,98478C,4.36,C,S
1052,0,1,Passenger_1051,male,37.7,2,2,98448,,,S
1053,0,3,Passenger_1052,female,18.8,2,3,31983B,93.86,,S
1054,0,3,Passenger_1053,male,29.7,0,0,97610A,67.08,,S
1055,0,1,Passenger_1054,male,29.5,2,0,15905,,,S
1056,0,3,Passenger_1055,female,22.6,3,2,35028B,11.8,,C
1057,1,2,Passenger_1056,male,,1,0,62046C,28.12,,S
1058,0,2,Passenger_1057,male,26.0,3,3,90809,14.8,,S
1059,1,1,Passenger_1058,female,52.8,3,2,65011,44.55,,S
1060,1,2,Passenger_1059,female,10.9,2,3,22061B,135.81,,C
1061,0,2,Passenger_1060,male,,1,1,99354,5.89,D,Q
1062,0,3,Passenger_1061,female,26.4,1,0,99240A,43.49,F,S
1063,0,1,Passenger_1062,female,30.5,3,3,74065C,,,Q
1064,0,2,Passenger_1063,female,14.8,0,3,40638,76.22,,S
1065,1,2,Passenger_1064,male,19.2,2,1,33884A,44.79,,S
1066,0,3,Passenger_1065,male,23.0,0,0,40697A,44.88,,S
1067,0,3,Passenger_1066,female,15.4,3,3,17114C,9.54,F,C
1068,0,3,Passenger_1067,female,27.1,2,2,17469,40.63,D,S
1069,0,3,Passenger_1068,male,24.3,0,3,16492A,58.52,C,S
1070,0,3,Passenger_1069,male,55.9,0,3,11971C,88.68,,S
1071,0,2,Passenger_1070,male,13.7,0,3,19644B,28.29,B,S
1072,1,3,Passenger_1071,male,31.4,2,3,74194A,43.36,D,S
1073,1,3,Passenger_1072,male,33.5,0,0,22534A,16.78,,S
1074,0,3,Passenger_1073,male,15.0,1,3,32625A,57.89,C,S
1075,0,3,Passenger_1074,female,39.6,3,1,38660A,77.43,,C
1076,0,2,Passenger_1075,male,24.4,2,3,85176A,72.04,,C
1077,1,1,Passenger_1076,female,-4.9,1,2,74935A,9.04,,S
1078,0,2,Passenger_1077,male,39.2,0,2,84186,,F,Q
1079,1,3,Passenger_1078,male,14.4,3,3,34357A,26.29,C,S
1080,0,2,Passenger_1079,male,15.3,0,3,10497C,85.39,,S
1081,0,2,Passenger_1080,male,39.6,1,1,28833A,44.35,,S
1082,0,3,Passenger_1081,female,25.1,0,1,42666A,,E,S
1083,0,2,Passenger_1082,female,42.8,2,0,79828,42.31,,S
1084,1,3,Passenger_1083,male,46.9,1,0,10026A,66.05,,C
1085,1,2,Passenger_1084,male,21.0,2,2,24470B,,B,S
1086,0,2,Passenger_1085,male,41.1,3,3,12253C,32.09,,C
1087,0,2,Passenger_1086,female,19.4,2,3,74889C,,B,S
1088,1,3,Passenger_1087,female,61.3,2,1,62807C,15.44,E,C
1089,1,1,Passenger_1088,male,20.3,0,1,54258C,36.18,B,S
1090,1,1,Passenger_1089,female,44.4,0,0,56147B,20.05,E,C
1091,1,3,Passenger_1090,female,41.8,1,0,11086C,83.95,C,S
1092,0,1,Passenger_1091,male,34.4,3,2,96987,18.46,D,S
1093,1,3,Passenger_1092,male,,1,1,82659C,54.28,E,C
1094,0,3,Passenger_1093,female,27.9,3,3,17084,51.9,,S
1095,1,2,Passenger_1094,female,-0.2,3,1,95383B,83.1,,S
1096,1,3,Passenger_1095,male,33.1,2,1,32805C,88.13,,S
1097,1,2,Passenger_1096,male,34.9,0,1,24248,74.36,B,S
1098,1,3,Passenger_1097,male,31.9,3,0,35384A,62.35,,S
1099,1,2,Passenger_1098,male,-11.6,0,3,20362A,13.3,D,C
1100,0,3,Passenger_1099,female,12.3,3,3,96175C,12.59,,C
1101,0,1,Passenger_1100,male,19.5,0,0,66032C,20.4,,S
1102,1,3,Passenger_1101,female,34.1,1,0,93254B,76.32,,S
1103,1,1,Passenger_1102,female,,0,3,98998A,52.57,C,S
1104,0,2,Passenger_1103,male,27.6,2,2,18937,80.4,B,S
1105,1,2,Passenger_1104,male,,3,1,97567,85.1,,S
1106,1,1,Passenger_1105,male,15.6,2,3,48696C,24.59,,S
1107,0,3,Passenger_1106,female,38.5,3,0,92617C,51.12,E,Q
1108,1,2,Passenger_1107,male,36.6,2,3,26858A,49.55,,C
1109,1,3,Passenger_1108,female,35.3,3,1,66848B,38.53,C,S
1110,0,3,Passenger_1109,female,27.5,0,3,49300C,31.28,,Q
1111,0,3,Passenger_1110,male,,3,0,35113A,91.47,D,S
1112,0,1,Passenger_1111,female,36.9,2,2,62096A,51.82,C,S
1113,1,2,Passenger_1112,female,16.4,2,0,80920C,50.46,B,S
1114,0,3,Passenger_1113,male,33.5,3,2,27445A,21.9,,C
1115,0,2,Passenger_1114,male,,3,1,45075,73.63,C,S
1116,0,1,Passenger_1115,female,21.8,1,0,84724A,,,S
1117,0,3,Passenger_1116,female,45.2,1,3,40171B,65.92,,S
1118,0,3,Passenger_1117,male,35.3,0,0,52089C,66.88,,S
1119,0,3,Passenger_1118,male,-2.8,0,0,75839C,35.56,D,Q
1120,1,1,Passenger_1119,male,,0,1,81102B,,C,S
1121,1,3,Passenger_1120,female,24.3,0,2,79427C,56.5,F,S
1122,0,2,Passenger_1121,male,37.5,0,2,39741B,48.62,D,S
1123,0,2,Passenger_1122,male,43.2,3,3,15724,50.45,,C
1124,0,3,Passenger_1123,female,32.7,1,0,32664C,52.16,,S
1125,1,2,Passenger_1124,male,53.3,3,1,89561B,54.55,,S
1126,1,2,Passenger_1125,female,,1,2,19164B,52.11,C,S
1127,1,1,Passenger_1126,male,,1,3,84906C,11.36,,Q
1128,1,3,Passenger_1127,female,41.3,2,2,42872C,44.67,,S
1129,1,3,Passenger_1128,male,28.6,2,3,99491,59.27,,Q
1130,1,3,Passenger_1129,female,,1,2,57037B,53.41,,S
1131,1,3,Passenger_1130,female,21.7,3,3,98591C,83.38,E,S
1132,1,1,Passenger_1131,male,,1,2,67868B,71.7,,S
1133,1,2,Passenger_1132,male,11.6,0,2,87925,19.54,B,C
1134,0,2,Passenger_1133,male,33.4,3,0,51623A,44.17,,S
1135,0,1,Passenger_1134,male,34.6,3,3,24214C,39.1,C,S
1136,0,2,Passenger_1135,female,46.5,1,3,82279A,49.85,,S
1137,0,3,Passenger_1136,female,41.1,0,0,44303A,49.9,,S
1138,1,1,Passenger_1137,male,26.0,1,0,24698A,71.4,B,S
1139,1,2,Passenger_1138,female,13.5,0,2,39602A,56.21,C,S
1140,0,2,Passenger_1139,female,36.1,3,2,24947C,93.07,,S
1141,1,2,Passenger_1140,female,45.6,1,2,45537B,,B,S
1142,0,3,Passenger_1141,male,40.6,0,0,16486B,20.93,,C
1143,1,2,Passenger_1142,male,,2,2,29371,,B,Q
1144,0,2,Passenger_1143,male,27.0,3,0,42524B,71.13,,S
1145,1,3,Passenger_1144,male,23.5,3,2,75101C,6.5,,C
1146,1,1,Passenger_1145,male,19.7,2,0,88203B,2.89,,S
1147,0,2,Passenger_1146,male,29.2,0,3,57141A,50.37,F,S
1148,1,2,Passenger_1147,male,28.9,3,1,14405B,83.28,F,C
1149,0,3,Passenger_1148,female,,0,2,35131A,95.75,,C
1150,0,3,Passenger_1149,male,28.2,2,2,95233A,42.4,,C
1151,0,3,Passenger_1150,male,28.1,1,0,38283A,87.13,C,C
1152,0,2,Passenger_1151,male,19.1,3,3,70357B,,B,S
1153,1,3,Passenger_1152,male,43.2,3,3,97899A,3.6,C,S
1154,1,1,Passenger_1153,male,31.1,0,2,29646A,49.72,,S
1155,1,1,Passenger_1154,male,,3,0,26036C,28.34,,C
1156,0,2,Passenger_1155,male,19.5,1,0,51160C,,,S
1157,1,2,Passenger_1156,male,11.4,2,1,97091A,49.1,,C
1158,0,3,Passenger_1157,male,48.3,3,3,25103B,5.27,D,S
1159,1,3,Passenger_1158,male,37.8,2,1,40567,2.49,,Q
1160,1,3,Passenger_1159,female,7.3,0,3,88743A,49.27,C,S
1161,1,3,Passenger_1160,male,,1,2,33691,34.71,,C
1162,0,3,Passenger_1161,male,42.9,3,2,79092A,31.86,,S
1163,1,1,Passenger_1162,male,31.7,2,0,64118B,58.09,,C
1164,1,1,Passenger_1163,male,52.4,1,0,25893C,13.0,,Q
1165,0,3,Passenger_1164,male,33.0,2,0,10656A,84.79,,S
1166,1,2,Passenger_1165,male,10.2,0,3,90632C,91.69,,S
1167,0,3,Passenger_1166,female,,1,0,90983C,14.42,D,S
1168,1,1,Passenger_1167,male,33.4,1,2,63212,39.57,D,S
1169,0,1,Passenger_1168,male,21.6,0,1,59696A,84.81,,S
1170,0,2,Passenger_1169,female,38.0,0,2,87582C,49.95,,S
1171,1,2,Passenger_1170,female,6.7,3,2,76492,1.19,,S
1172,0,1,Passenger_1171,male,43.9,0,2,34560,44.98,D,S
1173,0,3,Passenger_1172,male,17.7,0,1,96831,20.15,,C
1174,0,1,Passenger_1173,male,16.2,2,2,61317,88.79,D,S
1175,0,3,Passenger_1174,male,28.4,1,3,88572B,71.21,B,S
1176,0,2,Passenger_1175,male,36.1,2,3,89380B,39.02,,S
1177,0,1,Passenger_1176,male,32.3,0,1,43146,54.98,C,S
1178,1,2,Passenger_1177,female,19.6,3,3,49877A,4.22,D,S
1179,0,3,Passenger_1178,male,22.9,2,0,62736B,23.62,,S
1180,0,2,Passenger_1179,male,14.1,2,3,93060,104.36,B,C
1181,1,3,Passenger_1180,male,26.9,1,2,57679A,51.87,,Q
1182,1,1,Passenger_1181,female,45.1,1,3,92581A,82.55,,C
1183,1,3,Passenger_1182,male,29.9,1,0,23163,58.12,,S
1184,1,2,Passenger_1183,female,42.0,3,0,97129,96.0,,Q
1185,1,3,Passenger_1184,male,,3,0,40802,19.96,,S
1186,1,3,Passenger_1185,male,21.8,0,2,20111,,,Q
1187,1,3,Passenger_1186,male,27.4,0,0,69936C,107.57,,C
1188,0,2,Passenger_1187,male,60.4,1,2,31119,83.47,F,Q
1189,0,1,Passenger_1188,male,50.2,2,0,71896C,96.39,,C
1190,1,1,Passenger_1189,male,6.6,1,2,45539B,49.76,,S
1191,0,3,Passenger_1190,male,35.4,0,2,99183,31.2,,S
1192,0,3,Passenger_1191,female,30.0,2,2,52823,14.05,,S
1193,0,3,Passenger_1192,male,41.6,0,3,96190A,11.61,,S
1194,1,2,Passenger_1193,male,19.6,3,0,57418C,78.25,,S
1195,1,2,Passenger_1194,male,18.2,1,2,58695A,67.96,,S
1196,0,1,Passenger_1195,female,,1,0,26418C,47.67,F,S
1197,1,3,Passenger_1196,female,22.0,2,3,89218A,67.79,C,S
1198,0,3,Passenger_1197,male,41.4,1,1,87700C,54.99,,C
1199,0,3,Passenger_1198,male,13.5,0,0,78916A,83.68,C,S
1200,0,2,Passenger_1199,male,,0,0,99463,83.34,,Q
1201,0,3,Passenger_1200,female,5.0,3,3,95096B,12.69,,S
1202,1,3,Passenger_1201,female,44.1,0,2,51135B,59.58,,S
1203,1,2,Passenger_1202,male,47.8,2,0,80223C,,,S
1204,1,3,Passenger_1203,male,25.4,0,1,55969C,54.66,,S
1205,0,3,Passenger_1204,male,25.8,3,3,77122A,71.15,C,C
1206,1,3,Passenger_1205,male,36.3,3,2,80958C,,,S
1207,0,3,Passenger_1206,female,50.6,1,0,70346A,35.42,B,S
1208,1,2,Passenger_1207,male,35.7,2,0,22521C,50.33,D,C
1209,0,2,Passenger_1208,male,20.2,0,3,78514C,58.19,F,S
1210,0,3,Passenger_1209,female,7.3,3,2,52769,40.25,,S
1211,0,1,Passenger_1210,female,14.4,0,2,53766A,8.97,,C
1212,1,3,Passenger_1211,male,31.0,3,3,22343,48.11,F,C
1213,1,3,Passenger_1212,female,20.8,1,0,90227A,7.83,D,S
1214,1,3,Passenger_1213,male,32.7,3,0,86862B,41.86,,S
1215,1,3,Passenger_1214,female,22.3,1,2,10805A,34.55,B,C
1216,0,2,Passenger_1215,female,,2,2,44343C,45.3,B,S
1217,1,2,Passenger_1216,male,,0,1,84327,30.42,,S
1218,1,1,Passenger_1217,female,,0,1,25040,,D,S
1219,0,2,Passenger_1218,female,42.4,1,1,72678A,37.18,C,S
1220,0,2,Passenger_1219,male,54.2,2,2,36525C,82.58,D,C
1221,0,2,Passenger_1220,male,37.6,1,2,92546B,94.15,,S
1222,1,3,Passenger_1221,female,24.0,3,2,49652,135.38,,C
1223,0,3,Passenger_1222,male,48.5,1,0,87510C,109.21,,S
1224,0,1,Passenger_1223,male,,2,3,59200C,8.11,,S
1225,0,2,Passenger_1224,female,33.1,3,2,93822C,35.7,E,S
1226,1,3,Passenger_1225,female,29.4,0,0,25015,49.2,B,S
1227,0,1,Passenger_1226,male,-11.3,0,2,66221,,C,S
1228,1,1,Passenger_1227,male,52.5,0,3,34805C,52.43,,C
1229,1,1,Passenger_1228,male,36.9,2,2,17997A,134.27,,S
1230,0,3,Passenger_1229,male,34.6,2,0,32752B,12.13,,Q
1231,0,1,Passenger_1230,male,29.1,2,2,71485,25.03,B,S
1232,1,3,Passenger_1231,female,32.3,2,2,40508B,107.53,D,S
1233,0,2,Passenger_1232,male,21.6,2,2,61574C,28.44,B,S
1234,0,3,Passenger_1233,male,38.6,3,1,72426A,,,S
1235,1,2,Passenger_1234,male,11.7,1,2,20071B,86.21,B,Q
1236,1,2,Passenger_1235,female,32.6,0,0,51466A,67.03,,Q
1237,0,3,Passenger_1236,male,37.9,2,0,60094,56.71,C,S
1238,1,3,Passenger_1237,male,27.2,0,0,85317C,82.85,,S
1239,0,3,Passenger_1238,male,35.2,2,2,50239A,18.74,C,C
1240,0,3,Passenger_1239,male,16.1,0,3,55924C,32.63,B,Q
1241,0,3,Passenger_1240,male,16.5,1,0,59264,68.75,,C
1242,1,3,Passenger_1241,male,33.3,0,1,77799C,22.43,D,S
1243,0,3,Passenger_1242,male,39.5,0,3,48022C,99.58,D,S
1244,0,1,Passenger_1243,male,3.8,2,0,45579,60.62,,S
1245,0,1,Passenger_1244,male,37.3,3,2,92753B,55.36,B,S
1246,1,2,Passenger_1245,male,22.4,3,1,17227B,7.07,C,S
1247,1,3,Passenger_1246,male,,0,0,24207C,4.97,,Q
1248,1,2,Passenger_1247,male,11.2,3,1,88208C,36.05,,S
1249,1,2,Passenger_1248,male,18.1,1,3,51783C,78.26,B,S
1250,1,3,Passenger_1249,male,43.5,1,0,95587,22.68,,C
1251,0,3,Passenger_1250,female,30.5,3,2,38845,77.59,,S
1252,1,3,Passenger_1251,male,,3,1,92961A,37.4,D,S
1253,1,2,Passenger_1252,male,28.4,1,0,10707C,42.18,,S
1254,1,3,Passenger_1253,male,36.8,3,3,27767,58.88,C,S
1255,0,2,Passenger_1254,female,36.2,3,3,93222C,59.43,C,S
1256,1,1,Passenger_1255,female,28.9,2,0,73884B,25.06,,S
1257,1,1,Passenger_1256,male,45.3,2,3,91037A,71.87,B,S
1258,0,2,Passenger_1257,male,43.6,3,1,61716C,,B,S
1259,1,2,Passenger_1258,male,35.8,3,1,52523A,34.24,,Q
1260,0,3,Passenger_1259,male,30.8,2,1,20545B,55.38,,S
1261,0,1,Passenger_1260,male,,2,1,31788A,37.93,,Q
1262,0,3,Passenger_1261,female,34.4,3,3,26802C,13.94,,S
1263,0,3,Passenger_1262,male,44.9,2,0,64739B,76.53,,S
1264,0,2,Passenger_1263,female,42.6,1,3,95875B,6.31,,C
1265,1,2,Passenger_1264,male,15.7,0,3,14602B,,C,S
1266,0,2,Passenger_1265,female,14.8,1,0,85113,,E,S
1267,0,3,Passenger_1266,female,20.2,2,0,20943A,50.69,B,S
1268,1,2,Passenger_1267,male,43.7,1,2,80108C,90.92,C,S
1269,0,1,Passenger_1268,male,7.9,0,1,26250,48.14,E,S
1270,1,1,Passenger_1269,male,35.5,2,0,92169B,64.96,,S
1271,1,3,Passenger_1270,male,,1,3,49388,48.04,B,C
1272,1,3,Passenger_1271,male,46.3,1,1,81405B,71.45,D,C
1273,0,2,Passenger_1272,male,32.5,0,1,81507C,98.77,,C
1274,0,3,Passenger_1273,male,11.2,2,3,71311,54.81,,Q
1275,0,3,Passenger_1274,female,16.6,3,0,89493A,77.36,,Q
1276,1,3,Passenger_1275,male,,2,1,96789B,,,S
1277,0,3,Passenger_1276,female,22.5,0,1,66657,97.5,,S
1278,0,3,Passenger_1277,male,27.4,0,1,35499B,36.51,,S
1279,0,3,Passenger_1278,female,13.7,0,1,91993A,,,S
1280,1,3,Passenger_1279,male,50.6,0,1,62030B,58.71,,S
1281,1,2,Passenger_1280,male,11.4,3,3,44894C,89.1,,S
1282,0,2,Passenger_1281,female,48.8,2,0,94124C,69.9,,S
1283,0,1,Passenger_1282,male,46.6,2,0,25473B,,,S
1284,0,3,Passenger_1283,female,42.6,1,1,30063B,,,S
1285,0,3,Passenger_1284,male,20.3,3,1,88444C,58.93,,C
1286,1,1,Passenger_1285,male,34.8,3,1,10984C,,,S
1287,1,3,Passenger_1286,male,12.1,1,3,66700,44.44,,S
1288,1,2,Passenger_1287,female,,1,3,30339B,41.19,C,S
1289,1,1,Passenger_1288,male,29.0,2,2,48481,111.71,D,S
1290,0,3,Passenger_1289,female,24.3,2,1,62839A,66.71,E,S
1291,0,2,Passenger_1290,female,12.9,2,2,89619,29.93,,S
1292,0,1,Passenger_1291,male,-4.7,3,2,70306C,40.29,,S
1293,1,3,Passenger_1292,male,15.5,3,2,62197,86.97,B,S
1294,0,3,Passenger_1293,female,45.6,1,0,77621B,24.23,,S
1295,1,1,Passenger_1294,male,24.4,0,2,91719,1.87,C,S
1296,1,3,Passenger_1295,male,27.6,0,1,49760B,0.7,E,C
1297,0,3,Passenger_1296,male,39.2,0,3,32084C,10.51,F,S
1298,0,1,Passenger_1297,male,55.3,0,1,61946B,4.54,,Q
1299,0,1,Passenger_1298,male,48.6,0,3,79218B,8.67,,S
1300,1,3,Passenger_1299,male,16.4,2,0,69351B,98.48,D,S
1301,0,2,Passenger_1300,female,2.8,1,0,60203A,48.38,,S
1302,1,3,Passenger_1301,male,63.0,0,1,18820A,37.29,,S
1303,0,3,Passenger_1302,male,61.8,0,0,28757A,0.52,D,S
1304,1,3,Passenger_1303,female,32.6,0,3,98682C,44.99,,S
1305,1,2,Passenger_1304,female,12.2,2,0,98388C,10.81,,S
1306,0,3,Passenger_1305,female,43.5,0,2,46742,37.07,B,S
1307,1,2,Passenger_1306,male,28.5,1,2,82195A,,,S
1308,1,2,Passenger_1307,female,28.4,2,0,80377B,73.23,B,S
1309,0,1,Passenger_1308,male,42.5,2,1,28335,42.66,,S
1310,1,1,Passenger_1309,male,34.7,3,2,95841A,,,S
1311,0,3,Passenger_1310,male,13.4,3,3,57501B,31.75,C,S
1312,1,2,Passenger_1311,male,25.5,2,1,24538B,21.98,,S
1313,0,2,Passenger_1312,female,39.3,0,0,13769C,109.64,,S
1314,0,3,Passenger_1313,male,37.1,0,1,95551C,10.02,,S
1315,1,2,Passenger_1314,female,33.7,0,1,77879C,37.61,C,C
1316,1,3,Passenger_1315,female,43.1,0,1,62219,60.71,,C
1317,1,2,Passenger_1316,male,24.9,3,1,10683,17.23,,S
1318,1,3,Passenger_1317,male,32.5,1,0,76590B,72.77,C,S
1319,1,3,Passenger_1318,male,-17.3,2,0,99131C,39.27,D,S
1320,0,2,Passenger_1319,male,23.7,0,2,95934B,73.24,,S
1321,1,2,Passenger_1320,male,40.7,3,2,75884C,70.51,,S
1322,0,2,Passenger_1321,female,24.5,1,3,26362C,41.49,E,S
1323,0,3,Passenger_1322,male,23.5,2,3,10503B,109.87,,S
1324,1,2,Passenger_1323,male,,2,2,23576C,26.71,C,S
1325,0,2,Passenger_1324,female,44.0,2,2,70495A,97.21,F,S
1326,0,1,Passenger_1325,male,37.7,0,1,61660B,91.12,,S
1327,0,2,Passenger_1326,female,,2,2,35205,111.98,,C
1328,0,2,Passenger_1327,male,5.8,0,3,42785,56.09,B,Q
1329,1,3,Passenger_1328,male,27.8,1,2,11268A,22.4,,S
1330,0,2,Passenger_1329,male,26.1,3,1,28016,122.69,,S
1331,1,2,Passenger_1330,male,26.1,3,3,88281B,38.29,,S
1332,1,3,Passenger_1331,male,21.4,3,0,59266A,21.53,,S
1333,0,3,Passenger_1332,female,25.2,2,2,16768C,43.36,B,Q
1334,1,2,Passenger_1333,male,41.9,3,0,28972B,15.64,,S
1335,1,2,Passenger_1334,female,3.2,1,3,83162A,68.42,E,S
1336,1,2,Passenger_1335,male,54.9,0,2,55281,28.8,,S
1337,0,3,Passenger_1336,male,36.8,3,0,40226B,39.94,C,C
1338,1,1,Passenger_1337,male,29.4,0,2,38783,83.87,D,S
1339,1,3,Passenger_1338,female,42.7,0,0,78155A,71.83,B,S
1340,1,3,Passenger_1339,male,9.7,3,0,76883A,50.55,,S
1341,0,3,Passenger_1340,male,20.7,3,3,89095B,,B,S
1342,1,1,Passenger_1341,female,,3,2,37788C,50.43,,C
1343,0,2,Passenger_1342,male,49.1,2,0,17166,34.91,,S
1344,0,2,Passenger_1343,female,29.3,3,2,75441,49.91,B,S
1345,0,1,Passenger_1344,male,36.3,2,2,10403B,,B,S
1346,0,3,Passenger_1345,female,21.7,1,1,37224C,45.58,,S
1347,0,3,Passenger_1346,female,36.8,0,3,13485,64.69,D,S
1348,0,3,Passenger_1347,female,53.5,1,2,84984,20.72,E,S
1349,1,3,Passenger_1348,male,43.9,3,2,96208C,28.86,B,S
1350,0,1,Passenger_1349,male,,0,2,24262A,24.3,E,S
1351,1,2,Passenger_1350,female,39.5,3,3,85370,30.22,B,S
1352,1,1,Passenger_1351,male,,3,3,37928,95.05,,S
1353,0,3,Passenger_1352,male,,0,2,73179C,75.41,,S
1354,1,3,Passenger_1353,female,45.6,1,3,96365,12.31,,C
1355,1,3,Passenger_1354,male,45.5,3,1,44712,65.31,D,S
1356,1,1,Passenger_1355,male,28.2,0,3,44328A,36.33,,S
1357,1,2,Passenger_1356,male,39.0,1,1,47515C,26.12,B,S
1358,0,3,Passenger_1357,male,24.6,2,1,82690,2.0,,S
1359,1,2,Passenger_1358,male,17.1,1,1,38170B,84.02,,S
1360,0,3,Passenger_1359,female,26.2,1,0,59744,2.26,B,S
1361,1,3,Passenger_1360,male,28.9,0,3,87621A,48.18,B,S
1362,1,3,Passenger_1361,female,,1,2,15327C,16.88,C,S
1363,0,2,Passenger_1362,female,,2,1,92675,77.15,C,C
1364,1,2,Passenger_1363,female,,2,2,43264A,38.3,,S
1365,1,1,Passenger_1364,male,,3,1,25656B,45.29,D,C
1366,1,2,Passenger_1365,female,51.0,2,2,38855,46.47,,S
1367,0,2,Passenger_1366,male,26.3,3,0,71722,60.59,B,S
1368,1,3,Passenger_1367,male,30.1,2,1,48319C,50.46,,Q
1369,0,3,Passenger_1368,female,34.2,1,0,22973B,48.49,D,C
1370,1,1,Passenger_1369,male,,3,0,58087,31.86,B,C
1371,0,2,Passenger_1370,female,32.7,2,3,37281,5.12,,Q
1372,0,1,Passenger_1371,male,28.0,1,2,26549C,10.85,,S
1373,1,1,Passenger_1372,female,28.7,1,1,71426,,,S
1374,1,3,Passenger_1373,male,32.5,3,0,99616B,39.3,,C
1375,0,1,Passenger_1374,female,11.6,0,2,25730B,26.76,,Q
1376,0,2,Passenger_1375,male,30.6,1,3,54134B,0.8,,S
1377,1,1,Passenger_1376,male,32.3,1,2,94093B,10.19,C,Q
1378,0,3,Passenger_1377,male,31.8,0,2,63595A,25.39,C,S
1379,1,3,Passenger_1378,male,27.0,3,3,77557A,81.08,,Q
1380,1,2,Passenger_1379,male,45.9,2,3,47289C,30.5,,S
1381,1,3,Passenger_1380,male,25.0,2,3,18839B,64.02,,S
1382,1,3,Passenger_1381,male,33.2,1,0,78838,28.89,C,C
1383,0,3,Passenger_1382,male,48.2,0,2,96527A,72.36,,Q
1384,1,2,Passenger_1383,male,28.9,1,3,85450A,37.69,,S
1385,0,3,Passenger_1384,female,33.0,3,2,54638C,6.88,,S
1386,1,3,Passenger_1385,female,,1,2,15873B,40.59,C,S
1387,0,3,Passenger_1386,female,47.3,2,0,83034A,114.19,,Q
1388,1,3,Passenger_1387,female,26.4,0,2,37091,112.65,,S
1389,0,3,Passenger_1388,male,,3,0,62999B,67.03,,S
1390,0,2,Passenger_1389,male,28.5,1,3,43532C,45.2,,S
1391,1,3,Passenger_1390,male,18.0,2,3,27036A,60.64,,C
1392,1,3,Passenger_1391,female,39.5,1,2,66196,61.09,B,S
1393,1,3,Passenger_1392,female,25.7,2,0,54562B,48.6,,S
1394,1,2,Passenger_1393,male,38.7,0,0,39152A,65.43,,S
1395,0,3,Passenger_1394,male,-8.2,3,1,96531,57.29,C,S
1396,1,3,Passenger_1395,male,30.1,1,1,10145B,38.94,B,C
1397,0,1,Passenger_1396,male,23.6,3,3,14247C,,E,Q
1398,0,3,Passenger_1397,male,15.1,0,3,79724C,33.9,,C
1399,1,3,Passenger_1398,male,22.3,2,1,73289,77.98,,C
1400,0,3,Passenger_1399,female,,0,0,12696A,48.9,B,Q
1401,0,2,Passenger_1400,male,,0,2,72041A,60.51,,C
1402,0,2,Passenger_1401,female,10.9,3,2,29713B,40.09,,Q
1403,0,3,Passenger_1402,female,34.4,0,0,53548B,12.91,,Q
1404,1,2,Passenger_1403,female,49.1,1,3,14641,41.65,,S
1405,1,3,Passenger_1404,female,33.9,2,2,21631A,,,C
1406,1,2,Passenger_1405,female,41.3,0,0,12023A,11.98,B,Q
1407,1,3,Passenger_1406,female,45.3,1,2,96190B,92.2,,S
1408,0,2,Passenger_1407,female,47.3,2,0,44842C,35.3,,Q
1409,0,3,Passenger_1408,male,56.2,3,1,65189C,24.05,C,C
1410,1,2,Passenger_1409,female,23.0,2,1,55923A,106.63,,C
1411,1,1,Passenger_1410,female,19.9,3,2,13474B,78.52,C,S
1412,1,2,Passenger_1411,female,41.0,2,2,89707A,37.0,,S
1413,0,1,Passenger_1412,female,39.9,0,2,70218C,64.97,,C
1414,1,3,Passenger_1413,male,40.9,3,2,59109C,,,S
1415,1,3,Passenger_1414,male,56.4,3,1,55765C,25.76,,S
1416,1,2,Passenger_1415,male,30.2,3,1,44118B,66.61,,S
1417,0,3,Passenger_1416,male,36.0,0,0,67083B,38.65,,S
1418,0,2,Passenger_1417,female,16.3,0,2,38352A,52.64,,S
1419,0,3,Passenger_1418,male,59.9,2,1,73045,,F,C
1420,0,3,Passenger_1419,male,25.3,2,3,32161C,81.89,,S
1421,0,3,Passenger_1420,male,,0,0,28650A,,,S
1422,0,2,Passenger_1421,male,,0,0,17546,67.01,,S
1423,0,3,Passenger_1422,female,21.0,3,0,17207A,10.53,,S
1424,0,2,Passenger_1423,female,19.8,2,3,82022C,65.76,C,C
1425,1,3,Passenger_1424,male,22.7,2,3,39121,55.2,,Q
1426,1,1,Passenger_1425,male,,3,3,48915B,,B,S
1427,0,3,Passenger_1426,male,19.0,3,1,25094A,39.59,F,S
1428,0,3,Passenger_1427,male,57.3,3,3,17664B,122.94,B,S
1429,1,3,Passenger_1428,male,40.3,1,0,90109,18.45,C,S
1430,0,1,Passenger_1429,female,43.0,1,2,73590C,84.0,F,C
1431,0,3,Passenger_1430,male,,0,0,43777A,13.89,E,S
1432,0,1,Passenger_1431,male,55.7,2,0,52667B,67.65,E,S
1433,1,3,Passenger_1432,male,5.2,3,1,39980A,,B,S
1434,1,2,Passenger_1433,female,12.8,3,0,33808C,51.92,,S
1435,1,2,Passenger_1434,female,18.7,2,1,82762,32.66,C,S
1436,1,3,Passenger_1435,female,23.4,1,1,27926B,54.94,,C
1437,1,2,Passenger_1436,male,25.8,2,2,21167B,59.35,,C
1438,0,1,Passenger_1437,female,23.7,0,0,88776C,112.65,B,C
1439,1,1,Passenger_1438,male,33.1,1,2,45031C,19.47,,S
1440,0,2,Passenger_1439,male,30.5,2,2,17998,30.54,,S
1441,0,3,Passenger_1440,male,19.9,2,0,50508A,59.97,,C
1442,1,3,Passenger_1441,male,-0.5,0,0,41101A,41.04,C,S
1443,1,1,Passenger_1442,female,16.1,2,3,89764,46.5,F,C
1444,0,2,Passenger_1443,female,22.3,1,3,70800C,87.46,,C
1445,0,1,Passenger_1444,male,26.5,3,1,11882,48.71,,S
1446,0,1,Passenger_1445,female,14.2,3,0,94195B,,,S
1447,1,3,Passenger_1446,female,23.1,3,1,98794C,10.98,C,S
1448,1,3,Passenger_1447,female,,1,2,51560,8.15,D,S
1449,1,1,Passenger_1448,male,28.2,2,2,93943C,134.16,B,S
1450,1,2,Passenger_1449,male,15.0,2,3,13950B,70.94,,S
1451,1,1,Passenger_1450,male,18.1,2,1,40410A,83.3,,S
1452,0,3,Passenger_1451,female,11.7,2,0,28976A,47.18,,S
1453,1,3,Passenger_1452,male,27.9,3,0,84747C,76.55,E,S
1454,0,1,Passenger_1453,male,17.9,1,3,33553C,11.83,,S
1455,0,2,Passenger_1454,male,42.7,0,3,39332B,86.34,B,S
1456,0,3,Passenger_1455,male,35.7,1,1,88625C,21.31,,Q
1457,1,3,Passenger_1456,female,29.0,2,3,14436,31.4,F,C
1458,1,2,Passenger_1457,female,18.8,2,3,65702A,67.68,,S
1459,1,1,Passenger_1458,female,35.3,1,3,84033C,61.08,,S
1460,0,1,Passenger_1459,female,39.7,1,2,54747B,52.96,,S
1461,0,3,Passenger_1460,male,32.0,3,1,44349B,2.29,,S
1462,0,2,Passenger_1461,male,52.5,2,0,47358A,53.49,C,S
1463,0,1,Passenger_1462,male,36.4,1,0,90449B,83.62,E,S
1464,0,3,Passenger_1463,male,42.8,2,1,85333,31.36,,S
1465,0,1,Passenger_1464,male,31.9,1,3,23825A,96.02,B,C
1466,1,3,Passenger_1465,female,39.5,2,3,82447A,19.46,B,S
1467,1,2,Passenger_1466,male,18.8,1,0,81267,,F,S
1468,1,1,Passenger_1467,female,,2,2,54223A,103.74,D,S
1469,1,3,Passenger_1468,male,34.9,0,1,38000B,26.15,E,Q
1470,0,2,Passenger_1469,male,34.8,3,3,61498,86.89,F,Q
1471,0,3,Passenger_1470,male,37.1,0,2,86202B,119.11,C,S
1472,1,3,Passenger_1471,male,45.4,3,2,37339A,55.99,B,C
1473,0,2,Passenger_1472,male,10.1,3,3,91950,31.55,,S
1474,1,3,Passenger_1473,male,16.4,1,1,89817,22.95,B,S
1475,1,2,Passenger_1474,male,,0,1,38031C,95.66,,C
1476,1,3,Passenger_1475,male,19.9,3,0,33302B,94.68,E,S
1477,0,2,Passenger_1476,male,77.3,2,0,56691A,100.73,,S
1478,1,3,Passenger_1477,female,37.2,1,1,81047A,48.85,C,S
1479,1,1,Passenger_1478,female,28.9,1,3,80204,86.32,,S
1480,1,2,Passenger_1479,male,22.8,2,1,82551,48.29,F,S
1481,0,3,Passenger_1480,female,23.3,2,0,41314C,19.09,C,S
1482,0,3,Passenger_1481,female,30.4,3,0,79539C,89.35,B,S
1483,1,2,Passenger_1482,female,31.6,2,0,36235A,107.19,E,S
1484,0,2,Passenger_1483,male,23.6,1,1,43366,14.28,D,C
1485,0,3,Passenger_1484,male,,2,1,42837,13.62,D,S
1486,0,3,Passenger_1485,female,48.8,0,3,19585,51.4,,S
1487,0,1,Passenger_1486,male,49.4,1,0,15634B,83.46,D,S
1488,0,2,Passenger_1487,female,33.5,2,2,13682,10.32,E,S
1489,0,2,Passenger_1488,female,11.2,1,2,80098A,57.95,,S
1490,0,3,Passenger_1489,male,37.5,3,3,96851C,29.34,,Q
1491,0,1,Passenger_1490,male,51.8,0,3,80249B,74.53,C,S
1492,0,2,Passenger_1491,male,49.2,3,0,31984B,22.07,,C
1493,0,3,Passenger_1492,male,40.3,0,1,30487,77.01,F,S
1494,1,1,Passenger_1493,male,49.9,2,1,43550C,44.46,,S
1495,1,2,Passenger_1494,male,30.7,1,2,52293B,17.2,B,S
1496,0,2,Passenger_1495,male,38.8,2,0,39212C,52.23,C,S
1497,1,2,Passenger_1496,male,20.5,3,2,25853B,,D,S
1498,1,2,Passenger_1497,female,34.1,1,2,89911B,30.43,,S
1499,0,3,Passenger_1498,male,48.6,2,0,55964B,61.81,D,S
1500,0,1,Passenger_1499,female,21.7,2,3,70501A,12.01,,S
1501,0,3,Passenger_1500,female,17.9,1,2,76856C,39.99,,S
1502,1,3,Passenger_1501,male,31.4,1,3,91523B,,,S
1503,1,3,Passenger_1502,female,26.8,3,1,79235A,96.45,,S
1504,0,1,Passenger_1503,male,39.1,0,2,72858A,47.31,,C
1505,0,1,Passenger_1504,female,23.7,0,0,74326C,31.36,,C
1506,0,2,Passenger_1505,male,54.1,1,3,56415C,,,S
1507,1,2,Passenger_1506,male,11.9,0,1,59127,35.84,B,S
1508,1,2,Passenger_1507,male,47.6,3,1,32939C,59.4,B,S
1509,1,3,Passenger_1508,male,19.3,0,2,97298A,,,S
1510,1,1,Passenger_1509,male,4.9,1,1,11722A,33.52,D,S
1511,0,1,Passenger_1510,male,33.3,3,0,21674,60.3,C,Q
1512,0,2,Passenger_1511,male,,1,2,12812B,77.06,B,S
1513,0,3,Passenger_1512,male,14.5,3,1,12278C,43.53,,S
1514,0,1,Passenger_1513,male,6.5,3,0,45118B,33.88,D,C
1515,1,3,Passenger_1514,male,29.9,1,3,79159C,38.01,E,S
1516,1,2,Passenger_1515,male,43.7,2,3,59866,30.43,C,S
1517,0,3,Passenger_1516,male,38.2,1,2,10924C,59.91,,S
1518,0,3,Passenger_1517,female,30.8,3,0,63305B,7.68,E,S
1519,1,2,Passenger_1518,male,36.7,1,1,87806B,72.04,C,S
1520,0,2,Passenger_1519,female,29.6,1,2,45583A,46.84,,S
1521,1,2,Passenger_1520,male,10.0,3,2,80114C,53.68,,S
1522,0,2,Passenger_1521,female,10.1,0,1,10888A,74.51,,S
1523,0,3,Passenger_1522,male,27.2,3,0,95398B,17.57,,Q
1524,0,3,Passenger_1523,male,27.8,1,1,77259C,62.92,E,S
1525,0,3,Passenger_1524,male,41.9,3,3,33410C,59.37,,S
1526,0,3,Passenger_1525,male,40.6,3,2,28614C,43.53,B,S
1527,0,2,Passenger_1526,male,38.5,0,3,28444C,17.51,,S
1528,0,1,Passenger_1527,male,,2,2,78149,70.83,C,S
1529,1,3,Passenger_1528,female,10.7,1,1,98618C,74.62,C,C
1530,1,2,Passenger_1529,male,35.8,1,0,91516C,53.98,E,S
1531,1,3,Passenger_1530,male,37.4,0,1,76213C,12.54,C,S
1532,1,2,Passenger_1531,female,-3.4,3,3,67239B,31.54,F,S
1533,1,1,Passenger_1532,male,18.3,2,0,53211A,47.89,,S
1534,0,3,Passenger_1533,female,20.3,1,0,73789C,74.1,,S
1535,0,1,Passenger_1534,male,31.7,2,2,84522A,5.42,C,C
1536,1,3,Passenger_1535,female,18.8,2,0,36269B,,B,C
1537,0,3,Passenger_1536,male,,3,2,31118C,35.91,,S
1538,1,3,Passenger_1537,female,27.1,3,0,24089C,47.09,,Q
1539,1,3,Passenger_1538,female,27.8,3,0,52956,4.45,C,S
1540,0,3,Passenger_1539,male,20.0,1,2,95786B,42.39,,S
1541,0,3,Passenger_1540,male,21.1,2,0,89226A,39.13,,S
1542,0,2,Passenger_1541,male,14.9,2,1,79581C,13.68,C,S
1543,1,2,Passenger_1542,female,35.3,1,0,81160C,45.87,,S
1544,0,3,Passenger_1543,male,38.0,0,3,53779,31.06,D,C
1545,1,2,Passenger_1544,male,19.2,3,2,49602B,67.35,,S
1546,1,2,Passenger_1545,male,51.3,1,2,63103A,19.01,B,S
1547,1,2,Passenger_1546,male,25.6,3,1,30442,53.14,D,S
1548,0,3,Passenger_1547,male,51.4,2,3,60368A,21.71,,Q
1549,0,3,Passenger_1548,female,21.0,1,0,65244A,29.01,D,S
1550,1,2,Passenger_1549,male,1.6,0,1,35474A,60.41,,S
1551,0,3,Passenger_1550,female,35.6,3,0,15586A,58.22,C,C
1552,0,3,Passenger_1551,male,33.5,2,1,17940C,35.4,,S
1553,0,3,Passenger_1552,male,30.5,2,2,50747,,,S
1554,1,3,Passenger_1553,male,21.0,0,3,44282A,0.88,,S
1555,1,3,Passenger_1554,male,29.5,0,2,72996C,99.1,,S
1556,0,1,Passenger_1555,female,22.8,3,1,12883C,74.06,C,S
1557,1,3,Passenger_1556,female,25.8,2,0,88103,72.8,,S
1558,0,1,Passenger_1557,male,41.8,0,3,98209C,5.83,B,S
1559,0,3,Passenger_1558,male,32.6,1,0,26486B,29.16,,S
1560,0,3,Passenger_1559,male,38.5,0,2,13993,38.29,,Q
1561,0,2,Passenger_1560,female,26.8,1,0,13708A,17.59,,C
1562,1,2,Passenger_1561,female,25.2,2,1,11495C,81.15,B,Q
1563,1,3,Passenger_1562,female,13.9,3,3,46160C,100.89,,Q
1564,1,2,Passenger_1563,male,24.8,2,3,17537B,122.17,,S
1565,0,3,Passenger_1564,male,-16.5,2,3,32203C,13.39,F,C
1566,0,1,Passenger_1565,male,21.7,2,1,64032A,,,S
1567,0,1,Passenger_1566,male,,2,0,90747,96.3,C,S
1568,1,3,Passenger_1567,male,37.9,3,3,74043B,41.12,,S
1569,0,3,Passenger_1568,male,26.2,0,2,95437B,30.16,,S
1570,1,3,Passenger_1569,male,34.9,3,2,79725,15.31,D,S
1571,1,2,Passenger_1570,female,-0.5,3,2,98853B,89.64,D,S
1572,1,3,Passenger_1571,female,29.2,3,2,41501B,49.33,C,S
1573,1,3,Passenger_1572,male,,3,2,75258C,,,S
1574,1,3,Passenger_1573,male,13.1,0,1,93833B,59.94,,S
1575,1,3,Passenger_1574,male,27.4,2,0,33719B,55.36,C,S
1576,0,3,Passenger_1575,female,,0,1,76686B,55.89,,S
1577,0,2,Passenger_1576,female,35.2,0,2,38434B,42.4,,S
1578,1,2,Passenger_1577,female,30.3,2,2,30520B,106.78,,Q
1579,1,3,Passenger_1578,female,29.7,0,3,11510C,45.32,,S
1580,0,2,Passenger_1579,male,20.0,3,3,23982,106.68,F,S
1581,1,3,Passenger_1580,male,22.4,3,0,90270B,69.74,,S
1582,1,2,Passenger_1581,male,36.0,2,0,29636A,62.29,,S
1583,0,3,Passenger_1582,male,10.6,2,0,68087B,46.04,,S
1584,1,3,Passenger_1583,female,38.3,2,1,46706,84.09,,S
1585,1,2,Passenger_1584,male,24.6,3,3,72871A,53.95,D,Q
1586,1,1,Passenger_1585,male,41.6,2,0,71737A,17.38,C,S
1587,0,1,Passenger_1586,male,43.5,0,3,50975A,16.21,C,C
1588,0,3,Passenger_1587,female,6.6,0,3,38129,64.79,,C
1589,0,3,Passenger_1588,male,21.9,1,3,75059C,18.24,F,S
1590,1,1,Passenger_1589,female,18.0,1,3,74422A,47.82,,C
1591,1,3,Passenger_1590,male,4.6,2,3,70389B,87.0,E,S
1592,0,2,Passenger_1591,male,15.5,1,3,14349A,60.64,B,S
1593,1,2,Passenger_1592,male,64.2,3,1,49491A,24.73,F,S
1594,1,3,Passenger_1593,female,38.5,3,2,56778,,B,S
1595,1,2,Passenger_1594,male,56.8,0,3,37677A,69.18,,C
1596,1,2,Passenger_1595,female,,0,1,91254B,85.62,C,S
1597,1,1,Passenger_1596,male,19.6,1,0,23272A,29.36,D,S
1598,0,1,Passenger_1597,male,24.7,1,1,54431A,61.58,C,S
1599,1,2,Passenger_1598,female,38.2,3,1,21223A,79.48,B,C
1600,0,1,Passenger_1599,male,36.1,0,1,49413C,109.51,,S
1601,1,3,Passenger_1600,male,21.9,1,3,45689C,1.23,B,C
1602,0,2,Passenger_1601,female,8.9,3,0,66396B,92.21,C,S
1603,1,3,Passenger_1602,male,76.0,0,1,56534C,107.55,,S
1604,0,1,Passenger_1603,female,28.0,3,0,86240C,20.61,,S
1605,1,2,Passenger_1604,male,25.4,3,1,25266A,66.75,C,S
1606,0,3,Passenger_1605,male,31.6,0,3,54356,71.62,C,C
1607,1,3,Passenger_1606,male,26.6,3,1,25046C,38.55,,S
1608,0,1,Passenger_1607,female,31.7,1,1,35270B,,,S
1609,1,3,Passenger_1608,male,48.0,3,0,86342C,73.37,C,C
1610,0,3,Passenger_1609,female,28.3,1,0,47988,,B,S
1611,0,3,Passenger_1610,female,13.7,2,0,62179A,42.4,,S
1612,1,3,Passenger_1611,male,27.7,2,2,39512B,78.44,,S
1613,1,1,Passenger_1612,male,23.5,2,0,15099,111.39,E,S
1614,0,1,Passenger_1613,male,49.9,3,1,84088,68.83,B,S
1615,1,3,Passenger_1614,male,46.4,2,2,60003,54.67,C,S
1616,0,2,Passenger_1615,male,31.5,2,0,76886A,31.93,E,C
1617,0,3,Passenger_1616,female,,3,3,21739C,14.63,,C
1618,0,2,Passenger_1617,female,12.8,0,0,22384C,88.84,C,S
1619,1,1,Passenger_1618,female,30.2,3,3,12120B,44.63,,C
1620,0,3,Passenger_1619,female,34.7,1,2,97295C,90.27,B,S
1621,0,2,Passenger_1620,female,24.8,3,3,74681B,38.47,E,S
1622,1,3,Passenger_1621,male,23.3,0,2,55388A,27.27,C,S
1623,1,3,Passenger_1622,female,,2,3,61116B,64.73,,S
1624,1,3,Passenger_1623,female,29.7,3,0,49787B,47.32,,S
1625,1,3,Passenger_1624,male,-3.4,2,2,18290,7.81,,C
1626,0,3,Passenger_1625,female,14.6,1,1,26627B,113.61,,S
1627,0,3,Passenger_1626,male,21.2,0,1,83474A,,D,S
1628,0,3,Passenger_1627,female,46.9,2,1,72904B,82.47,,C
1629,0,2,Passenger_1628,female,18.6,2,0,78245B,79.46,C,S
1630,1,1,Passenger_1629,female,32.5,2,1,54186C,5.92,,C
1631,0,2,Passenger_1630,male,33.2,2,2,99621B,14.92,C,S
1632,0,2,Passenger_1631,female,48.2,3,1,40832A,39.45,E,S
1633,1,3,Passenger_1632,male,47.7,0,2,58850,19.7,,S
1634,0,3,Passenger_1633,male,29.2,0,1,96298,110.43,C,C
1635,0,3,Passenger_1634,female,23.3,2,3,85114A,42.99,,C
1636,0,1,Passenger_1635,male,20.7,0,2,82247B,81.14,,S
1637,0,3,Passenger_1636,female,26.6,2,1,66373A,67.98,E,S
1638,0,2,Passenger_1637,male,23.9,1,1,25979B,59.24,C,S
1639,0,3,Passenger_1638,male,37.8,1,1,69081B,51.41,,S
1640,1,3,Passenger_1639,female,,1,2,66144C,93.3,,S
1641,1,2,Passenger_1640,male,38.3,0,2,91369B,21.12,B,S
1642,0,1,Passenger_1641,male,,2,1,31746B,,,S
1643,0,1,Passenger_1642,female,,3,3,19603B,4.95,,C
1644,1,3,Passenger_1643,male,31.7,3,2,14570A,77.35,F,Q
1645,0,3,Passenger_1644,female,45.4,1,2,61604,0.82,,C
1646,0,3,Passenger_1645,male,,1,3,88381C,38.95,E,S
1647,0,1,Passenger_1646,male,46.6,0,0,36943B,53.27,,C
1648,1,2,Passenger_1647,male,44.9,3,3,13340A,32.97,D,Q
1649,0,3,Passenger_1648,male,44.1,0,1,87848A,43.64,B,S
1650,1,3,Passenger_1649,male,31.3,1,2,76175C,1.46,,S
1651,0,1,Passenger_1650,male,,2,2,54188,15.44,C,S
1652,1,1,Passenger_1651,male,10.5,2,2,23496B,67.44,,S
1653,1,3,Passenger_1652,male,29.4,2,2,67248,51.04,,S
1654,0,2,Passenger_1653,male,,1,0,51145A,25.83,B,S
1655,1,2,Passenger_1654,male,25.7,0,2,39672B,96.35,D,S
1656,0,1,Passenger_1655,male,41.0,2,2,93238,7.3,,S
1657,1,3,Passenger_1656,female,,3,0,46027,37.34,B,Q
1658,0,3,Passenger_1657,female,26.0,3,1,29403,,,S
1659,0,3,Passenger_1658,female,48.4,1,1,35150C,71.53,D,S
1660,1,3,Passenger_1659,male,-10.7,3,0,56940A,51.69,,S
1661,0,3,Passenger_1660,female,12.9,3,1,44202B,46.21,B,S
1662,0,1,Passenger_1661,female,17.2,1,1,33938B,14.55,C,Q
1663,1,3,Passenger_1662,female,18.5,0,3,85302A,80.28,B,S
1664,0,2,Passenger_1663,male,34.7,2,3,35762A,42.38,C,Q
1665,0,3,Passenger_1664,female,34.1,1,3,30653,54.05,F,S
1666,1,2,Passenger_1665,female,35.5,3,0,82914B,23.8,,S
1667,1,2,Passenger_1666,female,38.3,2,2,45205,,C,S
1668,0,1,Passenger_1667,male,16.7,2,0,47320C,102.48,C,S
1669,0,2,Passenger_1668,male,12.9,2,0,58853C,12.06,F,C
1670,1,1,Passenger_1669,male,35.5,1,0,99116C,13.1,,S
1671,1,1,Passenger_1670,male,21.2,2,0,81801B,101.82,,S
1672,0,3,Passenger_1671,female,,0,3,82277B,72.43,C,S
1673,1,2,Passenger_1672,male,43.6,3,0,63763B,38.61,,S
1674,0,3,Passenger_1673,male,49.5,1,3,66964B,93.63,,C
1675,0,3,Passenger_1674,male,51.8,1,2,66398C,,D,S
1676,0,3,Passenger_1675,male,32.6,2,1,92597C,58.14,,S
1677,0,3,Passenger_1676,male,38.8,3,3,63198B,57.89,F,S
1678,0,3,Passenger_1677,female,49.2,2,0,45143,66.28,,C
1679,1,2,Passenger_1678,male,21.0,2,2,16859,67.7,,S
1680,1,2,Passenger_1679,male,45.5,1,0,44356B,126.86,,S
1681,1,2,Passenger_1680,male,33.9,0,2,72570C,43.18,B,C
1682,1,3,Passenger_1681,male,,3,1,43013C,44.26,D,C
1683,0,3,Passenger_1682,male,32.6,3,2,33054A,6.71,,C
1684,0,2,Passenger_1683,female,48.1,3,2,70254A,48.18,,S
1685,0,1,Passenger_1684,female,33.1,3,1,55206,115.2,,S
1686,0,3,Passenger_1685,female,9.2,0,1,26281,84.46,,Q
1687,1,1,Passenger_1686,female,50.3,1,2,62203C,30.97,,S
1688,0,3,Passenger_1687,male,16.7,0,0,46539B,,,C
1689,0,3,Passenger_1688,female,,2,3,89072A,4.62,F,S
1690,1,3,Passenger_1689,female,28.7,1,0,72438B,16.08,F,S
1691,1,3,Passenger_1690,female,46.5,0,3,35273A,55.23,,S
1692,1,3,Passenger_1691,male,45.9,3,1,41052,32.69,,S
1693,1,2,Passenger_1692,female,36.0,3,0,23518A,13.44,E,C
1694,0,3,Passenger_1693,female,37.1,1,1,94548B,67.14,C,C
1695,0,3,Passenger_1694,female,35.9,0,2,21981B,47.12,C,S
1696,1,1,Passenger_1695,male,1.8,1,2,78292C,4.86,,C
1697,0,1,Passenger_1696,female,,3,0,15023C,22.63,C,S
1698,0,2,Passenger_1697,female,,0,1,31219C,30.05,C,S
1699,0,2,Passenger_1698,female,32.4,3,0,93892C,5.59,,S
1700,1,3,Passenger_1699,male,14.0,1,0,47853C,15.41,B,Q
1701,0,3,Passenger_1700,female,13.4,1,3,64045B,89.51,E,S
1702,1,1,Passenger_1701,male,,1,2,53927,46.58,C,S
1703,0,1,Passenger_1702,male,45.0,1,0,28978A,40.71,C,S
1704,0,3,Passenger_1703,male,29.9,1,2,45723,43.41,,S
1705,0,1,Passenger_1704,female,32.6,2,3,59092,10.18,,S
1706,1,2,Passenger_1705,male,26.5,1,1,85171A,64.38,C,S
1707,0,3,Passenger_1706,male,38.0,1,0,46911C,45.43,,S
1708,1,3,Passenger_1707,female,20.5,3,2,19946,23.49,,S
1709,1,1,Passenger_1708,female,,1,0,24387B,28.73,,S
1710,1,1,Passenger_1709,male,26.5,0,1,59573C,,F,C
1711,0,1,Passenger_1710,female,24.1,1,0,51405A,35.78,B,C
1712,0,3,Passenger_1711,female,30.3,2,0,45415,41.61,,C
1713,0,3,Passenger_1712,male,21.7,1,2,41848C,,D,Q
1714,0,2,Passenger_1713,male,34.6,3,1,79265,51.93,B,S
1715,1,3,Passenger_1714,male,22.5,0,3,41455A,47.25,E,S
1716,1,3,Passenger_1715,male,36.6,0,1,76560A,58.08,,S
1717,1,1,Passenger_1716,male,47.0,1,1,26921,83.01,F,S
1718,0,2,Passenger_1717,female,19.9,1,3,62235B,70.76,,S
1719,1,3,Passenger_1718,female,,1,0,43275A,83.41,,S
1720,0,2,Passenger_1719,male,36.5,1,2,18872A,20.33,,S
1721,1,2,Passenger_1720,male,23.9,3,0,96143,32.2,E,S
1722,0,3,Passenger_1721,male,36.5,3,0,44961C,72.88,D,S
1723,0,3,Passenger_1722,male,37.8,0,3,25762C,73.5,,S
1724,1,3,Passenger_1723,male,45.2,1,3,64213,26.25,C,S
1725,1,3,Passenger_1724,female,21.5,3,0,60374C,71.41,,S
1726,1,3,Passenger_1725,female,16.8,3,1,80555C,16.98,,S
1727,1,2,Passenger_1726,male,25.7,0,2,64875C,66.84,D,S
1728,0,3,Passenger_1727,female,16.5,0,1,62175A,49.08,B,S
1729,1,2,Passenger_1728,male,37.9,2,0,58978,1.54,,C
1730,1,1,Passenger_1729,female,13.7,3,0,92460,34.81,,C
1731,1,3,Passenger_1730,male,62.7,0,2,59662C,126.38,B,C
1732,0,3,Passenger_1731,male,48.1,3,1,90366C,57.1,F,C
1733,0,2,Passenger_1732,female,,3,0,98622A,130.52,D,S
1734,1,3,Passenger_1733,male,42.1,1,0,57791C,0.54,B,C
1735,0,1,Passenger_1734,female,7.1,1,3,67235A,76.28,,S
1736,1,2,Passenger_1735,male,65.3,1,2,42076C,38.7,F,C
1737,0,1,Passenger_1736,male,21.7,1,3,61632C,49.99,,S
1738,0,3,Passenger_1737,male,28.3,3,3,32203,72.09,B,C
1739,0,3,Passenger_1738,male,,2,3,55642C,79.33,B,S
1740,0,2,Passenger_1739,female,36.8,2,0,19486,22.03,,S
1741,1,3,Passenger_1740,male,14.5,2,1,42158A,86.37,,S
1742,1,2,Passenger_1741,female,31.4,3,3,24681C,,,S
1743,1,3,Passenger_1742,female,22.4,2,1,65052B,44.26,C,C
1744,0,2,Passenger_1743,female,14.9,3,0,25372,34.83,B,S
1745,1,2,Passenger_1744,male,18.7,0,3,15523B,10.23,,S
1746,1,3,Passenger_1745,female,33.2,2,0,30233B,104.94,,S
1747,1,2,Passenger_1746,male,12.1,3,3,34955,51.68,,C
1748,0,1,Passenger_1747,male,19.5,0,3,57524,88.06,,C
1749,0,3,Passenger_1748,male,39.3,1,0,52621C,86.56,C,S
1750,0,3,Passenger_1749,male,66.4,0,2,78001,16.12,,S
1751,1,2,Passenger_1750,male,36.7,0,2,91597,92.56,,Q
1752,1,1,Passenger_1751,female,17.2,2,1,14410A,67.62,C,S
1753,1,2,Passenger_1752,male,24.9,1,1,80671A,13.57,E,C
1754,0,3,Passenger_1753,male,,1,0,83484A,65.71,,C
1755,0,1,Passenger_1754,female,25.1,2,0,80325A,,,S
1756,1,3,Passenger_1755,male,42.6,0,0,18602,106.23,,S
1757,0,3,Passenger_1756,male,33.0,3,2,17232,,,S
1758,0,2,Passenger_1757,male,42.7,2,2,67245C,47.51,,S
1759,0,2,Passenger_1758,female,25.6,0,3,57950,94.27,,S
1760,0,2,Passenger_1759,male,,3,3,38381,5.37,F,S
1761,1,1,Passenger_1760,male,27.7,2,0,86305B,,E,Q
1762,0,3,Passenger_1761,male,16.4,2,0,92192C,41.17,,S
1763,0,2,Passenger_1762,female,60.5,1,1,10819A,128.25,E,S
1764,0,2,Passenger_1763,female,4.5,1,2,45383A,12.53,C,C
1765,0,3,Passenger_1764,female,19.7,1,0,81605A,9.76,,S
1766,1,2,Passenger_1765,male,21.2,3,2,69888A,0.55,B,S
1767,1,3,Passenger_1766,male,,2,0,96810A,81.72,C,S
1768,0,1,Passenger_1767,male,55.3,1,3,83237,29.2,C,S
1769,0,3,Passenger_1768,male,50.9,1,0,94901C,,,Q
1770,0,3,Passenger_1769,male,25.4,2,3,78575,76.7,,C
1771,0,3,Passenger_1770,male,64.0,3,1,41915C,44.47,E,S
1772,0,3,Passenger_1771,male,35.2,1,1,66611B,57.15,,C
1773,0,1,Passenger_1772,female,43.7,0,1,56889C,68.73,F,C
1774,1,2,Passenger_1773,male,32.5,3,0,51215A,34.93,C,C
1775,0,3,Passenger_1774,female,29.3,1,1,12487C,44.18,,S
1776,1,3,Passenger_1775,male,26.5,0,0,71045C,58.47,C,C
1777,1,2,Passenger_1776,male,,1,2,84035,80.39,,Q
1778,0,2,Passenger_1777,male,38.5,3,3,69040C,22.27,,C
1779,1,1,Passenger_1778,male,35.1,2,2,71295B,55.72,B,S
1780,1,2,Passenger_1779,male,,2,0,11191C,73.79,,S
1781,1,1,Passenger_1780,male,51.1,3,1,73490,82.47,,Q
1782,1,3,Passenger_1781,female,,1,3,64799B,,B,S
1783,1,2,Passenger_1782,female,37.1,3,1,16813C,59.39,,S
1784,1,1,Passenger_1783,male,,0,2,97561A,30.25,C,S
1785,0,3,Passenger_1784,female,46.1,1,0,92453,67.51,D,Q
1786,1,3,Passenger_1785,female,29.1,3,3,98430,79.86,,S
1787,1,3,Passenger_1786,female,32.9,2,3,34992A,51.98,B,S
1788,1,3,Passenger_1787,female,43.8,3,0,11237,137.19,,C
1789,0,2,Passenger_1788,male,50.9,1,0,63917B,4.73,C,Q
1790,1,3,Passenger_1789,male,25.8,3,3,31220C,,F,Q
1791,0,3,Passenger_1790,male,33.7,2,2,38694B,8.9,,S
1792,1,1,Passenger_1791,male,53.5,0,2,38250C,80.79,E,S
1793,0,3,Passenger_1792,male,0.3,3,1,43227B,5.35,,Q
1794,0,3,Passenger_1793,male,20.3,3,3,88305,3.31,,Q
1795,1,2,Passenger_1794,female,50.5,0,0,63920,27.84,,S
1796,1,2,Passenger_1795,female,45.3,3,0,84045B,59.3,B,S
1797,0,1,Passenger_1796,female,37.3,2,0,65450C,29.16,,S
1798,1,1,Passenger_1797,female,23.7,0,0,62378B,29.51,,S
1799,0,2,Passenger_1798,female,17.7,2,3,28936C,43.67,,S
1800,0,3,Passenger_1799,male,21.7,2,2,71752B,,,C
1801,0,1,Passenger_1800,male,51.7,2,1,31762A,102.06,,S
1802,0,3,Passenger_1801,male,21.2,1,2,69405A,74.01,,S
1803,0,3,Passenger_1802,female,31.4,0,1,78946A,38.64,,S
1804,1,3,Passenger_1803,male,19.4,1,0,57497C,123.4,,S
1805,0,3,Passenger_1804,female,41.8,1,0,61419,67.21,E,S
1806,0,1,Passenger_1805,male,22.5,3,3,15773C,16.09,,C
1807,1,2,Passenger_1806,male,28.6,0,0,69175,58.98,,C
1808,0,3,Passenger_1807,female,6.4,3,3,84715B,,,S
1809,1,3,Passenger_1808,male,7.4,1,3,78237A,25.93,,S
1810,1,3,Passenger_1809,male,30.1,3,3,13907A,13.16,,S
1811,1,2,Passenger_1810,male,11.4,2,0,23841C,,,S
1812,0,3,Passenger_1811,male,59.5,1,0,59827,37.39,D,C
1813,0,1,Passenger_1812,female,1.1,2,2,88943,101.77,,S
1814,0,3,Passenger_1813,male,18.8,0,1,58091B,75.94,B,S
1815,1,3,Passenger_1814,male,30.2,3,2,71855,27.57,C,S
1816,0,1,Passenger_1815,male,24.9,1,0,29859A,64.91,,S
1817,1,3,Passenger_1816,female,14.5,0,1,59693A,94.35,,Q
1818,0,1,Passenger_1817,male,16.6,2,3,92904B,1.22,,C
1819,1,2,Passenger_1818,female,16.1,3,1,43385B,,C,S
1820,0,3,Passenger_1819,female,26.0,3,3,34644,49.61,D,S
1821,0,3,Passenger_1820,male,,1,0,87152A,51.25,B,S
1822,0,3,Passenger_1821,female,31.1,3,1,36974C,48.17,F,S
1823,1,3,Passenger_1822,female,46.6,3,3,55373C,39.12,B,S
1824,1,2,Passenger_1823,male,37.1,2,2,57612B,38.59,D,S
1825,0,3,Passenger_1824,male,45.6,2,2,20701C,63.45,,S
1826,0,3,Passenger_1825,female,-9.2,2,3,24970A,89.69,D,C
1827,1,1,Passenger_1826,female,25.7,0,2,45847,33.17,,S
1828,1,3,Passenger_1827,male,48.3,0,2,67479C,135.34,,S
1829,1,1,Passenger_1828,male,22.0,3,1,92847,118.62,D,S
1830,0,3,Passenger_1829,female,54.7,0,2,96979A,96.52,,S
1831,1,2,Passenger_1830,female,50.8,1,1,24974A,71.79,,C
1832,0,1,Passenger_1831,female,23.4,2,0,56893A,120.28,C,C
1833,1,2,Passenger_1832,male,23.0,0,2,36314A,39.85,C,S
1834,0,3,Passenger_1833,female,15.8,3,0,14953C,20.86,,Q
1835,1,2,Passenger_1834,male,21.2,2,2,86773A,31.59,,S
1836,1,1,Passenger_1835,male,12.7,0,3,38448,14.9,E,S
1837,1,3,Passenger_1836,female,36.0,2,3,61550C,54.26,C,S
1838,1,3,Passenger_1837,female,9.6,0,0,64895B,60.49,B,C
1839,1,2,Passenger_1838,male,38.5,3,0,68737A,57.03,,S
1840,0,2,Passenger_1839,male,38.8,0,0,70810A,49.56,,S
1841,1,2,Passenger_1840,female,,0,3,90351A,54.66,,S
1842,1,1,Passenger_1841,male,51.7,0,0,30069B,110.77,,C
1843,1,3,Passenger_1842,female,37.2,2,3,24695B,71.7,,S
1844,0,3,Passenger_1843,female,,0,0,30783C,,,C
1845,1,3,Passenger_1844,male,19.4,0,1,11403,,,S
1846,0,2,Passenger_1845,female,38.7,0,1,38327B,6.55,C,S
1847,1,3,Passenger_1846,female,45.8,2,2,18862A,13.49,F,S
1848,1,3,Passenger_1847,female,28.6,3,1,21430B,122.9,,S
1849,0,3,Passenger_1848,female,58.0,3,0,43646C,31.39,D,C
1850,1,3,Passenger_1849,female,30.6,3,1,21543,28.41,,S
1851,0,3,Passenger_1850,male,,0,1,59649,58.6,,S
1852,0,3,Passenger_1851,male,34.1,2,0,35553A,69.26,B,Q
1853,1,2,Passenger_1852,female,,3,1,70388A,73.69,,S
1854,0,3,Passenger_1853,male,6.6,3,0,83114,,C,C
1855,1,3,Passenger_1854,male,,3,1,86204C,102.53,,Q
1856,1,3,Passenger_1855,female,19.7,1,0,22232A,21.62,,S
1857,0,2,Passenger_1856,female,,2,3,44234,83.91,,Q
1858,0,3,Passenger_1857,male,54.4,1,3,50482B,36.56,,S
1859,0,3,Passenger_1858,female,27.0,0,2,43258C,45.19,,S
1860,0,1,Passenger_1859,female,16.0,3,1,69097,11.71,,S
1861,1,1,Passenger_1860,male,25.0,0,2,28302C,,,S
1862,1,3,Passenger_1861,female,11.8,2,0,50934,48.9,C,C
1863,0,3,Passenger_1862,male,50.1,0,3,97945C,16.54,C,S
1864,1,3,Passenger_1863,male,20.3,0,0,90421,82.47,,S
1865,1,2,Passenger_1864,male,37.4,3,2,36076B,40.16,C,S
1866,1,3,Passenger_1865,male,,2,0,56578C,60.8,,S
1867,1,1,Passenger_1866,male,,0,0,60865A,,F,S
1868,0,2,Passenger_1867,female,37.4,1,0,18102C,1.99,B,S
1869,0,1,Passenger_1868,female,15.6,3,0,46612,,D,S
1870,1,1,Passenger_1869,male,64.2,1,3,83866C,,,S
1871,0,2,Passenger_1870,female,43.1,3,0,75777,60.94,,S
1872,0,2,Passenger_1871,male,27.3,0,0,57770A,88.62,C,S
1873,0,1,Passenger_1872,male,19.2,3,3,75670,80.35,,C
1874,1,2,Passenger_1873,female,28.4,0,0,95681C,53.39,,C
1875,1,3,Passenger_1874,male,25.2,1,0,70484C,60.62,,S
1876,1,2,Passenger_1875,male,57.3,0,2,53084,61.59,,S
1877,0,2,Passenger_1876,female,12.8,3,3,41093,1.44,B,S
1878,1,3,Passenger_1877,male,31.9,3,1,44278C,44.53,,S
1879,1,1,Passenger_1878,female,29.7,3,0,55813A,58.7,,C
1880,0,3,Passenger_1879,male,28.4,1,2,82443A,66.05,C,S
1881,1,1,Passenger_1880,male,,2,3,73828,17.65,C,S
1882,1,1,Passenger_1881,male,28.4,1,0,79942,5.59,C,S
1883,0,3,Passenger_1882,male,42.2,0,1,29748A,41.79,,S
1884,0,3,Passenger_1883,male,38.5,0,0,85127C,118.86,C,S
1885,0,3,Passenger_1884,male,35.9,1,2,13411C,21.33,,S
1886,1,3,Passenger_1885,female,-12.5,1,3,48464,91.09,,C
1887,1,3,Passenger_1886,female,34.2,0,2,39698,105.47,,S
1888,1,1,Passenger_1887,male,6.8,0,3,86011A,51.59,,C
1889,0,1,Passenger_1888,male,39.0,0,1,94360A,26.21,,S
1890,0,1,Passenger_1889,male,50.6,2,0,93702C,67.95,C,S
1891,1,1,Passenger_1890,female,17.0,2,2,57133C,56.82,,C
1892,1,3,Passenger_1891,female,26.3,1,1,72421,19.93,C,S
1893,0,3,Passenger_1892,male,21.6,1,1,35180C,26.94,,S
1894,0,1,Passenger_1893,female,47.3,2,0,91624B,65.88,,S
1895,0,3,Passenger_1894,male,31.3,3,2,50674C,82.67,,C
1896,0,3,Passenger_1895,male,54.2,2,0,72782C,38.7,D,C
1897,1,2,Passenger_1896,male,35.8,1,0,44846B,47.58,B,S
1898,0,1,Passenger_1897,male,33.4,2,3,77173A,73.4,,S
1899,1,1,Passenger_1898,male,31.0,3,3,40926B,43.96,,S
1900,1,1,Passenger_1899,male,41.5,1,0,70294A,39.52,B,S
1901,1,1,Passenger_1900,female,5.7,0,3,26966B,23.56,,Q
1902,0,3,Passenger_1901,male,31.2,1,2,67479A,22.96,C,C
1903,0,2,Passenger_1902,male,29.0,2,3,68321,143.41,,S
1904,0,2,Passenger_1903,male,40.2,2,1,45166A,43.13,,C
1905,0,3,Passenger_1904,male,,3,0,13466C,97.78,C,S
1906,1,3,Passenger_1905,male,15.5,2,0,69805,108.94,,S
1907,0,3,Passenger_1906,male,30.1,3,2,69397,43.57,D,S
1908,0,1,Passenger_1907,male,14.8,1,0,12134A,62.9,D,S
1909,1,2,Passenger_1908,male,3.0,2,3,75126,53.59,,S
1910,0,3,Passenger_1909,male,40.2,1,1,51379C,,,S
1911,1,1,Passenger_1910,male,38.1,0,0,95609,4.32,,S
1912,1,1,Passenger_1911,female,36.5,0,3,47723C,51.71,B,S
1913,1,3,Passenger_1912,female,48.2,3,1,99292C,35.13,,C
1914,1,3,Passenger_1913,male,,2,0,99170,116.21,E,S
1915,1,2,Passenger_1914,male,10.0,1,0,17249C,41.72,,C
1916,1,2,Passenger_1915,male,29.0,1,0,13796C,118.28,C,S
1917,1,2,Passenger_1916,male,25.1,2,1,28564A,33.33,,Q
1918,1,1,Passenger_1917,male,18.2,1,0,90848C,116.93,F,S
1919,0,2,Passenger_1918,male,28.9,2,0,88743C,67.72,,S
1920,0,1,Passenger_1919,male,21.4,2,3,76487B,69.72,D,S
1921,0,1,Passenger_1920,female,4.3,0,3,77253C,,,S
1922,0,3,Passenger_1921,male,23.8,2,3,21390,70.19,,S
1923,1,3,Passenger_1922,male,14.1,1,3,96730B,109.24,,C
1924,0,3,Passenger_1923,male,33.2,2,0,93516C,44.93,,S
1925,1,2,Passenger_1924,female,20.8,0,1,82130,,D,S
1926,0,2,Passenger_1925,female,45.6,0,0,54693A,41.36,C,S
1927,0,2,Passenger_1926,male,52.5,3,2,84634C,106.7,,C
1928,0,1,Passenger_1927,female,39.5,1,1,87478A,79.94,B,C
1929,1,1,Passenger_1928,male,8.3,2,2,40702C,100.67,,S
1930,0,3,Passenger_1929,female,51.1,1,0,58176C,60.98,,S
1931,1,3,Passenger_1930,female,52.1,1,1,24428,51.38,D,S
1932,1,3,Passenger_1931,male,30.3,2,1,16283A,64.84,,Q
1933,0,2,Passenger_1932,female,,0,3,11337C,87.46,,S
1934,0,3,Passenger_1933,male,22.3,1,0,69786A,41.35,,S
1935,0,1,Passenger_1934,male,3.9,3,2,30857A,97.9,,Q
1936,1,2,Passenger_1935,male,19.4,1,1,37640,,B,S
1937,0,2,Passenger_1936,female,54.2,0,1,26214A,,,C
1938,1,3,Passenger_1937,male,9.1,3,3,36531B,80.92,E,S
1939,1,3,Passenger_1938,male,30.0,3,1,45812A,5.47,,S
1940,0,2,Passenger_1939,female,30.5,3,3,80554,80.07,B,C
1941,0,3,Passenger_1940,male,22.8,3,1,94153A,81.55,C,S
1942,1,3,Passenger_1941,male,23.8,2,1,62398C,61.55,,S
1943,1,2,Passenger_1942,male,31.0,2,0,41090B,69.03,D,C
1944,1,2,Passenger_1943,male,22.1,2,1,77425A,88.46,,S
1945,0,2,Passenger_1944,male,10.1,3,3,20091,32.65,C,S
1946,1,3,Passenger_1945,male,33.0,0,3,29039B,77.77,C,S
1947,0,1,Passenger_1946,female,45.0,1,3,13718,90.71,C,S
1948,1,3,Passenger_1947,female,,3,2,52016B,111.6,,S
1949,1,2,Passenger_1948,male,18.7,0,1,85234,11.3,,S
1950,0,3,Passenger_1949,male,12.5,1,0,44398A,64.3,,Q
1951,1,2,Passenger_1950,male,26.0,3,0,92911,16.35,D,Q
1952,0,3,Passenger_1951,female,51.9,1,2,16866A,14.86,C,S
1953,0,3,Passenger_1952,male,39.0,2,1,80457B,62.57,,S
1954,1,3,Passenger_1953,male,39.9,2,3,56113C,52.71,B,C
1955,0,3,Passenger_1954,female,42.5,2,2,75143,90.08,,C
1956,0,1,Passenger_1955,male,35.9,0,2,32665C,37.88,,S
1957,1,3,Passenger_1956,male,31.7,2,3,81785B,45.31,,S
1958,0,1,Passenger_1957,female,39.3,0,2,37679,57.4,,Q
1959,0,2,Passenger_1958,female,22.4,2,2,89529C,19.84,,C
1960,0,3,Passenger_1959,male,10.2,2,3,79131,,F,S
1961,1,2,Passenger_1960,female,40.1,2,1,60006B,89.06,E,S
1962,0,3,Passenger_1961,male,47.3,0,0,60721A,30.79,,S
1963,1,3,Passenger_1962,female,14.3,1,0,22101C,91.39,,S
1964,1,1,Passenger_1963,male,41.5,0,3,63255A,71.26,B,S
1965,0,3,Passenger_1964,female,53.5,3,3,46944B,4.16,,Q
1966,0,2,Passenger_1965,female,30.0,3,1,25416C,68.56,,S
1967,0,1,Passenger_1966,female,18.5,0,2,18429,68.29,,Q
1968,1,1,Passenger_1967,female,31.7,0,1,70632C,64.8,B,S
1969,0,3,Passenger_1968,male,22.3,1,2,72489C,,,S
1970,0,3,Passenger_1969,male,21.4,0,2,65153B,17.1,,C
1971,0,3,Passenger_1970,male,36.1,2,1,44500,97.12,,S
1972,0,3,Passenger_1971,female,7.5,1,3,54021C,46.44,,Q
1973,0,2,Passenger_1972,female,9.8,0,3,76722B,19.08,,S
1974,1,2,Passenger_1973,male,30.3,0,1,94145A,66.01,C,C
1975,1,3,Passenger_1974,female,29.7,3,2,31557C,24.0,,C
1976,0,2,Passenger_1975,female,34.8,1,2,65034,16.78,D,S
1977,0,2,Passenger_1976,female,56.3,3,2,20738B,36.86,,S
1978,0,2,Passenger_1977,female,31.5,0,2,60606C,26.71,,S
1979,0,3,Passenger_1978,male,38.4,1,1,66365,18.07,,C
1980,1,3,Passenger_1979,male,16.3,2,0,19250A,78.22,E,S
1981,0,1,Passenger_1980,male,40.8,0,3,35688C,46.02,,S
1982,1,2,Passenger_1981,male,22.6,0,3,10946C,,,S
1983,1,3,Passenger_1982,female,31.0,3,0,83863B,20.09,C,S
1984,0,3,Passenger_1983,female,28.5,2,2,11136,10.46,,S
1985,1,2,Passenger_1984,female,44.5,0,0,76090B,55.21,C,S
1986,1,3,Passenger_1985,female,11.7,3,0,88769A,114.96,D,S
1987,1,1,Passenger_1986,male,-2.0,3,0,40893A,,,S
1988,1,2,Passenger_1987,male,27.0,0,3,46171C,162.54,,S
1989,0,3,Passenger_1988,male,36.6,1,3,76484C,61.62,,S
1990,0,3,Passenger_1989,male,32.1,0,0,51063B,58.24,C,Q
1991,1,2,Passenger_1990,male,47.3,2,0,82743C,,,S
1992,0,3,Passenger_1991,male,36.1,0,0,17419C,,,S
1993,0,3,Passenger_1992,male,22.1,1,2,15956B,,C,S
1994,0,3,Passenger_1993,male,-2.6,3,2,33753C,35.74,,S
1995,0,3,Passenger_1994,female,26.7,2,2,78150B,45.21,,S
1996,0,3,Passenger_1995,male,,2,3,35539,47.62,,S
1997,1,2,Passenger_1996,male,24.5,2,1,19029A,43.7,D,S
1998,0,1,Passenger_1997,male,30.4,2,0,81214B,123.14,,S
1999,0,2,Passenger_1998,female,35.9,1,0,95108B,37.02,,S
2000,0,2,Passenger_1999,male,15.8,1,1,91107C,55.93,,C
2001,0,3,Passenger_2000,male,,1,0,29718C,35.86,C,S
2002,1,3,Passenger_2001,female,52.9,1,2,12198,77.42,,S
2003,1,2,Passenger_2002,male,27.6,3,2,19407A,,B,C
2004,1,1,Passenger_2003,female,14.2,0,1,92674B,40.2,,C
2005,1,2,Passenger_2004,male,29.1,1,2,85947C,17.41,D,S
2006,0,2,Passenger_2005,male,-1.1,0,1,44500C,58.52,,S
2007,1,3,Passenger_2006,male,,2,2,15259A,39.16,,S
2008,0,1,Passenger_2007,female,36.3,3,0,89652B,47.87,,C
2009,0,3,Passenger_2008,male,53.5,3,3,32783B,8.61,,C
2010,0,3,Passenger_2009,male,27.3,0,2,31155B,100.16,F,C
2011,0,1,Passenger_2010,male,,0,1,66159,79.99,,S
2012,0,2,Passenger_2011,male,17.9,0,3,41048B,100.07,,S
2013,1,1,Passenger_2012,male,25.0,3,0,37541B,90.14,B,S
2014,1,3,Passenger_2013,female,8.6,1,3,31642,70.73,F,S
2015,1,3,Passenger_2014,female,27.3,3,1,47825,10.02,F,S
2016,1,2,Passenger_2015,male,25.7,1,0,68879A,114.52,F,C
2017,0,3,Passenger_2016,male,,2,0,65134B,17.53,,C
2018,1,3,Passenger_2017,female,21.3,1,2,61944,40.61,,C
2019,0,1,Passenger_2018,male,31.2,0,3,82922B,74.74,,S
2020,1,1,Passenger_2019,male,25.3,1,2,31480A,76.48,,Q
2021,0,3,Passenger_2020,male,25.4,1,0,79191A,70.03,B,S
2022,0,3,Passenger_2021,female,31.1,3,2,59028B,35.99,C,C
2023,1,3,Passenger_2022,female,30.6,0,2,63445,28.76,,C
2024,0,3,Passenger_2023,female,40.7,2,1,55192A,138.71,C,S
2025,0,3,Passenger_2024,male,28.3,1,2,28246C,48.62,C,S
2026,1,2,Passenger_2025,male,25.1,2,0,60111C,44.34,C,S
2027,0,3,Passenger_2026,female,27.5,0,2,58260C,25.03,E,S
2028,1,3,Passenger_2027,male,20.0,1,0,69557C,58.56,,C
2029,1,3,Passenger_2028,female,25.0,3,0,22188B,56.93,C,S
2030,1,1,Passenger_2029,female,58.4,2,1,21443A,,,S
2031,0,2,Passenger_2030,male,17.2,3,0,29629C,,D,S
2032,0,1,Passenger_2031,female,26.1,2,0,17235C,111.72,,C
2033,0,2,Passenger_2032,male,24.6,0,1,60313B,,,S
2034,1,2,Passenger_2033,female,26.5,1,0,61192,51.51,,C
2035,0,3,Passenger_2034,male,25.4,2,1,21593A,27.33,F,Q
2036,1,3,Passenger_2035,male,33.9,3,3,37885B,60.31,,C
2037,1,2,Passenger_2036,female,6.1,2,3,19291C,30.1,,S
2038,0,3,Passenger_2037,female,44.5,2,3,66470,31.61,D,S
2039,1,1,Passenger_2038,male,38.9,2,0,79668,1.08,D,S
2040,0,1,Passenger_2039,male,12.6,2,2,10844B,53.42,,S
2041,0,1,Passenger_2040,male,,2,1,41869A,65.04,,S
2042,0,3,Passenger_2041,male,16.3,2,3,44411B,115.12,,S
2043,0,2,Passenger_2042,male,26.6,3,1,44031C,66.43,,Q
2044,0,2,Passenger_2043,male,66.1,2,3,32523C,34.26,,S
2045,1,2,Passenger_2044,male,37.6,2,3,14776B,2.41,,S
2046,1,3,Passenger_2045,male,,2,0,28724C,7.25,B,S
2047,1,1,Passenger_2046,male,,1,1,24100,4.65,,S
2048,0,3,Passenger_2047,male,29.3,0,0,61242C,115.73,,S
2049,0,3,Passenger_2048,male,33.6,0,1,89468A,,B,C
2050,0,3,Passenger_2049,female,11.6,0,1,31718C,29.6,F,S
2051,1,3,Passenger_2050,male,28.1,3,2,29640A,16.4,C,C
2052,0,1,Passenger_2051,female,20.0,3,3,29560A,20.04,,C
2053,1,1,Passenger_2052,female,14.5,3,0,57756A,28.67,,S
2054,1,3,Passenger_2053,female,33.6,2,2,39579A,96.07,B,S
2055,0,2,Passenger_2054,female,40.8,0,1,95265B,48.95,B,C
2056,0,3,Passenger_2055,female,41.8,2,3,99661,,,S
2057,1,3,Passenger_2056,male,38.0,1,0,69451A,,,S
2058,0,3,Passenger_2057,male,23.0,0,2,89721,10.09,E,C
2059,1,3,Passenger_2058,female,40.0,1,1,32280,29.32,F,S
2060,0,3,Passenger_2059,male,34.3,1,2,16798A,95.86,C,Q
2061,0,3,Passenger_2060,female,31.9,2,1,45739A,64.53,C,S
2062,1,2,Passenger_2061,male,21.4,0,1,58720B,,,S
2063,0,3,Passenger_2062,female,23.0,1,3,80280,6.9,,S
2064,1,1,Passenger_2063,male,31.0,0,0,24548B,16.17,D,S
2065,0,2,Passenger_2064,male,64.2,1,3,79066B,18.27,,S
2066,1,3,Passenger_2065,male,34.2,1,0,84531,50.25,C,S
2067,1,2,Passenger_2066,female,21.4,2,0,35527A,56.69,,C
2068,0,2,Passenger_2067,female,18.3,0,1,75555C,,B,C
2069,1,1,Passenger_2068,male,23.1,2,2,60933C,48.63,C,S
2070,0,3,Passenger_2069,female,60.5,2,0,70475C,13.22,,S
2071,0,3,Passenger_2070,male,,2,0,33241C,60.26,C,S
2072,0,3,Passenger_2071,male,,2,0,82832B,94.82,B,S
2073,1,2,Passenger_2072,male,24.7,2,0,51516A,44.3,E,S
2074,1,3,Passenger_2073,male,33.7,1,1,29367,43.62,,S
2075,0,3,Passenger_2074,male,41.1,0,3,63751C,52.91,B,S
2076,0,2,Passenger_2075,male,22.0,0,2,23025,89.14,E,Q
2077,1,2,Passenger_2076,female,21.0,2,1,70675C,18.68,,S
2078,0,2,Passenger_2077,female,53.2,0,1,59348C,100.78,B,S
2079,0,3,Passenger_2078,male,,1,1,79524A,64.74,,S
2080,1,3,Passenger_2079,male,41.1,2,0,31663B,,B,S
2081,0,3,Passenger_2080,male,41.0,3,2,28014,,B,S
2082,1,2,Passenger_2081,male,36.4,3,1,46046C,8.63,F,C
2083,0,3,Passenger_2082,male,58.2,1,1,31816,68.27,B,S
2084,1,3,Passenger_2083,male,30.6,1,1,64173C,65.06,,S
2085,0,3,Passenger_2084,female,38.1,3,0,16470B,17.26,C,S
2086,0,3,Passenger_2085,female,9.7,2,0,55534,66.12,,C
2087,1,2,Passenger_2086,male,,1,1,80297,59.92,,S
2088,0,1,Passenger_2087,male,13.2,3,0,70522B,43.74,,C
2089,1,3,Passenger_2088,male,47.8,2,2,31996C,80.2,,C
2090,0,3,Passenger_2089,female,-5.7,1,0,85449C,,F,C
2091,1,3,Passenger_2090,male,24.4,0,1,50564,59.46,,C
2092,1,2,Passenger_2091,male,-11.9,0,2,41748C,,,S
2093,1,3,Passenger_2092,female,,0,0,42331C,28.49,D,Q
2094,1,2,Passenger_2093,male,23.1,2,1,54380,67.6,F,C
2095,0,2,Passenger_2094,male,49.4,1,3,63842A,42.73,B,S
2096,0,3,Passenger_2095,male,35.6,3,3,74618A,,B,S
2097,1,3,Passenger_2096,male,18.3,1,2,17986C,,C,S
2098,1,2,Passenger_2097,male,44.9,0,2,88682B,77.62,,S
2099,1,2,Passenger_2098,male,30.2,0,2,52810,7.28,E,S
2100,0,2,Passenger_2099,male,30.5,2,0,96888A,59.78,,S
2101,0,1,Passenger_2100,male,13.2,3,2,86509B,51.92,C,S
2102,0,3,Passenger_2101,female,16.1,2,0,28501C,37.1,B,C
2103,0,3,Passenger_2102,male,18.4,3,1,28390,118.48,C,S
2104,1,2,Passenger_2103,male,30.7,1,0,51256A,56.29,D,Q
2105,1,3,Passenger_2104,female,31.1,2,0,37712C,76.45,C,S
2106,1,3,Passenger_2105,female,51.6,2,1,65214,,C,S
2107,0,3,Passenger_2106,female,,2,3,31662C,41.9,,Q
2108,0,1,Passenger_2107,male,-7.9,0,0,47648C,,,S
2109,0,3,Passenger_2108,male,33.7,0,0,37515C,101.05,E,S
2110,1,2,Passenger_2109,female,9.7,3,1,57258B,88.08,,S
2111,1,2,Passenger_2110,female,16.5,1,2,70530C,118.32,C,S
2112,0,1,Passenger_2111,male,18.6,2,1,26982,,,C
2113,1,2,Passenger_2112,female,20.7,0,3,67028B,19.31,,S
2114,0,1,Passenger_2113,male,10.7,2,2,47985C,34.58,,S
2115,0,2,Passenger_2114,female,32.8,3,3,87842A,8.43,,S
2116,1,2,Passenger_2115,female,10.2,3,0,82207A,76.85,,S
2117,0,3,Passenger_2116,female,35.0,1,3,45260B,29.49,,S
2118,1,3,Passenger_2117,female,61.3,3,3,26614A,56.94,,S
2119,0,2,Passenger_2118,female,11.4,2,1,20864C,136.23,B,S
2120,1,3,Passenger_2119,male,26.0,1,2,25224C,30.03,,S
2121,1,3,Passenger_2120,male,-5.3,1,0,10043A,29.82,E,C
2122,1,3,Passenger_2121,male,25.8,0,0,34476A,,C,S
2123,0,1,Passenger_2122,male,,2,0,66430C,7.71,,S
2124,0,3,Passenger_2123,female,40.1,3,2,29841B,89.78,,S
2125,1,3,Passenger_2124,male,31.1,0,2,48152C,29.44,C,S
2126,1,3,Passenger_2125,male,42.4,2,3,15615B,3.67,,Q
2127,0,2,Passenger_2126,male,65.6,2,3,97426C,109.7,,S
2128,0,3,Passenger_2127,female,54.0,1,2,62790A,82.31,B,S
2129,0,3,Passenger_2128,male,22.7,1,0,54327A,82.2,E,S
2130,1,3,Passenger_2129,male,9.7,2,2,53302C,62.87,,Q
2131,0,1,Passenger_2130,male,,0,1,39836,70.97,,S
2132,0,2,Passenger_2131,female,,1,2,43384,6.87,,S
2133,1,3,Passenger_2132,male,36.3,1,2,49222,53.91,D,Q
2134,0,3,Passenger_2133,female,13.5,2,0,52816C,17.49,C,S
2135,0,1,Passenger_2134,male,29.0,2,3,64039C,1.39,C,C
2136,0,3,Passenger_2135,male,41.7,1,1,61056B,64.38,B,S
2137,1,2,Passenger_2136,female,28.6,0,1,27196,90.54,,S
2138,1,3,Passenger_2137,male,16.8,1,1,34026C,36.58,,S
2139,1,3,Passenger_2138,male,46.4,2,2,68175A,42.58,,S
2140,1,3,Passenger_2139,male,3.7,1,0,72834C,10.16,D,S
2141,1,3,Passenger_2140,male,25.4,2,2,77743,50.25,C,S
2142,1,2,Passenger_2141,male,29.4,1,3,38008A,76.6,,S
2143,1,3,Passenger_2142,male,,2,0,78904,77.7,,S
2144,0,1,Passenger_2143,male,32.5,2,1,77763,69.08,E,S
2145,0,3,Passenger_2144,male,38.5,0,2,58522A,28.35,,S
2146,1,3,Passenger_2145,female,29.5,2,0,40322A,,,S
2147,0,3,Passenger_2146,female,24.8,1,2,22817C,,,S
2148,0,2,Passenger_2147,male,24.3,2,0,57130C,78.42,,S
2149,1,3,Passenger_2148,male,21.4,3,1,41157A,43.98,,S
2150,0,1,Passenger_2149,male,41.0,1,3,93740A,,C,S
2151,0,1,Passenger_2150,male,20.9,0,3,10188B,90.85,,S
2152,0,3,Passenger_2151,male,41.9,1,2,19414B,37.4,B,C
2153,0,2,Passenger_2152,male,30.3,0,1,16746,76.11,B,S
2154,0,3,Passenger_2153,male,22.7,3,2,86790B,45.21,C,S
2155,1,2,Passenger_2154,male,38.7,0,2,91119A,13.34,B,Q
2156,1,1,Passenger_2155,male,19.8,2,0,44318A,106.43,,S
2157,1,3,Passenger_2156,female,38.9,3,0,37492A,54.2,E,C
2158,0,3,Passenger_2157,male,33.0,3,0,15233,25.12,,S
2159,1,1,Passenger_2158,female,21.7,0,1,21447A,1.32,B,C
2160,0,3,Passenger_2159,female,37.4,1,1,20998B,4.85,B,S
2161,0,3,Passenger_2160,male,,0,2,34871A,36.95,,S
2162,0,3,Passenger_2161,male,46.2,0,0,11429C,,D,S
2163,0,2,Passenger_2162,male,,3,1,20381,29.54,,Q
2164,1,3,Passenger_2163,male,36.9,2,2,98191C,100.66,E,S
2165,1,3,Passenger_2164,male,14.2,1,1,69053A,45.42,,S
2166,0,3,Passenger_2165,female,64.3,0,2,87425C,8.66,E,S
2167,1,1,Passenger_2166,male,10.3,2,3,58477,33.44,,C
2168,0,3,Passenger_2167,male,,2,0,59614,5.17,D,S
2169,1,3,Passenger_2168,female,36.0,1,3,65859B,20.04,,S
2170,1,3,Passenger_2169,female,,2,2,89086C,19.0,,Q
2171,0,2,Passenger_2170,male,28.3,0,2,30187,,D,C
2172,1,3,Passenger_2171,female,28.9,3,0,13938B,102.95,,S
2173,0,3,Passenger_2172,male,48.3,2,0,11471,57.39,,S
2174,1,1,Passenger_2173,male,,3,2,26721,25.98,,S
2175,0,2,Passenger_2174,male,26.3,1,1,74305A,57.76,,S
2176,0,3,Passenger_2175,male,,1,0,77928B,20.76,,S
2177,1,1,Passenger_2176,female,54.3,2,2,43744C,43.49,,S
2178,1,3,Passenger_2177,male,15.0,3,0,46836,153.48,,C
2179,0,3,Passenger_2178,male,34.6,0,0,27255B,56.64,,C
2180,1,3,Passenger_2179,male,,3,3,22744B,29.38,,C
2181,1,2,Passenger_2180,male,28.6,2,3,90621,17.69,,C
2182,0,2,Passenger_2181,male,41.3,3,1,30845A,2.3,,S
2183,0,3,Passenger_2182,male,53.4,3,0,45389B,107.91,B,Q
2184,1,2,Passenger_2183,female,33.5,1,2,53117C,102.57,,S
2185,0,3,Passenger_2184,male,39.2,2,2,36932,76.36,,S
2186,0,2,Passenger_2185,male,34.6,3,0,86536,10.97,,S
2187,0,1,Passenger_2186,male,44.2,2,0,32949B,102.85,B,S
2188,1,1,Passenger_2187,male,23.5,0,1,66108C,65.74,D,C
2189,1,3,Passenger_2188,male,45.1,2,1,28695,72.92,,S
2190,0,3,Passenger_2189,female,,0,1,90704A,65.62,,Q
2191,1,2,Passenger_2190,female,45.2,2,2,96248A,2.74,B,S
2192,0,2,Passenger_2191,male,,2,3,95036B,8.06,B,S
2193,1,2,Passenger_2192,male,27.6,3,1,13747A,32.14,,S
2194,0,3,Passenger_2193,female,,3,2,98744B,72.53,,S
2195,0,2,Passenger_2194,male,10.8,0,1,14430,1.68,,S
2196,1,3,Passenger_2195,male,52.3,0,2,38927B,,,S
2197,0,3,Passenger_2196,male,29.8,1,0,70411C,43.82,D,C
2198,1,3,Passenger_2197,female,34.0,3,2,18963B,77.75,,Q
2199,1,1,Passenger_2198,male,21.9,0,0,93031,73.61,,S
2200,0,3,Passenger_2199,female,11.4,3,2,88134C,14.64,,S
2201,0,2,Passenger_2200,female,21.5,2,3,86457B,100.63,,S
2202,1,1,Passenger_2201,male,33.1,1,2,95505B,9.29,B,Q
2203,0,3,Passenger_2202,female,39.4,3,0,57232A,88.23,,S
2204,0,3,Passenger_2203,female,32.3,3,3,45141B,30.74,,C
2205,0,2,Passenger_2204,male,34.9,3,2,24352C,55.74,,S
2206,0,2,Passenger_2205,male,25.3,3,2,25344B,57.91,,C
2207,0,3,Passenger_2206,male,36.9,0,1,64250B,56.92,D,C
2208,1,1,Passenger_2207,male,50.8,0,3,29202B,73.61,,S
2209,1,3,Passenger_2208,male,39.9,1,0,52232B,63.7,,S
2210,0,3,Passenger_2209,male,41.3,2,3,16992C,77.43,,C
2211,0,2,Passenger_2210,male,,2,0,36354B,,,S
2212,0,2,Passenger_2211,female,9.0,1,1,14590C,5.74,C,C
2213,1,2,Passenger_2212,male,15.4,2,1,23718,59.44,,S
2214,0,3,Passenger_2213,male,,0,0,23105B,30.26,F,S
2215,1,3,Passenger_2214,male,29.8,3,0,15081C,11.18,,S
2216,1,2,Passenger_2215,male,36.2,2,0,69967A,39.86,,S
2217,1,3,Passenger_2216,male,53.5,3,1,80081,56.41,,C
2218,0,3,Passenger_2217,male,40.2,3,3,25353,58.74,,C
2219,1,2,Passenger_2218,male,47.6,0,1,36376A,86.96,C,S
2220,0,3,Passenger_2219,female,31.3,3,2,94636C,95.76,B,S
2221,1,2,Passenger_2220,female,18.7,2,1,11809B,61.77,,S
2222,0,1,Passenger_2221,male,29.2,0,2,15830B,68.1,D,C
2223,1,2,Passenger_2222,female,18.7,1,2,58637,53.34,D,S
2224,0,2,Passenger_2223,female,51.8,0,1,77666A,76.85,,S
2225,1,2,Passenger_2224,male,41.1,2,1,86420A,67.04,,C
2226,0,1,Passenger_2225,female,37.3,0,1,65665A,48.09,C,S
2227,0,3,Passenger_2226,female,47.3,2,3,99668,125.32,,S
2228,0,3,Passenger_2227,male,1.7,2,1,57733,30.88,C,S
2229,0,3,Passenger_2228,male,38.2,0,0,40478B,,,S
2230,1,1,Passenger_2229,male,11.7,2,1,47970,2.6,,S
2231,1,1,Passenger_2230,male,29.9,1,2,21882A,78.48,,C
2232,0,1,Passenger_2231,female,25.6,2,3,87300B,100.28,,S
2233,1,3,Passenger_2232,male,39.3,1,3,79979,16.75,C,S
2234,0,3,Passenger_2233,female,33.2,1,2,51290B,,D,S
2235,0,2,Passenger_2234,female,48.8,2,3,85672,75.04,,Q
2236,1,1,Passenger_2235,female,21.6,3,3,30342A,58.82,D,S
2237,0,3,Passenger_2236,female,,1,0,85412A,63.24,,S
2238,0,2,Passenger_2237,male,32.3,1,0,68314C,54.77,,S
2239,1,2,Passenger_2238,male,7.1,0,3,34330A,11.7,D,S
2240,0,3,Passenger_2239,female,17.1,1,1,52344A,132.88,D,C
2241,0,3,Passenger_2240,male,27.9,1,3,38606B,32.38,,S
2242,0,1,Passenger_2241,male,45.6,1,0,64473C,65.2,D,S
2243,0,1,Passenger_2242,female,36.5,1,3,90615C,27.36,,Q
2244,1,3,Passenger_2243,female,13.7,3,1,38687A,29.66,B,C
2245,1,2,Passenger_2244,male,28.0,1,1,88391A,17.64,,S
2246,1,1,Passenger_2245,female,58.2,2,0,25473A,0.67,,S
2247,0,1,Passenger_2246,female,,3,3,74579B,88.2,B,S
2248,0,1,Passenger_2247,male,25.4,1,0,98093C,,,S
2249,1,2,Passenger_2248,male,36.9,2,2,24219,32.01,C,C
2250,0,3,Passenger_2249,female,40.7,2,0,54006C,12.75,,S
2251,0,2,Passenger_2250,male,23.6,3,0,68798B,53.29,B,S
2252,0,2,Passenger_2251,male,37.0,3,0,44470,24.92,C,S
2253,0,3,Passenger_2252,male,25.4,2,3,49984A,84.73,,S
2254,1,3,Passenger_2253,female,40.1,3,2,81860B,,,C
2255,1,3,Passenger_2254,male,32.4,3,3,83849,29.99,C,S
2256,1,3,Passenger_2255,male,36.7,0,1,34603C,79.76,,C
2257,0,1,Passenger_2256,male,19.4,3,2,28508,50.28,,C
2258,1,3,Passenger_2257,female,,0,0,14974B,50.75,,S
2259,1,2,Passenger_2258,male,43.2,3,0,39730,1.19,,C
2260,0,3,Passenger_2259,male,28.9,3,0,91009B,47.51,F,S
2261,0,2,Passenger_2260,female,34.0,2,3,98115,61.25,C,Q
2262,1,3,Passenger_2261,male,25.7,0,1,28869,96.67,C,S
2263,1,3,Passenger_2262,female,42.6,3,2,51060C,23.68,D,C
2264,1,2,Passenger_2263,female,21.5,1,2,85882C,129.73,C,S
2265,1,3,Passenger_2264,female,28.1,3,3,29432C,69.49,,C
2266,0,3,Passenger_2265,male,41.0,2,1,23174,3.18,C,S
2267,1,3,Passenger_2266,female,46.4,2,2,39697C,20.42,E,S
2268,1,1,Passenger_2267,female,22.7,2,3,15611,99.73,B,S
2269,0,3,Passenger_2268,female,57.4,0,1,32393,93.51,D,S
2270,1,2,Passenger_2269,male,34.4,0,1,15263C,50.63,,C
2271,0,1,Passenger_2270,female,15.4,0,2,31954,55.25,D,Q
2272,0,2,Passenger_2271,male,35.2,1,2,21996B,9.24,D,C
2273,0,2,Passenger_2272,male,24.6,0,1,84643,96.25,,S
2274,1,3,Passenger_2273,male,36.1,2,2,31024B,15.43,,S
2275,1,2,Passenger_2274,female,29.4,0,3,51607,79.57,,C
2276,0,3,Passenger_2275,male,31.0,0,1,87806,97.32,,S
2277,1,1,Passenger_2276,male,17.2,3,2,97092,51.69,,S
2278,1,2,Passenger_2277,female,43.9,0,2,99461A,83.87,C,C
2279,0,2,Passenger_2278,male,13.8,3,3,10723,114.67,C,S
2280,0,2,Passenger_2279,female,,0,2,68323,59.38,,S
2281,1,1,Passenger_2280,male,35.1,3,2,23405C,43.86,D,S
2282,0,1,Passenger_2281,male,52.4,2,2,11365C,47.66,C,S
2283,1,3,Passenger_2282,female,,0,0,67893A,24.0,B,Q
2284,1,2,Passenger_2283,female,39.8,2,3,56427C,23.2,C,S
2285,1,2,Passenger_2284,male,45.0,0,3,79389C,65.48,,S
2286,1,2,Passenger_2285,female,,1,0,81496,44.26,B,S
2287,0,3,Passenger_2286,male,25.6,1,3,34073B,61.46,C,S
2288,0,3,Passenger_2287,male,,2,2,29882A,2.15,,S
2289,0,2,Passenger_2288,male,-0.9,2,2,69556B,46.76,,Q
2290,0,2,Passenger_2289,male,,1,2,55054,86.05,,S
2291,1,1,Passenger_2290,male,46.5,1,3,34787B,10.84,E,S
2292,1,3,Passenger_2291,male,14.3,3,3,72181,50.58,F,Q
2293,0,1,Passenger_2292,male,39.8,0,1,46959C,14.91,,S
2294,1,2,Passenger_2293,male,16.7,1,0,99076B,4.31,B,C
2295,1,2,Passenger_2294,male,31.5,2,3,98437C,78.27,D,S
2296,1,2,Passenger_2295,male,39.9,2,1,47903C,39.18,,S
2297,0,1,Passenger_2296,female,20.8,1,0,49519B,,B,C
2298,0,3,Passenger_2297,female,32.4,2,0,21672C,65.14,B,C
2299,0,1,Passenger_2298,male,24.2,0,2,28103B,68.57,B,S
2300,1,3,Passenger_2299,female,,3,2,95934C,12.32,C,S
2301,0,1,Passenger_2300,female,33.3,0,1,23265C,36.52,B,C
2302,0,1,Passenger_2301,male,30.8,3,1,49040A,24.36,C,S
2303,0,3,Passenger_2302,male,51.8,3,2,27993,,B,S
2304,0,1,Passenger_2303,female,39.3,1,2,82250,73.24,D,C
2305,0,3,Passenger_2304,male,20.3,2,0,47877,80.26,C,S
2306,0,3,Passenger_2305,female,28.8,3,0,94368B,63.96,,Q
2307,1,1,Passenger_2306,female,28.9,1,3,91424A,,,Q
2308,1,3,Passenger_2307,female,31.1,2,2,26020C,61.58,E,S
2309,0,2,Passenger_2308,female,,2,0,44821,16.94,,C
2310,0,3,Passenger_2309,male,35.2,3,1,56000,96.31,,S
2311,1,1,Passenger_2310,male,1.5,2,0,26025,4.56,,S
2312,1,3,Passenger_2311,female,22.4,0,2,25431A,10.78,B,S
2313,0,1,Passenger_2312,male,2.9,2,0,53179C,54.04,,C
2314,0,3,Passenger_2313,female,25.4,0,2,40992B,57.15,,C
2315,0,3,Passenger_2314,female,2.2,2,0,75191C,47.45,B,C
2316,0,3,Passenger_2315,female,17.8,3,3,66401C,,,S
2317,1,3,Passenger_2316,male,8.7,3,3,82108,89.67,,S
2318,0,3,Passenger_2317,male,,1,1,45662B,,D,C
2319,0,3,Passenger_2318,male,30.0,0,1,92168C,1.91,,S
2320,0,1,Passenger_2319,male,34.2,0,2,88210B,46.26,C,Q
2321,0,2,Passenger_2320,female,28.5,3,2,61042A,5.75,B,Q
2322,1,2,Passenger_2321,female,10.5,3,2,88186,92.79,,C
2323,1,2,Passenger_2322,female,37.2,3,0,44883B,8.76,,S
2324,1,2,Passenger_2323,male,56.9,0,0,62215,104.5,,C
2325,0,3,Passenger_2324,male,,1,0,77342A,86.23,,S
2326,0,1,Passenger_2325,female,24.0,0,1,74806,93.23,,C
2327,1,3,Passenger_2326,male,10.0,3,2,61846,116.05,B,S
2328,0,1,Passenger_2327,male,17.3,1,0,58991,52.84,C,S
2329,0,2,Passenger_2328,female,36.3,2,1,57136B,14.55,,C
2330,1,3,Passenger_2329,female,45.0,2,3,42548,46.39,F,S
2331,1,3,Passenger_2330,male,33.7,3,2,14650C,30.17,,S
2332,1,3,Passenger_2331,female,41.2,1,3,54835B,25.18,C,Q
2333,1,3,Passenger_2332,male,39.9,3,1,55360A,,F,S
2334,0,1,Passenger_2333,female,37.1,0,2,63343B,39.09,D,S
2335,0,3,Passenger_2334,male,20.8,0,0,74008B,23.67,C,S
2336,1,1,Passenger_2335,male,32.4,1,1,61932B,41.41,,S
2337,0,2,Passenger_2336,female,18.1,3,3,30881B,69.21,,S
2338,1,2,Passenger_2337,male,30.2,3,3,79730C,83.47,D,S
2339,1,1,Passenger_2338,female,34.6,2,3,71324B,6.1,,C
2340,0,2,Passenger_2339,female,,1,1,23475,39.39,E,S
2341,1,3,Passenger_2340,female,11.7,3,1,70584A,45.05,C,S
2342,0,3,Passenger_2341,female,36.7,0,2,63787B,8.61,,S
2343,0,2,Passenger_2342,male,50.7,3,2,65890A,45.81,,C
2344,0,1,Passenger_2343,female,40.6,3,3,73884,55.18,,S
2345,0,1,Passenger_2344,male,41.7,0,1,75768,68.16,,S
2346,1,2,Passenger_2345,male,38.2,0,2,70851B,52.7,B,S
2347,0,3,Passenger_2346,female,48.2,3,1,54566B,,F,S
2348,1,1,Passenger_2347,male,,0,0,12711,120.42,C,S
2349,1,3,Passenger_2348,male,10.6,2,1,20480A,79.02,D,S
2350,1,1,Passenger_2349,male,29.9,2,3,22191B,69.35,,S
2351,1,3,Passenger_2350,female,-0.3,2,1,77658C,85.17,,Q
2352,0,2,Passenger_2351,female,47.2,0,3,13779C,58.56,C,S
2353,0,3,Passenger_2352,male,47.1,0,2,86705A,95.02,,C
2354,1,2,Passenger_2353,male,23.9,0,2,17317A,51.99,,Q
2355,1,3,Passenger_2354,female,24.8,1,2,10159B,,,C
2356,0,1,Passenger_2355,male,29.0,0,0,67115B,72.23,,S
2357,1,1,Passenger_2356,male,30.7,2,3,29462B,105.17,,S
2358,0,3,Passenger_2357,male,31.8,2,0,12917B,102.92,,S
2359,1,3,Passenger_2358,male,37.8,2,0,36125B,,B,S
2360,0,3,Passenger_2359,male,27.6,1,2,81862B,68.08,,S
2361,1,3,Passenger_2360,female,43.2,3,3,57277B,74.36,D,Q
2362,1,3,Passenger_2361,male,36.2,2,1,70715A,84.5,,S
2363,0,1,Passenger_2362,female,21.5,1,1,40792C,95.46,E,C
2364,1,2,Passenger_2363,female,48.7,3,3,89569A,41.72,,S
2365,1,2,Passenger_2364,female,11.0,1,1,45158,96.13,,S
2366,0,3,Passenger_2365,male,,1,2,13917,62.0,,C
2367,1,2,Passenger_2366,male,43.5,3,2,89742A,72.78,,S
2368,0,1,Passenger_2367,male,19.9,0,0,87358C,98.37,E,C
2369,0,3,Passenger_2368,female,34.3,0,2,83890,76.15,,C
2370,1,3,Passenger_2369,male,37.6,2,1,99490C,82.06,B,S
2371,1,2,Passenger_2370,male,18.0,3,0,36046C,36.37,,S
2372,1,1,Passenger_2371,male,29.0,2,3,21271C,102.44,,C
2373,1,1,Passenger_2372,male,,1,3,53798C,74.35,,S
2374,1,2,Passenger_2373,male,22.3,0,0,35257B,54.41,E,S
2375,1,2,Passenger_2374,male,62.2,2,2,63130A,88.54,C,S
2376,1,3,Passenger_2375,male,19.3,2,0,84396B,140.57,,Q
2377,0,3,Passenger_2376,male,44.1,0,0,34189C,9.09,D,C
2378,1,3,Passenger_2377,male,24.5,1,2,10968A,21.87,,C
2379,0,2,Passenger_2378,female,,2,3,34229A,143.99,,S
2380,1,3,Passenger_2379,male,31.4,2,0,39717,64.93,C,S
2381,1,2,Passenger_2380,male,39.1,3,3,97303C,56.68,,S
2382,0,2,Passenger_2381,male,42.9,3,1,73238,45.96,,C
2383,1,3,Passenger_2382,male,51.9,0,2,66784,92.3,,Q
2384,1,1,Passenger_2383,female,71.2,0,1,97175,141.39,,S
2385,0,1,Passenger_2384,male,33.5,1,3,79836,26.72,B,S
2386,1,3,Passenger_2385,female,20.7,1,1,58429B,,B,S
2387,1,2,Passenger_2386,female,36.3,2,1,86607C,37.72,,S
2388,1,3,Passenger_2387,female,26.3,3,1,51750A,75.65,C,S
2389,0,1,Passenger_2388,male,43.0,1,0,88288B,,,Q
2390,1,3,Passenger_2389,male,11.8,2,0,27879C,106.73,,Q
2391,1,2,Passenger_2390,female,63.2,2,2,71833C,76.84,,Q
2392,1,1,Passenger_2391,male,42.0,0,3,24316A,138.18,,S
2393,1,3,Passenger_2392,female,6.4,3,3,86435,29.88,,S
2394,0,2,Passenger_2393,female,20.1,2,2,34525C,20.79,E,S
2395,0,2,Passenger_2394,female,41.4,0,3,58669B,101.43,,S
2396,1,1,Passenger_2395,male,46.5,2,3,31690B,54.3,B,S
2397,1,1,Passenger_2396,female,12.2,3,1,68514B,1.84,,S
2398,0,2,Passenger_2397,female,40.0,2,1,70962,38.94,,C
2399,0,1,Passenger_2398,female,,2,3,87383A,58.95,,C
2400,1,3,Passenger_2399,male,,1,2,91976A,27.38,B,S
2401,0,1,Passenger_2400,male,45.6,1,2,83008B,14.49,E,S
2402,1,2,Passenger_2401,male,22.3,0,3,73188A,42.73,,S
2403,0,1,Passenger_2402,male,8.9,2,2,71800A,12.74,,C
2404,0,2,Passenger_2403,male,32.0,0,2,98297A,72.23,C,Q
2405,0,3,Passenger_2404,female,21.5,3,1,92142,,B,S
2406,0,1,Passenger_2405,male,38.8,0,2,47985B,53.16,,S
2407,1,3,Passenger_2406,female,17.6,2,0,52717,68.18,C,C
2408,0,2,Passenger_2407,male,19.2,1,1,12536B,46.83,,S
2409,0,3,Passenger_2408,male,1.7,1,0,19176B,88.26,,S
2410,1,3,Passenger_2409,male,32.4,0,3,80423C,,D,S
2411,0,3,Passenger_2410,male,27.7,1,2,90383A,25.46,,S
2412,0,3,Passenger_2411,female,13.4,2,0,80013C,38.45,,S
2413,1,3,Passenger_2412,male,32.7,2,2,27755A,74.95,B,Q
2414,0,1,Passenger_2413,female,44.4,3,0,69843B,57.65,B,S
2415,1,1,Passenger_2414,male,27.0,1,1,91631A,,,C
2416,1,3,Passenger_2415,female,33.8,1,3,30693A,21.8,E,Q
2417,1,2,Passenger_2416,male,,3,0,22726C,1.18,,C
2418,1,2,Passenger_2417,male,13.1,0,1,93508B,,,S
2419,0,3,Passenger_2418,male,58.8,3,3,55684C,0.08,,S
2420,1,2,Passenger_2419,male,23.4,1,0,54874B,73.91,B,S
2421,0,3,Passenger_2420,male,39.2,0,0,88218C,15.75,D,S
2422,0,3,Passenger_2421,female,40.8,2,1,58008C,22.43,,S
2423,0,3,Passenger_2422,female,28.0,2,3,90119A,36.88,,Q
2424,0,3,Passenger_2423,female,38.5,3,3,21104A,81.48,D,S
2425,0,1,Passenger_2424,male,,2,1,27628B,7.24,E,S
2426,0,2,Passenger_2425,male,,1,2,23268C,,,S
2427,0,2,Passenger_2426,male,,3,1,74734A,76.7,,C
2428,0,2,Passenger_2427,female,21.4,1,3,80050C,,C,S
2429,0,3,Passenger_2428,female,23.5,1,1,34834A,42.03,E,Q
2430,0,3,Passenger_2429,female,,0,2,94278A,,,C
2431,1,2,Passenger_2430,female,45.8,0,1,70737C,72.77,,S
2432,1,2,Passenger_2431,male,52.4,0,1,48383A,40.85,,C
2433,1,3,Passenger_2432,male,43.7,2,0,24840A,64.54,C,S
2434,0,2,Passenger_2433,male,47.8,0,2,34771B,26.02,D,S
2435,1,2,Passenger_2434,male,25.2,1,3,29480,88.98,,Q
2436,1,2,Passenger_2435,male,21.1,3,2,26945B,88.96,,S
2437,1,3,Passenger_2436,male,19.1,3,3,25232C,54.23,C,S
2438,0,3,Passenger_2437,female,39.0,1,3,86851,58.07,C,C
2439,0,3,Passenger_2438,female,33.2,2,0,34615,15.04,,S
2440,0,3,Passenger_2439,female,,3,2,33255B,2.68,,S
2441,0,2,Passenger_2440,female,48.1,1,0,66173,36.82,B,S
2442,1,2,Passenger_2441,male,35.7,1,1,67028,46.94,,S
2443,1,3,Passenger_2442,male,18.3,1,2,20068B,87.19,,C
2444,1,2,Passenger_2443,female,,3,1,52089,82.28,,S
2445,1,3,Passenger_2444,male,39.5,3,2,55832C,56.47,E,S
2446,0,3,Passenger_2445,male,44.6,0,3,30893B,,,S
2447,0,3,Passenger_2446,male,37.7,0,1,88033B,16.98,B,C
2448,0,3,Passenger_2447,male,56.6,1,2,24251C,,E,C
2449,1,3,Passenger_2448,male,52.9,1,2,53145A,,,C
2450,0,3,Passenger_2449,male,36.2,1,1,95480,93.39,,C
2451,0,2,Passenger_2450,male,18.3,1,0,61837A,49.53,,S
2452,1,1,Passenger_2451,female,11.7,3,2,31205A,19.94,B,Q
2453,1,2,Passenger_2452,male,24.6,0,0,66959A,75.56,C,C
2454,0,3,Passenger_2453,male,40.5,2,0,77785,78.33,,S
2455,0,2,Passenger_2454,male,55.6,1,0,63354B,34.02,,S
2456,0,3,Passenger_2455,male,35.8,0,0,88150B,37.01,D,S
2457,0,2,Passenger_2456,female,46.4,1,0,84371A,,,Q
2458,0,3,Passenger_2457,female,26.6,3,3,74082A,17.38,,S
2459,0,1,Passenger_2458,female,38.7,2,0,24803,32.77,,S
2460,1,3,Passenger_2459,male,41.5,0,3,25653B,95.56,E,S
2461,1,3,Passenger_2460,male,2.3,0,2,30674,21.16,,S
2462,1,2,Passenger_2461,male,,2,3,96062B,,,S
2463,0,2,Passenger_2462,male,43.3,3,3,49920C,97.96,,Q
2464,1,3,Passenger_2463,male,33.8,2,0,28968B,104.85,B,C
2465,0,2,Passenger_2464,male,13.2,0,2,64850A,27.24,,S
2466,0,2,Passenger_2465,male,-4.0,2,2,70661,6.29,,C
2467,1,3,Passenger_2466,female,24.9,3,2,69610A,11.96,,S
2468,0,3,Passenger_2467,male,29.0,3,1,22093B,34.37,,S
2469,0,3,Passenger_2468,female,17.6,1,3,96091B,33.06,E,S
2470,1,2,Passenger_2469,male,32.0,2,0,88110A,33.36,,S
2471,1,2,Passenger_2470,male,37.1,2,1,35436B,42.94,,S
2472,1,3,Passenger_2471,female,39.4,0,0,52690B,4.7,C,C
2473,0,3,Passenger_2472,female,-3.0,3,1,80440B,13.58,,Q
2474,1,3,Passenger_2473,male,11.6,2,2,38094,42.28,B,S
2475,1,2,Passenger_2474,male,25.7,0,1,14509C,62.47,,S
2476,0,2,Passenger_2475,male,38.0,1,2,48677B,18.82,,S
2477,1,1,Passenger_2476,male,36.8,2,1,45935C,60.23,F,C
2478,1,2,Passenger_2477,female,36.6,2,0,77050,54.79,,C
2479,1,1,Passenger_2478,female,24.6,0,0,50492,51.64,,C
2480,0,1,Passenger_2479,female,25.4,0,1,92942,27.18,,Q
2481,0,3,Passenger_2480,male,,3,3,61910A,,C,S
2482,0,2,Passenger_2481,female,40.8,3,3,19304B,109.38,,C
2483,0,3,Passenger_2482,male,17.1,3,1,14808C,72.06,,S
2484,1,3,Passenger_2483,female,41.9,2,3,84369B,85.2,B,S
2485,0,3,Passenger_2484,female,32.9,0,0,85965,47.07,D,S
2486,0,1,Passenger_2485,male,29.4,3,3,87214B,44.26,E,S
2487,1,3,Passenger_2486,male,20.8,2,1,11014A,67.17,,S
2488,1,3,Passenger_2487,male,11.0,3,3,77557A,14.21,F,S
2489,1,3,Passenger_2488,male,20.9,1,1,68884A,,F,S
2490,0,3,Passenger_2489,female,25.4,2,0,84398B,22.08,E,Q
2491,0,3,Passenger_2490,male,-3.2,3,2,78120C,34.09,B,S
2492,0,3,Passenger_2491,male,27.2,3,0,72681B,19.21,,S
2493,1,2,Passenger_2492,male,42.9,1,0,17370A,61.65,D,S
2494,1,3,Passenger_2493,female,37.9,1,1,23672A,52.85,,S
2495,0,1,Passenger_2494,male,23.1,3,0,62934B,98.75,C,S
2496,1,3,Passenger_2495,female,30.7,3,0,83905,136.58,E,S
2497,1,1,Passenger_2496,female,22.2,0,3,36935B,5.8,,S
2498,1,2,Passenger_2497,female,32.1,3,1,95401C,55.16,,S
2499,0,3,Passenger_2498,male,51.6,3,3,21551A,55.09,D,S
2500,1,3,Passenger_2499,male,43.6,0,1,58652A,49.5,B,S
2501,1,2,Passenger_2500,male,37.3,0,3,64488B,12.03,D,Q
2502,0,2,Passenger_2501,male,23.1,3,3,58597C,17.9,D,S
2503,0,3,Passenger_2502,male,40.5,0,2,17897B,58.41,,S
2504,1,2,Passenger_2503,female,6.4,2,0,57604B,,F,S
2505,1,3,Passenger_2504,male,,1,3,49819A,55.57,,S
2506,0,1,Passenger_2505,female,38.2,2,2,97363C,41.39,,S
2507,0,3,Passenger_2506,male,40.4,1,3,40398A,54.96,B,C
2508,1,3,Passenger_2507,female,39.4,1,3,35688A,16.63,,C
2509,1,1,Passenger_2508,female,34.1,3,2,91539B,55.51,,S
2510,1,2,Passenger_2509,female,27.3,1,2,50433B,19.17,,S
2511,1,1,Passenger_2510,female,37.5,2,2,60966,,,S
2512,0,3,Passenger_2511,female,16.7,3,0,46499A,96.88,,C
2513,1,3,Passenger_2512,female,18.2,0,0,90819B,59.13,,S
2514,1,3,Passenger_2513,male,30.9,2,3,18273,61.27,,C
2515,0,1,Passenger_2514,male,32.4,3,0,54666C,78.6,,Q
2516,1,2,Passenger_2515,male,4.4,1,2,86904B,0.88,,C
2517,0,1,Passenger_2516,male,36.4,2,1,18273B,110.16,D,S
2518,1,2,Passenger_2517,male,,1,0,56400C,13.05,,C
2519,1,3,Passenger_2518,male,28.9,3,2,49708A,80.79,C,Q
2520,0,3,Passenger_2519,male,63.2,3,2,61560C,76.14,F,S
2521,0,3,Passenger_2520,male,20.4,0,2,38575B,18.42,,C
2522,1,2,Passenger_2521,male,24.9,0,2,59775,85.31,,S
2523,1,3,Passenger_2522,female,24.5,2,3,53436A,67.42,,S
2524,1,3,Passenger_2523,male,28.9,0,2,42938C,116.15,,S
2525,0,3,Passenger_2524,female,25.4,1,2,18769,56.77,B,S
2526,1,3,Passenger_2525,male,10.3,1,3,83728C,46.2,,S
2527,0,2,Passenger_2526,female,22.3,0,0,27285,31.98,,S
2528,0,1,Passenger_2527,female,28.6,0,1,57361B,11.02,,S
2529,1,3,Passenger_2528,female,47.2,0,3,41347,38.86,B,S
2530,0,1,Passenger_2529,female,60.8,2,3,18986C,40.34,,S
2531,1,2,Passenger_2530,male,48.7,2,0,52779C,59.17,,S
2532,1,3,Passenger_2531,female,19.1,1,0,67714C,0.19,D,S
2533,1,3,Passenger_2532,female,,2,2,66112A,41.63,,S
2534,1,3,Passenger_2533,female,27.8,2,0,69032A,70.17,C,C
2535,1,1,Passenger_2534,female,55.0,3,1,29705C,73.64,,S
2536,0,2,Passenger_2535,male,27.7,1,3,34104A,15.09,,S
2537,0,3,Passenger_2536,female,11.4,1,1,86456B,74.72,,C
2538,1,3,Passenger_2537,male,,0,2,68852B,41.37,,S
2539,1,3,Passenger_2538,male,40.6,3,1,89959C,43.52,B,Q
2540,0,3,Passenger_2539,male,39.7,0,2,55536C,32.76,,C
2541,0,3,Passenger_2540,female,27.2,2,1,35099C,102.27,D,S
2542,0,3,Passenger_2541,male,39.6,1,3,43006A,56.19,F,C
2543,0,1,Passenger_2542,male,-1.8,2,1,34810C,3.6,D,S
2544,1,3,Passenger_2543,male,31.5,2,0,17388A,63.13,,C
2545,1,3,Passenger_2544,female,42.0,3,1,69247B,62.06,,S
2546,0,3,Passenger_2545,female,18.3,3,3,85962B,92.79,,S
2547,1,2,Passenger_2546,male,18.3,1,2,50850,39.16,F,S
2548,0,3,Passenger_2547,male,3.9,1,1,89458,50.42,D,S
2549,1,2,Passenger_2548,female,52.3,3,1,68612A,27.5,F,C
2550,0,3,Passenger_2549,female,19.9,3,0,35394,70.93,,S
2551,1,1,Passenger_2550,female,33.4,3,2,63269,22.58,D,S
2552,0,3,Passenger_2551,male,38.5,3,2,77975,18.75,E,S
2553,0,1,Passenger_2552,female,51.2,1,2,20019C,47.63,,S
2554,1,1,Passenger_2553,male,,1,3,63976A,7.09,B,S
2555,0,2,Passenger_2554,male,22.4,2,3,58003,106.07,B,S
2556,1,3,Passenger_2555,male,32.4,2,0,83927C,117.45,C,S
2557,1,2,Passenger_2556,male,48.0,2,1,83905C,34.12,D,S
2558,0,2,Passenger_2557,female,27.6,1,3,84658A,1.47,C,C
2559,1,3,Passenger_2558,male,16.6,0,2,44804B,61.78,,S
2560,1,2,Passenger_2559,male,8.4,2,1,61243C,33.13,B,Q
2561,1,3,Passenger_2560,male,12.9,0,1,57812A,91.11,D,S
2562,1,3,Passenger_2561,male,42.1,0,1,55048B,22.45,B,C
2563,1,3,Passenger_2562,male,,0,0,52875C,69.06,,S
2564,0,2,Passenger_2563,male,21.5,3,3,34591,53.99,,S
2565,1,3,Passenger_2564,male,20.0,1,3,23891C,26.33,,Q
2566,1,1,Passenger_2565,female,31.2,1,1,17721B,,,S
2567,1,2,Passenger_2566,female,26.6,2,0,36152B,80.75,,S
2568,1,2,Passenger_2567,female,26.2,2,0,82659B,53.04,C,S
2569,1,3,Passenger_2568,male,,1,3,81348A,53.4,C,S
2570,0,1,Passenger_2569,female,51.5,3,3,30840A,19.45,C,C
2571,1,3,Passenger_2570,female,7.5,1,0,28242,90.05,C,S
2572,0,3,Passenger_2571,female,34.6,0,2,11971,,B,S
2573,0,2,Passenger_2572,female,19.1,1,0,10983B,35.63,,S
2574,0,1,Passenger_2573,male,26.5,3,2,21502B,45.65,C,S
2575,0,3,Passenger_2574,female,34.3,1,3,20354,99.5,,C
2576,1,3,Passenger_2575,male,27.0,1,0,77663,10.33,,S
2577,0,3,Passenger_2576,male,33.2,1,0,33860A,71.15,,C
2578,0,2,Passenger_2577,male,,0,0,82188,30.45,C,S
2579,1,2,Passenger_2578,male,34.1,2,0,52769,112.23,,S
2580,1,2,Passenger_2579,female,20.9,3,1,62084C,52.22,,C
2581,1,1,Passenger_2580,male,21.2,0,1,57867C,94.11,,S
2582,0,1,Passenger_2581,male,9.8,1,3,88417A,23.35,,S
2583,1,3,Passenger_2582,female,18.0,1,3,27331,6.3,,S
2584,1,2,Passenger_2583,male,57.5,2,0,18572A,41.8,C,S
2585,0,1,Passenger_2584,male,18.9,2,1,43077C,,C,Q
2586,1,3,Passenger_2585,female,13.3,2,3,81325C,32.12,C,C
2587,1,3,Passenger_2586,female,34.5,0,2,56221A,76.54,,C
2588,1,1,Passenger_2587,male,28.5,3,1,95367B,42.65,,C
2589,1,3,Passenger_2588,female,27.3,2,1,20264B,22.85,C,S
2590,0,1,Passenger_2589,male,49.7,1,1,87164C,69.35,,S
2591,1,1,Passenger_2590,male,37.7,3,0,90379A,19.11,C,C
2592,1,1,Passenger_2591,male,22.6,1,2,31123,37.34,,S
2593,0,3,Passenger_2592,male,,1,0,90361C,104.36,,S
2594,1,1,Passenger_2593,female,23.0,3,3,38498C,112.05,C,S
2595,0,1,Passenger_2594,female,42.2,0,2,50348A,29.86,C,C
2596,1,2,Passenger_2595,male,25.7,3,0,59489C,70.22,,S
2597,0,3,Passenger_2596,male,4.9,2,1,22135C,30.67,,S
2598,0,2,Passenger_2597,female,29.3,3,2,82916B,,,S
2599,0,2,Passenger_2598,male,8.5,2,1,46788A,28.8,D,Q
2600,0,1,Passenger_2599,male,60.6,2,3,72015C,,D,S
2601,1,2,Passenger_2600,female,16.5,3,2,15643C,53.33,D,S
2602,0,3,Passenger_2601,female,27.7,3,3,26729C,60.09,,S
2603,1,3,Passenger_2602,female,33.6,2,3,71039A,26.51,D,C
2604,0,2,Passenger_2603,male,26.0,1,3,82146C,88.07,C,S
2605,0,2,Passenger_2604,female,25.9,3,2,96309A,34.74,,S
2606,0,1,Passenger_2605,male,35.9,0,3,67867C,27.7,F,C
2607,1,2,Passenger_2606,male,51.4,2,0,17816B,68.43,C,S
2608,0,1,Passenger_2607,male,40.7,1,0,21932C,3.99,,S
2609,1,3,Passenger_2608,male,50.7,3,3,93030B,81.73,,S
2610,1,3,Passenger_2609,male,15.3,3,1,16487A,35.92,F,S
2611,1,3,Passenger_2610,male,34.4,1,3,15988A,84.63,,Q
2612,1,3,Passenger_2611,male,32.2,0,3,48403A,,,C
2613,1,3,Passenger_2612,female,34.9,2,1,17093A,72.41,,Q
2614,1,3,Passenger_2613,male,49.3,3,2,93483,21.58,,C
2615,1,2,Passenger_2614,male,26.9,0,2,39196,6.22,,C
2616,1,3,Passenger_2615,male,24.3,2,3,52167A,0.19,,S
2617,1,2,Passenger_2616,male,37.5,0,0,44607,88.6,,S
2618,0,2,Passenger_2617,female,5.1,2,0,54312B,45.28,,S
2619,0,3,Passenger_2618,male,26.7,2,0,19575C,29.03,B,S
2620,0,2,Passenger_2619,female,28.1,0,3,20664B,45.38,D,C
2621,0,2,Passenger_2620,male,,2,0,90650A,87.82,,S
2622,0,3,Passenger_2621,male,44.8,3,0,86695,77.26,E,S
2623,1,1,Passenger_2622,female,15.1,3,2,38032B,65.35,E,S
2624,1,2,Passenger_2623,female,28.1,0,3,75991,72.33,,S
2625,1,3,Passenger_2624,male,34.1,0,2,68447C,56.31,C,C
2626,1,3,Passenger_2625,female,48.9,2,1,54572A,60.57,,S
2627,1,3,Passenger_2626,male,29.9,2,2,80274C,,,S
2628,1,2,Passenger_2627,female,,0,3,26775B,50.0,D,S
2629,1,2,Passenger_2628,female,39.8,1,0,91254A,76.37,D,C
2630,0,3,Passenger_2629,female,31.7,0,3,58263A,62.64,B,S
2631,0,3,Passenger_2630,female,14.7,1,2,97639B,19.17,D,C
2632,0,3,Passenger_2631,male,,1,3,37033A,68.51,D,S
2633,0,1,Passenger_2632,female,,0,3,41742C,58.65,E,Q
2634,1,1,Passenger_2633,male,22.4,0,2,80044C,71.4,,S
2635,1,3,Passenger_2634,male,42.9,0,2,66806A,46.35,F,S
2636,1,2,Passenger_2635,male,40.4,1,1,81752B,78.41,,S
2637,0,3,Passenger_2636,male,27.4,3,1,75796B,47.85,,S
2638,1,1,Passenger_2637,female,13.8,3,2,19527C,75.34,B,S
2639,1,3,Passenger_2638,male,37.2,0,3,15944C,34.02,B,C
2640,1,3,Passenger_2639,male,,0,2,98795A,36.45,C,S
2641,0,3,Passenger_2640,male,19.4,2,0,43102B,,,S
2642,1,1,Passenger_2641,male,16.3,2,1,35379A,38.39,,S
2643,0,3,Passenger_2642,female,28.1,2,0,29191C,127.2,C,C
2644,0,3,Passenger_2643,male,46.4,0,3,23259C,,,C
2645,0,2,Passenger_2644,female,29.9,3,0,35516,50.87,,S
2646,0,3,Passenger_2645,female,23.8,3,2,84630A,78.7,,S
2647,1,3,Passenger_2646,female,8.6,0,2,33872A,33.18,F,Q
2648,0,3,Passenger_2647,male,37.7,0,2,42791A,82.31,B,Q
2649,0,3,Passenger_2648,female,19.1,1,0,45516C,81.33,B,S
2650,1,1,Passenger_2649,male,31.6,1,0,18095B,93.87,,C
2651,1,2,Passenger_2650,female,25.0,3,0,87632,34.57,,S
2652,0,2,Passenger_2651,male,41.7,2,2,86216,7.2,,S
2653,1,3,Passenger_2652,male,27.8,3,2,65124C,28.64,C,S
2654,0,3,Passenger_2653,male,29.2,1,2,36333B,40.14,,S
2655,0,3,Passenger_2654,female,36.8,3,0,69222C,108.35,,C
2656,0,2,Passenger_2655,male,59.5,1,0,28916C,126.83,C,S
2657,0,1,Passenger_2656,male,42.4,1,3,48105B,62.06,C,S
2658,1,3,Passenger_2657,male,28.8,2,1,58194C,50.33,,S
2659,0,2,Passenger_2658,female,30.0,2,2,65617B,37.75,,S
2660,1,2,Passenger_2659,female,22.7,1,0,31045B,78.86,B,S
2661,1,3,Passenger_2660,male,16.7,0,1,27061C,126.6,C,S
2662,1,1,Passenger_2661,female,22.3,2,0,45742A,112.5,,S
2663,1,2,Passenger_2662,male,19.2,1,0,91439A,89.83,,S
2664,0,2,Passenger_2663,male,39.1,0,2,49212A,89.32,C,S
2665,1,1,Passenger_2664,female,15.0,0,1,77414B,79.13,,C
2666,0,3,Passenger_2665,male,48.7,3,0,85338C,48.34,,S
2667,1,2,Passenger_2666,male,40.5,3,1,99139,,D,S
2668,1,1,Passenger_2667,male,30.3,2,1,25037A,49.27,,S
2669,0,2,Passenger_2668,male,,0,2,21690,64.78,,S
2670,0,3,Passenger_2669,male,22.2,2,1,13314B,0.88,,S
2671,0,2,Passenger_2670,male,33.8,1,3,44146A,44.65,F,C
2672,1,3,Passenger_2671,male,45.2,2,3,86805C,21.09,,S
2673,1,1,Passenger_2672,male,20.2,0,2,15340A,85.48,B,S
2674,0,1,Passenger_2673,male,8.5,3,2,72550,30.76,D,S
2675,0,2,Passenger_2674,male,39.8,2,3,10392,61.49,,S
2676,0,3,Passenger_2675,male,34.5,3,2,60421B,25.5,,S
2677,0,3,Passenger_2676,female,14.3,2,1,23997C,105.92,,S
2678,1,1,Passenger_2677,male,19.7,1,0,40278B,,C,S
2679,0,3,Passenger_2678,female,18.0,0,2,41530A,66.65,C,S
2680,0,3,Passenger_2679,female,19.9,2,3,14794C,5.3,,S
2681,0,2,Passenger_2680,female,25.5,1,0,92085B,32.17,D,Q
2682,0,3,Passenger_2681,male,26.3,1,1,81899,57.22,,S
2683,1,1,Passenger_2682,male,20.9,1,0,18079C,,,Q
2684,0,3,Passenger_2683,male,,3,3,87568A,58.02,,S
2685,1,3,Passenger_2684,female,26.8,3,0,77041A,55.31,,S
2686,0,3,Passenger_2685,male,32.3,1,3,88776C,27.54,B,C
2687,0,3,Passenger_2686,female,25.6,1,2,50177A,44.26,D,S
2688,1,2,Passenger_2687,female,46.2,2,2,42977B,51.11,,C
2689,0,3,Passenger_2688,male,37.1,2,3,63673,56.84,,S
2690,1,2,Passenger_2689,male,7.7,0,2,77655B,47.7,,S
2691,1,2,Passenger_2690,female,37.3,2,1,10177C,75.54,,S
2692,0,3,Passenger_2691,male,38.5,0,0,20226C,,,S
2693,1,3,Passenger_2692,male,23.9,0,3,22231C,57.05,C,S
2694,1,3,Passenger_2693,female,9.1,0,3,89552C,36.61,B,C
2695,1,2,Passenger_2694,male,30.1,3,3,62147C,13.16,,S
2696,1,3,Passenger_2695,female,29.9,2,1,83311,55.39,,S
2697,1,3,Passenger_2696,female,14.3,1,1,24133,92.26,C,S
2698,1,1,Passenger_2697,female,,0,1,72877A,65.54,D,Q
2699,1,2,Passenger_2698,male,28.8,1,3,32427,,,C
2700,1,2,Passenger_2699,male,26.7,0,1,67832B,78.52,D,Q
2701,0,2,Passenger_2700,male,,2,2,20546A,,B,S
2702,0,3,Passenger_2701,male,28.8,0,0,20748A,75.01,,S
2703,1,3,Passenger_2702,male,14.6,2,2,77089B,37.09,,S
2704,0,3,Passenger_2703,male,23.9,1,2,35241B,62.37,F,S
2705,1,3,Passenger_2704,male,37.5,2,1,12469,31.85,,S
2706,1,2,Passenger_2705,male,25.1,1,3,11474C,32.74,B,S
2707,0,3,Passenger_2706,female,6.6,2,2,41109B,4.82,,S
2708,1,2,Passenger_2707,male,23.4,0,0,43105,67.92,,C
2709,1,3,Passenger_2708,male,15.0,0,1,67612A,62.96,D,S
2710,1,1,Passenger_2709,female,,2,2,81500A,64.93,,S
2711,1,3,Passenger_2710,female,34.5,1,1,82008B,59.64,,S
2712,0,2,Passenger_2711,male,6.8,1,0,98581A,23.32,C,S
2713,1,2,Passenger_2712,male,40.6,1,1,82100A,83.81,,S
2714,1,3,Passenger_2713,male,14.4,2,3,53316B,84.75,C,S
2715,1,2,Passenger_2714,female,51.8,2,2,90717,22.41,C,C
2716,0,3,Passenger_2715,female,29.3,2,2,76748A,68.62,D,S
2717,1,2,Passenger_2716,female,12.6,2,3,74077,80.62,C,S
2718,0,3,Passenger_2717,male,14.0,1,0,37634A,33.55,,S
2719,0,2,Passenger_2718,male,34.9,1,0,59596B,39.64,,S
2720,1,1,Passenger_2719,male,24.5,3,1,63533C,68.69,F,S
2721,1,2,Passenger_2720,female,28.6,2,2,46444C,2.86,E,S
2722,0,2,Passenger_2721,female,52.6,3,0,82621C,11.9,,Q
2723,1,1,Passenger_2722,female,20.2,2,3,28211B,15.36,B,Q
2724,0,2,Passenger_2723,male,30.8,3,3,95139,12.87,B,C
2725,0,2,Passenger_2724,male,49.9,1,3,98691A,,C,C
2726,1,1,Passenger_2725,male,33.8,1,0,80047A,19.58,E,Q
2727,1,3,Passenger_2726,female,7.5,3,3,98690B,62.01,,C
2728,0,3,Passenger_2727,female,37.1,0,2,65480C,,,S
2729,0,1,Passenger_2728,male,13.7,2,0,43453C,39.72,,S
2730,0,3,Passenger_2729,male,49.7,3,0,43452B,26.61,,C
2731,0,3,Passenger_2730,male,18.5,3,2,18532,58.15,D,S
2732,1,2,Passenger_2731,male,71.6,0,3,73246B,50.06,,S
2733,1,3,Passenger_2732,female,50.5,1,0,11496C,85.12,,S
2734,1,2,Passenger_2733,male,18.8,3,2,86682,42.0,,S
2735,1,3,Passenger_2734,female,30.3,1,2,15450,17.85,C,S
2736,1,1,Passenger_2735,male,40.6,2,1,93652,69.66,,S
2737,0,3,Passenger_2736,female,41.0,0,3,56791B,51.77,,Q
2738,1,3,Passenger_2737,male,36.2,1,3,65679B,76.32,,Q
2739,1,1,Passenger_2738,female,47.5,3,2,53439,59.17,,S
2740,1,2,Passenger_2739,male,,0,0,93339B,45.28,B,S
2741,1,3,Passenger_2740,male,24.9,0,1,80246,39.42,B,S
2742,1,2,Passenger_2741,male,25.1,0,1,38395A,,F,S
2743,0,3,Passenger_2742,male,42.0,0,0,44209C,103.72,D,C
2744,0,3,Passenger_2743,male,35.1,0,1,76920A,67.34,,S
2745,0,3,Passenger_2744,male,34.1,2,0,14396,52.75,E,C
2746,1,3,Passenger_2745,female,41.1,2,1,66574,68.83,E,S
2747,0,3,Passenger_2746,male,1.3,0,0,26652B,78.94,,Q
2748,0,3,Passenger_2747,female,34.3,3,2,19716A,,C,S
2749,1,2,Passenger_2748,female,33.1,3,2,18669,23.7,,S
2750,1,2,Passenger_2749,male,53.4,2,1,59390A,112.46,,C
2751,1,2,Passenger_2750,female,8.6,1,1,89792B,58.62,,S
2752,0,3,Passenger_2751,male,51.8,0,2,33386B,120.49,,Q
2753,0,3,Passenger_2752,male,31.1,3,3,34152,56.55,,Q
2754,1,1,Passenger_2753,male,36.8,2,0,88315C,41.4,,S
2755,1,3,Passenger_2754,female,53.5,2,3,39000B,98.44,,Q
2756,0,2,Passenger_2755,male,37.9,1,1,47861C,60.54,,S
2757,0,1,Passenger_2756,male,35.6,1,2,22729C,54.67,E,S
2758,1,3,Passenger_2757,male,33.4,3,1,36407C,7.99,C,C
2759,1,2,Passenger_2758,female,23.2,1,3,98094C,73.11,,S
2760,0,3,Passenger_2759,male,29.6,1,2,52711C,32.73,,C
2761,1,2,Passenger_2760,female,20.0,0,2,97365C,34.33,F,Q
2762,0,3,Passenger_2761,female,,2,2,88191B,32.83,D,Q
2763,0,3,Passenger_2762,female,-2.7,2,0,65850A,65.37,,C
2764,0,1,Passenger_2763,female,36.0,1,1,83895A,3.74,,S
2765,0,3,Passenger_2764,female,28.3,2,3,79078B,42.62,C,S
2766,1,3,Passenger_2765,male,25.3,2,0,25529C,84.31,,S
2767,1,2,Passenger_2766,male,33.1,3,3,50281B,,,S
2768,0,2,Passenger_2767,male,9.9,2,0,86626A,56.05,,S
2769,0,3,Passenger_2768,male,57.0,1,2,68235A,27.9,,C
2770,0,2,Passenger_2769,male,28.6,3,0,76760A,35.87,,S
2771,0,1,Passenger_2770,male,28.0,2,1,66680B,107.93,C,S
2772,0,1,Passenger_2771,male,16.5,2,1,84292,,,C
2773,1,2,Passenger_2772,female,30.3,3,3,34877A,76.8,C,S
2774,1,3,Passenger_2773,male,49.4,3,2,88117A,33.27,,S
2775,1,2,Passenger_2774,female,44.5,2,2,12412,31.53,D,S
2776,1,2,Passenger_2775,male,42.0,0,3,89341C,11.1,,C
2777,0,1,Passenger_2776,female,37.6,0,1,69484A,76.39,,C
2778,0,2,Passenger_2777,female,25.0,2,1,63675B,43.3,,C
2779,0,3,Passenger_2778,male,9.7,2,3,95733A,38.88,B,S
2780,0,2,Passenger_2779,male,27.2,3,2,85984B,,C,S
2781,0,3,Passenger_2780,male,26.7,3,3,75263B,44.04,E,S
2782,1,2,Passenger_2781,male,44.7,2,3,72524B,20.02,C,S
2783,0,1,Passenger_2782,female,34.3,2,0,26395B,32.82,,S
2784,1,3,Passenger_2783,female,52.6,2,3,72088C,81.34,,Q
2785,1,2,Passenger_2784,male,46.8,2,1,95065C,2.73,,S
2786,1,3,Passenger_2785,male,23.6,0,3,17303,11.85,C,S
2787,1,3,Passenger_2786,male,4.9,3,2,80186B,,,S
2788,0,1,Passenger_2787,male,49.4,1,2,23747C,24.6,,S
2789,1,1,Passenger_2788,female,49.0,2,1,98717,49.02,B,S
2790,1,3,Passenger_2789,male,10.9,2,2,89718A,11.74,,C
2791,1,2,Passenger_2790,male,51.1,2,3,88812,36.43,B,S
2792,0,1,Passenger_2791,male,35.3,1,1,21963A,,B,S
2793,0,1,Passenger_2792,male,32.2,3,2,90385C,72.71,B,S
2794,0,1,Passenger_2793,female,52.6,3,3,79023,93.57,C,S
2795,1,3,Passenger_2794,male,48.8,2,2,20038B,40.85,,S
2796,1,1,Passenger_2795,female,39.1,2,0,77926C,116.08,B,Q
2797,0,2,Passenger_2796,female,36.6,3,2,13438,43.56,,S
2798,1,3,Passenger_2797,male,38.6,1,1,46135,79.01,E,S
2799,0,2,Passenger_2798,male,24.4,2,3,23172B,117.6,,S
2800,0,1,Passenger_2799,female,29.2,1,3,61303,54.88,,S
2801,1,3,Passenger_2800,female,17.4,1,1,92493A,1.93,,S
2802,1,1,Passenger_2801,female,25.3,3,0,76310B,,C,S
2803,1,3,Passenger_2802,male,24.9,2,3,75478C,28.59,,S
2804,1,3,Passenger_2803,female,,0,1,96258B,40.39,F,Q
2805,0,2,Passenger_2804,male,31.9,3,2,99941C,119.47,D,C
2806,0,3,Passenger_2805,female,25.5,3,0,37256A,7.2,,S
2807,0,2,Passenger_2806,female,37.0,0,1,44207C,60.52,,Q
2808,0,2,Passenger_2807,male,7.3,2,2,84441A,19.28,,S
2809,0,3,Passenger_2808,female,28.4,1,3,35151,39.23,,Q
2810,1,3,Passenger_2809,male,31.8,1,3,64236C,,B,S
2811,0,2,Passenger_2810,female,25.7,1,0,86709B,61.14,D,S
2812,0,3,Passenger_2811,male,27.6,2,2,88666C,42.12,,S
2813,0,3,Passenger_2812,female,7.8,3,1,36952B,27.26,,S
2814,1,3,Passenger_2813,male,35.0,3,3,20937C,61.06,C,C
2815,1,3,Passenger_2814,female,39.1,3,1,49496C,109.77,,S
2816,1,2,Passenger_2815,male,36.9,3,1,33794B,18.45,,S
2817,1,2,Passenger_2816,male,44.5,3,1,68720B,116.91,,S
2818,0,3,Passenger_2817,male,32.8,0,0,29391,91.98,B,Q
2819,0,1,Passenger_2818,female,36.7,1,1,82406C,97.93,E,S
2820,1,3,Passenger_2819,male,32.2,1,0,31993,60.8,,Q
2821,1,2,Passenger_2820,male,39.6,2,0,39720C,,,S
2822,0,2,Passenger_2821,male,7.9,0,2,19906A,14.69,,S
2823,0,2,Passenger_2822,female,17.5,3,3,93117C,26.62,,S
2824,1,3,Passenger_2823,male,52.2,3,1,61489B,76.8,C,S
2825,1,1,Passenger_2824,male,,3,2,91741C,60.35,,C
2826,1,3,Passenger_2825,male,28.0,0,2,86944A,44.81,D,S
2827,1,1,Passenger_2826,male,46.4,2,2,13193C,37.59,,S
2828,0,1,Passenger_2827,male,28.7,0,2,70481A,34.76,B,S
2829,0,2,Passenger_2828,male,24.3,2,2,29357,8.91,,S
2830,0,3,Passenger_2829,female,31.8,1,1,29549C,67.27,B,S
2831,1,2,Passenger_2830,female,25.1,2,2,67593B,43.31,D,S
2832,1,2,Passenger_2831,male,30.4,1,3,92186,28.01,B,S
2833,0,1,Passenger_2832,male,20.4,2,0,30694A,142.5,C,S
2834,0,2,Passenger_2833,female,45.5,1,0,26863C,86.34,F,C
2835,0,3,Passenger_2834,male,49.9,1,3,55056A,86.96,,S
2836,0,3,Passenger_2835,female,28.1,3,1,31320,127.08,C,S
2837,1,2,Passenger_2836,male,10.6,2,0,35419A,78.08,C,S
2838,0,3,Passenger_2837,male,22.7,3,3,45983B,23.02,,S
2839,0,3,Passenger_2838,male,27.4,1,3,13911B,18.92,,S
2840,0,1,Passenger_2839,female,37.1,3,2,10649A,83.77,,Q
2841,0,3,Passenger_2840,male,15.9,0,0,36469A,22.08,B,S
2842,0,3,Passenger_2841,male,19.2,3,2,91039C,47.28,,S
2843,0,1,Passenger_2842,male,37.1,2,1,97498B,25.99,F,Q
2844,0,1,Passenger_2843,female,43.1,3,0,50884C,53.46,,Q
2845,1,3,Passenger_2844,female,21.3,0,0,27677C,79.89,C,S
2846,1,3,Passenger_2845,male,11.3,3,3,95178B,59.78,B,S
2847,1,1,Passenger_2846,male,76.0,1,0,72635,82.83,,Q
2848,1,2,Passenger_2847,female,41.0,1,1,89315C,118.77,B,S
2849,0,2,Passenger_2848,male,26.3,1,1,22164A,44.98,C,S
2850,1,3,Passenger_2849,male,42.2,2,0,77082C,148.27,,Q
2851,1,3,Passenger_2850,male,28.3,3,3,88709A,57.44,,S
2852,0,3,Passenger_2851,female,42.1,1,1,66792C,83.22,,S
2853,0,2,Passenger_2852,male,32.2,3,2,24627C,28.61,,C
2854,1,3,Passenger_2853,female,,0,1,46091,106.68,,C
2855,1,3,Passenger_2854,male,28.4,0,0,83902A,86.46,F,S
2856,0,2,Passenger_2855,male,9.7,2,2,49873,101.5,,Q
2857,1,1,Passenger_2856,female,57.1,3,0,19229A,51.91,,S
2858,0,3,Passenger_2857,male,16.8,0,0,91840,6.06,,S
2859,0,3,Passenger_2858,male,11.0,2,0,77626A,66.11,B,S
2860,0,2,Passenger_2859,female,27.0,2,3,58229A,,,S
2861,0,3,Passenger_2860,female,16.5,1,3,20944A,38.23,C,S
2862,1,2,Passenger_2861,female,29.3,0,1,42916B,56.69,,Q
2863,0,3,Passenger_2862,female,39.6,3,0,80634,133.2,D,S
2864,0,3,Passenger_2863,female,43.9,0,2,11133B,61.15,,S
2865,1,3,Passenger_2864,male,41.4,0,2,66707C,,D,S
2866,0,3,Passenger_2865,male,25.7,3,2,65162A,47.79,,S
2867,1,3,Passenger_2866,female,30.7,3,3,62837C,3.03,C,S
2868,1,2,Passenger_2867,male,35.7,1,3,11109,53.0,E,S
2869,1,3,Passenger_2868,female,5.4,2,0,34802,53.6,,S
2870,0,1,Passenger_2869,female,38.0,3,2,53899A,16.1,B,S
2871,1,2,Passenger_2870,male,9.6,3,2,78642A,8.46,C,S
2872,1,2,Passenger_2871,female,58.6,0,3,85194A,33.15,,Q
2873,0,2,Passenger_2872,male,24.3,3,3,83997C,52.27,,S
2874,1,3,Passenger_2873,male,27.4,3,2,98469,33.99,C,S
2875,1,2,Passenger_2874,female,19.2,0,2,18495B,,,C
2876,1,3,Passenger_2875,male,21.2,0,1,58112B,60.12,,S
2877,1,3,Passenger_2876,male,61.8,0,3,31532C,68.86,,S
2878,1,2,Passenger_2877,male,43.2,1,0,58543A,54.25,E,C
2879,0,3,Passenger_2878,female,8.3,2,0,50702A,30.3,,S
2880,1,2,Passenger_2879,female,51.1,3,2,34717B,70.82,B,S
2881,1,2,Passenger_2880,female,46.7,0,3,92867,43.33,,S
2882,0,3,Passenger_2881,female,26.1,0,0,53252B,8.38,,S
2883,0,2,Passenger_2882,male,34.3,2,3,31399C,86.27,,S
2884,0,1,Passenger_2883,female,29.8,1,2,12496B,62.37,,C
2885,1,3,Passenger_2884,female,57.6,3,2,95482C,45.82,F,S
2886,0,3,Passenger_2885,male,18.9,1,2,31434C,4.99,,S
2887,1,2,Passenger_2886,male,32.0,1,3,43310,23.93,,S
2888,1,3,Passenger_2887,female,,1,0,23390C,120.65,D,S
2889,0,3,Passenger_2888,female,9.9,0,1,58577,2.79,B,C
2890,0,3,Passenger_2889,female,60.7,2,0,61933,41.2,,S
2891,1,1,Passenger_2890,female,13.5,2,3,25479,,,S
2892,0,3,Passenger_2891,male,33.1,2,0,94532A,61.22,C,C
2893,1,3,Passenger_2892,female,5.6,1,1,60351B,2.4,,S
2894,0,3,Passenger_2893,male,24.4,3,0,26173A,56.1,,C
2895,0,3,Passenger_2894,male,35.9,1,1,49800C,9.01,B,C
2896,0,2,Passenger_2895,female,18.5,2,3,37424,53.41,C,C
2897,1,1,Passenger_2896,male,38.2,0,2,80224C,27.17,B,S
2898,0,2,Passenger_2897,female,26.2,1,1,13681B,19.69,,S
2899,1,2,Passenger_2898,male,46.2,0,3,29879A,79.22,,C
2900,1,3,Passenger_2899,male,49.1,2,2,16078C,41.75,D,S
2901,1,2,Passenger_2900,male,21.8,1,1,55461B,66.58,,Q
2902,1,3,Passenger_2901,male,31.1,0,2,62314B,67.74,E,S
2903,0,3,Passenger_2902,male,32.6,1,0,11416A,94.45,,C
2904,1,2,Passenger_2903,male,,2,3,35425B,7.71,D,S
2905,1,2,Passenger_2904,female,30.2,3,3,18507,82.17,,S
2906,0,3,Passenger_2905,male,32.7,2,3,23573,50.58,B,S
2907,1,3,Passenger_2906,male,26.6,3,3,38698C,36.77,C,C
2908,0,2,Passenger_2907,male,31.6,3,1,71494C,9.78,C,S
2909,1,2,Passenger_2908,female,48.2,2,0,48719A,71.23,B,S
2910,0,3,Passenger_2909,male,39.0,0,2,85529C,17.72,,S
2911,1,3,Passenger_2910,female,39.8,1,3,29006A,68.12,,S
2912,0,2,Passenger_2911,female,40.1,1,3,31949A,117.47,,S
2913,1,3,Passenger_2912,male,27.8,1,1,27909,84.3,B,C
2914,1,1,Passenger_2913,male,34.5,3,1,44184,98.7,E,S
2915,0,1,Passenger_2914,female,14.8,3,1,71215C,24.83,E,S
2916,0,2,Passenger_2915,female,47.8,2,0,37641A,76.7,D,S
2917,0,2,Passenger_2916,female,-9.0,0,2,16826A,,C,C
2918,0,2,Passenger_2917,male,28.8,2,0,49563A,,,Q
2919,1,2,Passenger_2918,male,46.0,2,3,16369A,110.94,C,S
2920,1,2,Passenger_2919,male,10.9,0,1,15826,28.73,,S
2921,0,1,Passenger_2920,male,35.6,3,3,12192B,88.9,,S
2922,1,2,Passenger_2921,male,20.5,2,2,29920C,,D,Q
2923,0,3,Passenger_2922,female,24.8,2,2,33683A,87.62,,C
2924,0,2,Passenger_2923,male,43.2,3,0,99791B,5.65,B,S
2925,1,2,Passenger_2924,female,32.8,1,0,19409B,68.38,B,S
2926,1,3,Passenger_2925,female,1.5,0,1,24795A,44.52,D,S
2927,1,3,Passenger_2926,male,16.3,0,1,69572,88.1,,S
2928,1,2,Passenger_2927,female,43.7,1,3,93899A,7.93,B,S
2929,1,3,Passenger_2928,male,36.3,0,1,54036A,62.87,,S
2930,1,3,Passenger_2929,female,,1,1,63387,57.92,B,C
2931,1,3,Passenger_2930,male,53.6,2,3,88085B,19.65,,S
2932,0,1,Passenger_2931,male,25.2,0,2,79650,19.01,,S
2933,0,3,Passenger_2932,female,65.0,0,1,78120A,14.06,,S
2934,0,1,Passenger_2933,male,30.3,2,1,95579C,24.58,,C
2935,0,3,Passenger_2934,female,16.5,3,3,23319,69.22,,S
2936,0,3,Passenger_2935,male,21.1,3,3,96391C,56.84,B,S
2937,1,2,Passenger_2936,male,-1.6,2,3,56169A,55.93,C,S
2938,0,3,Passenger_2937,male,52.5,0,3,99543,13.61,,S
2939,0,1,Passenger_2938,male,,0,3,39407A,89.22,C,S
2940,0,3,Passenger_2939,male,15.8,0,1,90386A,49.34,B,S
2941,0,2,Passenger_2940,female,26.8,1,0,89630B,51.18,D,S
2942,0,2,Passenger_2941,female,31.3,3,0,22988C,82.91,,C
2943,0,1,Passenger_2942,female,16.6,0,0,76234B,,,S
2944,0,3,Passenger_2943,female,5.4,3,1,97739,58.0,B,S
2945,1,1,Passenger_2944,male,27.1,3,2,19876B,64.82,,S
2946,1,1,Passenger_2945,female,25.5,0,1,88438C,30.91,,S
2947,0,2,Passenger_2946,male,24.6,2,0,65160,72.83,D,S
2948,1,3,Passenger_2947,female,33.1,2,0,97056C,66.7,B,C
2949,1,3,Passenger_2948,male,50.0,3,3,43727,46.46,,S
2950,1,1,Passenger_2949,female,25.8,1,3,72745B,45.37,,C
2951,1,2,Passenger_2950,female,32.4,3,3,96140A,68.32,C,C
2952,0,2,Passenger_2951,female,40.2,3,1,96690C,77.6,,S
2953,1,2,Passenger_2952,female,37.8,2,2,89834B,52.2,F,S
2954,1,2,Passenger_2953,female,21.4,0,2,61866,89.21,,S
2955,1,3,Passenger_2954,female,31.3,0,3,80544B,73.05,B,S
2956,0,2,Passenger_2955,male,,1,2,34553C,12.6,B,C
2957,0,2,Passenger_2956,male,14.2,2,0,14868B,0.83,,S
2958,0,2,Passenger_2957,male,47.7,2,0,13960B,91.38,F,C
2959,0,3,Passenger_2958,male,50.0,3,3,19944B,41.36,D,C
2960,0,3,Passenger_2959,male,19.9,2,3,64248,55.75,,Q
2961,0,3,Passenger_2960,male,32.7,3,3,28121B,89.88,,Q
2962,0,2,Passenger_2961,male,39.0,1,2,94599B,49.78,,S
2963,1,1,Passenger_2962,female,,2,1,41559A,51.3,,C
2964,1,2,Passenger_2963,female,36.7,2,3,88617A,19.59,,S
2965,1,2,Passenger_2964,male,32.3,3,2,43126B,62.95,,S
2966,0,3,Passenger_2965,male,9.4,2,3,43844A,70.53,C,S
2967,0,3,Passenger_2966,male,36.4,0,1,17236,29.77,B,S
2968,0,3,Passenger_2967,male,14.6,1,3,64967A,17.73,C,S
2969,0,3,Passenger_2968,female,43.1,0,0,61454A,141.92,F,S
2970,0,2,Passenger_2969,male,20.6,3,3,52564,46.75,D,S
2971,1,3,Passenger_2970,male,27.7,3,0,30432A,26.07,,S
2972,1,2,Passenger_2971,female,49.2,3,0,24433A,74.73,,Q
2973,0,1,Passenger_2972,female,36.9,1,2,46245A,48.22,,S
2974,0,3,Passenger_2973,male,14.9,2,2,92922C,12.0,,S
2975,0,1,Passenger_2974,female,15.8,0,0,34902C,66.91,,C
2976,0,2,Passenger_2975,male,21.6,2,0,24702B,20.14,B,S
2977,1,2,Passenger_2976,male,,3,3,74211B,105.18,,S
2978,0,3,Passenger_2977,male,35.0,2,3,54185B,67.31,D,S
2979,0,3,Passenger_2978,male,18.2,1,0,55707A,,B,Q
2980,0,2,Passenger_2979,male,13.7,3,2,84222C,53.83,C,S
2981,0,3,Passenger_2980,male,33.9,2,3,12416A,,,S
2982,1,2,Passenger_2981,female,27.5,0,3,42671B,56.51,C,S
2983,0,2,Passenger_2982,female,60.2,3,3,77678A,124.27,,S
2984,0,3,Passenger_2983,male,30.5,3,2,10207C,89.76,,S
2985,1,3,Passenger_2984,male,55.4,1,0,60790,67.07,,C
2986,1,3,Passenger_2985,female,13.6,1,3,34711B,17.21,F,S
2987,1,2,Passenger_2986,male,8.0,0,2,58014A,44.86,,S
2988,0,3,Passenger_2987,female,14.3,2,2,35746B,66.76,B,S
2989,0,3,Passenger_2988,female,46.6,2,2,16024A,,,C
2990,1,3,Passenger_2989,male,54.6,3,2,54531,95.27,,S
2991,1,1,Passenger_2990,male,19.0,3,3,71586A,15.9,C,S
2992,1,3,Passenger_2991,male,23.6,2,0,20797,27.7,C,S
2993,1,3,Passenger_2992,male,13.6,2,0,69727B,30.32,,C
2994,1,2,Passenger_2993,male,4.6,2,2,59269A,76.03,,S
2995,1,2,Passenger_2994,female,40.1,3,0,29986A,21.83,E,S
2996,0,2,Passenger_2995,male,33.1,1,3,46951C,13.0,C,S
2997,0,3,Passenger_2996,male,,1,0,52612,88.08,,S
2998,0,3,Passenger_2997,male,10.4,0,0,48569A,34.45,B,S
2999,1,3,Passenger_2998,male,53.0,2,1,91557C,12.6,,S
3000,1,3,Passenger_2999,male,,2,0,31199A,23.58,,C
3001,1,3,Passenger_3000,male,37.5,2,0,39666C,110.09,,Q
3002,1,1,Passenger_3001,male,9.6,0,2,98907B,27.0,B,S
3003,1,2,Passenger_3002,female,27.3,2,2,25515,45.68,,S
3004,1,2,Passenger_3003,male,34.1,1,1,82593C,34.36,,S
3005,0,2,Passenger_3004,female,34.6,2,3,22099,6.86,,S
3006,0,1,Passenger_3005,male,32.2,0,1,32097,24.0,,C
3007,1,3,Passenger_3006,male,36.9,3,0,63366,4.46,F,S
3008,0,2,Passenger_3007,male,14.2,3,0,59094A,83.46,,S
3009,1,2,Passenger_3008,female,32.8,1,3,26696C,53.53,,S
3010,0,2,Passenger_3009,male,31.6,1,3,27912A,136.89,D,S
3011,1,1,Passenger_3010,male,33.2,1,2,31880B,25.19,E,S
3012,1,3,Passenger_3011,male,31.0,3,0,91296A,19.94,F,C
3013,0,3,Passenger_3012,male,12.2,2,0,33951C,103.68,D,C
3014,0,3,Passenger_3013,male,11.6,0,0,65782C,87.03,,S
3015,1,1,Passenger_3014,female,-1.0,0,0,27431C,63.47,,S
3016,1,3,Passenger_3015,male,41.4,2,0,37706A,11.02,,S
3017,0,3,Passenger_3016,female,41.6,3,0,43007C,111.07,,S
3018,0,3,Passenger_3017,male,,3,0,49232,,B,C
3019,1,1,Passenger_3018,female,34.3,0,0,61771,34.93,,S
3020,0,3,Passenger_3019,female,0.1,1,2,45229B,90.0,D,S
3021,1,3,Passenger_3020,male,15.6,1,1,67745C,49.22,D,S
3022,1,3,Passenger_3021,female,32.4,0,0,30532,9.2,E,S
3023,1,3,Passenger_3022,female,31.9,0,2,82312C,,B,S
3024,1,2,Passenger_3023,male,26.9,2,0,47892A,22.65,,S
3025,0,3,Passenger_3024,male,35.2,2,3,38831,55.33,C,C
3026,0,1,Passenger_3025,female,30.2,2,0,33665B,19.14,,C
3027,0,3,Passenger_3026,male,31.7,2,1,82590C,31.53,C,C
3028,0,1,Passenger_3027,male,21.1,2,2,53468B,9.55,E,S
3029,0,2,Passenger_3028,female,43.7,2,3,71725A,70.13,D,Q
3030,0,2,Passenger_3029,male,24.0,1,3,20368,22.79,D,S
3031,0,3,Passenger_3030,female,11.4,0,0,92590C,66.74,F,S
3032,1,1,Passenger_3031,female,19.2,3,1,47362,6.83,,S
3033,0,3,Passenger_3032,female,25.1,2,1,23394,81.82,,S
3034,0,3,Passenger_3033,male,43.9,1,0,57753A,5.32,,C
3035,1,1,Passenger_3034,male,29.4,0,0,53038C,31.95,,S
3036,0,1,Passenger_3035,male,27.4,0,2,89133A,93.3,,S
3037,0,1,Passenger_3036,male,12.5,0,2,30815B,20.04,,C
3038,1,3,Passenger_3037,male,41.0,2,0,98376C,111.49,C,Q
3039,0,3,Passenger_3038,male,20.9,2,0,60298C,69.76,,C
3040,0,2,Passenger_3039,male,28.6,3,3,35440C,77.66,,S
3041,0,1,Passenger_3040,male,50.7,2,1,47668B,86.59,,C
3042,1,3,Passenger_3041,female,37.1,0,2,59179C,53.94,,S
3043,0,3,Passenger_3042,female,7.2,0,0,58069B,54.34,B,S
3044,0,3,Passenger_3043,female,5.2,1,0,76565A,94.85,,C
3045,1,3,Passenger_3044,female,29.1,1,2,44764B,53.9,,S
3046,0,1,Passenger_3045,male,13.0,3,3,35824A,24.51,,C
3047,1,1,Passenger_3046,female,39.1,1,3,58461,70.5,,C
3048,1,1,Passenger_3047,female,30.6,3,0,35256C,23.98,B,Q
3049,0,2,Passenger_3048,male,32.3,1,1,54329B,96.18,D,S
3050,1,1,Passenger_3049,male,20.1,0,1,24728B,96.92,,S
3051,1,2,Passenger_3050,male,,2,0,89374,91.94,C,Q
3052,0,2,Passenger_3051,male,69.8,2,2,16352C,,,C
3053,1,3,Passenger_3052,male,26.1,3,1,98566C,47.05,,S
3054,1,3,Passenger_3053,male,34.9,2,2,76941,46.27,D,S
3055,0,3,Passenger_3054,female,31.4,2,2,82686,6.96,C,C
3056,0,3,Passenger_3055,male,26.4,1,2,27716B,111.18,,S
3057,0,1,Passenger_3056,male,18.4,0,3,22564,33.02,C,S
3058,1,3,Passenger_3057,female,14.8,2,1,50760B,61.9,D,C
3059,0,2,Passenger_3058,male,14.1,0,3,43777,58.89,,C
3060,1,3,Passenger_3059,female,35.7,1,1,54809,3.09,,Q
3061,1,2,Passenger_3060,male,22.7,1,0,84044A,11.06,,S
3062,1,3,Passenger_3061,female,-6.1,2,2,15307A,50.2,,C
3063,1,2,Passenger_3062,male,36.2,2,1,76901A,34.12,F,S
3064,1,2,Passenger_3063,male,29.5,1,1,71743,46.87,,S
3065,1,3,Passenger_3064,male,,1,0,95438,87.29,,S
3066,1,1,Passenger_3065,female,35.2,3,3,45536,57.87,,C
3067,0,3,Passenger_3066,female,9.3,3,1,79128A,76.55,E,S
3068,0,3,Passenger_3067,male,-1.2,0,1,71362A,65.59,D,S
3069,1,3,Passenger_3068,female,19.9,1,3,29319,38.93,F,S
3070,1,3,Passenger_3069,male,,0,3,90203A,14.94,D,S
3071,0,3,Passenger_3070,female,43.2,1,1,16719B,59.27,D,S
3072,1,1,Passenger_3071,female,29.9,0,3,57941,52.94,,S
3073,0,3,Passenger_3072,male,45.9,3,0,86312,82.03,D,S
3074,0,3,Passenger_3073,male,11.5,1,0,92825A,44.72,B,C
3075,0,3,Passenger_3074,female,43.5,1,2,21419A,39.59,D,S
3076,1,1,Passenger_3075,female,40.1,0,1,36403C,41.97,,S
3077,1,3,Passenger_3076,female,,0,0,47365B,17.84,,S
3078,0,3,Passenger_3077,female,48.5,2,0,56233B,100.64,,S
3079,0,3,Passenger_3078,male,31.3,2,0,82771,89.89,,S
3080,0,2,Passenger_3079,female,35.5,3,2,66360C,,,Q
3081,0,1,Passenger_3080,male,17.9,1,3,48056B,78.14,,S
3082,0,2,Passenger_3081,female,47.9,1,2,74237,14.58,B,Q
3083,1,3,Passenger_3082,male,13.4,0,2,49374,84.49,F,S
3084,0,3,Passenger_3083,male,41.6,3,2,36248C,25.63,D,C
3085,1,2,Passenger_3084,male,41.5,1,2,36226B,62.6,D,S
3086,0,1,Passenger_3085,male,16.4,3,1,96315B,17.53,,S
3087,1,2,Passenger_3086,male,57.8,2,1,86202,8.05,E,C
3088,1,2,Passenger_3087,female,33.2,0,0,41709,66.4,,C
3089,1,3,Passenger_3088,female,39.2,1,2,52850C,25.47,D,S
3090,1,3,Passenger_3089,male,8.6,0,2,50537B,20.6,D,Q
3091,1,2,Passenger_3090,female,59.6,2,0,73458B,98.86,D,S
3092,1,3,Passenger_3091,female,12.9,3,3,35853,127.38,,S
3093,0,1,Passenger_3092,male,44.3,3,1,31997C,82.8,,S
3094,1,3,Passenger_3093,male,16.1,2,2,68529,11.78,,S
3095,0,2,Passenger_3094,female,21.3,2,3,60607,111.72,,S
3096,1,2,Passenger_3095,female,41.0,1,3,44114A,,F,C
3097,1,2,Passenger_3096,male,44.4,1,2,60366,39.34,B,S
3098,0,3,Passenger_3097,female,12.2,1,2,77497,51.92,,S
3099,1,3,Passenger_3098,male,45.3,1,3,72284,117.34,,S
3100,0,3,Passenger_3099,male,44.6,1,1,15690A,81.94,F,C
3101,0,2,Passenger_3100,male,16.9,3,1,55875C,33.77,B,S
3102,0,2,Passenger_3101,male,52.4,1,2,80994A,16.93,,C
3103,0,1,Passenger_3102,female,9.6,2,2,20033,85.08,B,Q
3104,1,3,Passenger_3103,female,21.3,2,0,14902B,31.33,,S
3105,1,1,Passenger_3104,male,,1,0,11496,57.59,,Q
3106,0,3,Passenger_3105,male,18.1,2,1,37664,2.06,B,S
3107,1,3,Passenger_3106,female,33.7,0,0,14582C,69.92,B,S
3108,1,3,Passenger_3107,female,33.4,3,3,44811A,67.1,,C
3109,0,2,Passenger_3108,female,27.4,3,3,51476A,6.54,,S
3110,1,2,Passenger_3109,female,41.7,1,3,92754,86.11,,S
3111,0,1,Passenger_3110,male,26.8,0,3,60199A,69.42,,C
3112,0,3,Passenger_3111,female,33.2,1,2,95902,75.9,,S
3113,1,3,Passenger_3112,male,46.1,1,3,43264,,D,C
3114,1,2,Passenger_3113,male,41.1,2,1,75230B,56.26,,S
3115,1,2,Passenger_3114,male,41.0,3,0,41475C,52.22,F,S
3116,0,3,Passenger_3115,male,13.9,0,1,43683B,,C,S
3117,0,3,Passenger_3116,female,37.3,2,2,86810B,55.97,D,S
3118,1,2,Passenger_3117,female,17.7,3,0,56049,93.98,C,S
3119,1,3,Passenger_3118,male,12.1,3,0,59483B,87.62,D,C
3120,1,1,Passenger_3119,male,,1,0,49913C,8.63,,S
3121,1,1,Passenger_3120,male,,0,3,52494,84.49,C,Q
3122,0,3,Passenger_3121,male,41.1,1,2,40288A,91.69,,C
3123,1,3,Passenger_3122,female,41.4,2,1,35682B,44.71,,S
3124,0,3,Passenger_3123,female,3.4,1,3,40809C,67.8,B,S
3125,0,1,Passenger_3124,female,,1,0,61742A,67.29,D,S
3126,1,3,Passenger_3125,female,9.6,3,1,84215,20.25,F,C
3127,1,2,Passenger_3126,female,23.5,3,1,62572A,36.63,B,S
3128,1,2,Passenger_3127,male,36.4,2,1,70538B,,C,S
3129,0,3,Passenger_3128,male,26.6,3,2,60608B,32.65,C,S
3130,1,1,Passenger_3129,male,21.7,3,3,58657B,84.14,,S
3131,1,3,Passenger_3130,male,48.2,3,2,58208A,95.67,C,C
3132,0,3,Passenger_3131,female,-2.3,1,0,47265,90.03,C,S
3133,1,1,Passenger_3132,male,47.3,0,0,14583C,119.29,,S
3134,0,1,Passenger_3133,male,22.4,2,1,36690A,46.82,,S
3135,1,1,Passenger_3134,male,28.9,1,1,97174C,56.2,,C
3136,0,1,Passenger_3135,female,22.6,2,1,49113,61.22,B,C
3137,1,3,Passenger_3136,male,51.6,1,2,66235C,47.89,C,S
3138,1,3,Passenger_3137,female,12.8,2,3,57442C,68.98,,Q
3139,0,1,Passenger_3138,female,30.2,3,2,81188B,9.89,C,C
3140,0,1,Passenger_3139,male,,2,0,72188,57.17,C,S
3141,1,3,Passenger_3140,male,7.4,0,1,21176B,1.79,,Q
3142,0,3,Passenger_3141,female,17.1,2,1,67498C,16.31,C,C
3143,0,2,Passenger_3142,male,27.9,0,2,58329,75.65,E,C
3144,0,2,Passenger_3143,female,17.6,2,0,77752B,43.03,B,S
3145,0,3,Passenger_3144,male,,3,3,37415B,74.42,D,C
3146,1,2,Passenger_3145,male,25.1,2,1,48217,42.27,C,S
3147,1,1,Passenger_3146,female,39.1,1,1,62622A,88.72,,S
3148,0,3,Passenger_3147,female,,3,0,21242B,,,S
3149,0,3,Passenger_3148,female,45.1,3,1,47191B,18.42,,Q
3150,0,3,Passenger_3149,female,16.0,1,3,74930C,57.89,,S
3151,0,3,Passenger_3150,female,12.5,3,2,24978A,25.91,,S
3152,1,3,Passenger_3151,female,,3,0,23606,0.85,,C
3153,1,2,Passenger_3152,female,20.8,1,1,17421B,19.1,,S
3154,0,2,Passenger_3153,male,11.6,3,1,12548A,14.73,E,C
3155,0,1,Passenger_3154,male,5.6,3,3,57624B,30.92,D,S
3156,0,1,Passenger_3155,female,45.1,3,2,80144,13.53,,S
3157,1,3,Passenger_3156,male,25.2,3,3,16745C,0.79,,S
3158,0,3,Passenger_3157,male,26.4,2,2,48049C,103.96,C,S
3159,1,3,Passenger_3158,male,27.8,3,3,40222A,26.26,,S
3160,0,3,Passenger_3159,male,44.2,3,2,19640C,28.08,,S
3161,1,1,Passenger_3160,male,27.5,3,1,65228C,,C,S
3162,0,1,Passenger_3161,male,62.8,2,1,67707,,,S
3163,1,3,Passenger_3162,female,31.9,0,1,33565C,19.03,,S
3164,0,3,Passenger_3163,male,44.9,3,0,63568B,74.86,,S
3165,0,3,Passenger_3164,male,41.3,0,2,82351A,34.31,B,S
3166,0,3,Passenger_3165,male,29.5,0,0,67647A,9.66,B,S
3167,1,3,Passenger_3166,male,21.8,1,2,52398B,65.62,C,S
3168,0,3,Passenger_3167,male,34.6,1,1,42408B,90.25,B,C
3169,1,1,Passenger_3168,female,37.1,0,0,98428B,68.79,F,S
3170,1,3,Passenger_3169,male,22.0,2,0,88812A,35.87,,S
3171,0,3,Passenger_3170,female,32.3,3,3,13500,10.98,,S
3172,0,2,Passenger_3171,male,47.3,3,2,22546B,51.66,B,Q
3173,0,3,Passenger_3172,male,59.0,3,3,50526C,41.45,C,S
3174,1,2,Passenger_3173,male,42.0,1,0,48153B,,,S
3175,0,3,Passenger_3174,male,56.1,1,0,61638B,15.6,E,Q
3176,1,1,Passenger_3175,female,21.2,3,1,43677A,0.8,,S
3177,1,3,Passenger_3176,female,39.8,0,3,60129,120.27,,S
3178,0,1,Passenger_3177,female,48.7,1,3,92554B,,,S
3179,0,3,Passenger_3178,male,17.5,3,3,14717C,72.47,C,S
3180,0,1,Passenger_3179,male,23.2,0,2,88771B,,,S
3181,0,2,Passenger_3180,male,,3,0,96859B,51.62,B,S
3182,0,2,Passenger_3181,female,16.3,1,3,87508C,47.83,,S
3183,0,3,Passenger_3182,male,11.2,2,1,11865C,10.78,E,S
3184,1,2,Passenger_3183,female,51.4,2,0,14540B,3.01,,C
3185,1,1,Passenger_3184,male,46.8,1,1,88000C,63.52,C,S
3186,1,3,Passenger_3185,male,,0,0,89132C,56.57,F,S
3187,0,3,Passenger_3186,male,29.4,3,1,90922C,82.84,C,C
3188,1,3,Passenger_3187,male,23.9,1,3,30802C,75.74,C,S
3189,1,1,Passenger_3188,female,33.9,0,3,74761,21.7,,S
3190,1,3,Passenger_3189,male,52.1,3,1,67276C,,,S
3191,1,2,Passenger_3190,female,33.3,3,2,84573B,76.78,,C
3192,1,1,Passenger_3191,male,60.3,1,1,46994A,74.18,F,S
3193,0,3,Passenger_3192,female,17.4,3,0,17692A,128.73,C,C
3194,0,3,Passenger_3193,male,29.7,2,1,29999B,121.54,C,S
3195,1,3,Passenger_3194,female,24.8,2,1,13157B,74.15,B,C
3196,1,2,Passenger_3195,female,14.8,3,0,47944B,69.78,,C
3197,1,2,Passenger_3196,female,27.9,1,3,89241A,87.86,D,S
3198,0,2,Passenger_3197,male,35.8,3,0,41678,29.56,,S
3199,0,3,Passenger_3198,female,37.3,1,1,29282A,,,S
3200,1,2,Passenger_3199,male,60.4,1,0,22793C,73.57,,C
3201,0,2,Passenger_3200,male,36.5,2,1,96169A,20.02,,S
3202,0,2,Passenger_3201,male,46.1,2,3,49814B,70.75,B,C
3203,1,3,Passenger_3202,male,30.9,0,1,25637,55.49,F,C
3204,0,2,Passenger_3203,female,53.5,1,1,84774,20.03,,C
3205,0,3,Passenger_3204,male,63.6,3,3,59757C,50.91,,C
3206,1,2,Passenger_3205,male,37.4,1,0,58179C,95.68,B,S
3207,0,3,Passenger_3206,female,16.1,2,2,19256,,B,C
3208,0,1,Passenger_3207,male,22.3,1,2,10517C,,,S
3209,1,3,Passenger_3208,female,33.9,0,1,87961C,61.51,C,S
3210,0,3,Passenger_3209,male,36.4,3,1,24676,66.07,,C
3211,0,1,Passenger_3210,male,39.8,1,3,97355B,38.42,,S
3212,1,3,Passenger_3211,male,36.4,3,0,94192B,62.26,,S
3213,1,2,Passenger_3212,female,30.1,3,2,74758C,,,S
3214,1,3,Passenger_3213,female,21.1,2,2,80328C,22.03,,S
3215,0,3,Passenger_3214,female,35.6,1,3,87491A,26.51,F,S
3216,1,2,Passenger_3215,male,56.0,3,3,18268B,66.44,,S
3217,0,1,Passenger_3216,male,44.3,2,2,35601A,55.61,,Q
3218,1,2,Passenger_3217,male,37.5,0,0,79975,45.3,,C
3219,0,1,Passenger_3218,male,44.4,0,0,23227B,74.18,C,S
3220,1,1,Passenger_3219,male,24.8,1,0,81925B,63.26,C,S
3221,1,1,Passenger_3220,female,22.9,3,1,55229C,39.85,C,S
3222,1,2,Passenger_3221,male,19.5,1,0,99928B,13.77,C,S
3223,1,3,Passenger_3222,male,28.2,3,1,35268A,21.31,,Q
3224,0,1,Passenger_3223,female,24.1,2,1,72448A,1.34,F,C
3225,1,1,Passenger_3224,female,46.9,0,3,76868B,54.92,,Q
3226,1,3,Passenger_3225,male,23.3,0,1,55292A,19.83,B,S
3227,0,1,Passenger_3226,male,18.8,0,1,93194C,32.66,D,C
3228,1,1,Passenger_3227,male,57.2,0,3,35820B,45.53,,S
3229,0,1,Passenger_3228,male,,1,0,46062C,86.54,,S
3230,1,3,Passenger_3229,female,32.1,3,0,59488B,82.51,,C
3231,1,3,Passenger_3230,male,36.3,1,2,11867B,48.09,,S
3232,1,2,Passenger_3231,female,,2,2,98834C,94.29,,S
3233,0,3,Passenger_3232,female,47.3,0,1,14642C,20.43,,S
3234,1,3,Passenger_3233,female,38.9,3,2,18352A,115.7,,S
3235,1,3,Passenger_3234,male,51.8,1,3,74092C,74.24,,C
3236,1,3,Passenger_3235,male,20.5,3,2,58324C,53.6,C,S
3237,0,3,Passenger_3236,female,,1,2,69085,18.8,,S
3238,0,2,Passenger_3237,male,30.6,3,1,97003A,34.67,,S
3239,1,1,Passenger_3238,male,33.7,3,3,68897B,71.33,C,S
3240,0,2,Passenger_3239,male,9.6,0,2,52828B,72.12,B,S
3241,1,3,Passenger_3240,male,31.6,1,0,54787A,73.39,,S
3242,1,3,Passenger_3241,female,10.0,2,3,11299C,24.5,,C
3243,1,3,Passenger_3242,male,,3,3,24794A,17.46,,S
3244,1,3,Passenger_3243,male,,2,1,63319C,56.83,C,S
3245,1,1,Passenger_3244,male,4.1,0,3,28430B,76.94,E,S
3246,1,3,Passenger_3245,male,41.5,2,3,31858B,50.11,D,S
3247,1,3,Passenger_3246,female,22.3,3,3,94118A,101.85,,S
3248,0,3,Passenger_3247,female,16.2,3,3,43871B,51.16,,S
3249,0,3,Passenger_3248,male,47.8,3,3,38170C,,,Q
3250,0,3,Passenger_3249,male,34.6,1,3,73455,73.47,C,Q
3251,0,2,Passenger_3250,male,42.2,2,3,96421B,,,S
3252,0,3,Passenger_3251,female,27.7,1,0,84263A,2.78,C,Q
3253,0,1,Passenger_3252,male,67.5,3,3,49828B,10.87,,S
3254,0,3,Passenger_3253,female,21.5,3,1,55329C,39.04,,S
3255,1,3,Passenger_3254,male,54.4,0,0,34708,160.56,D,Q
3256,1,2,Passenger_3255,female,29.1,0,3,25956C,40.85,F,S
3257,1,3,Passenger_3256,male,6.8,3,2,93972A,45.74,,S
3258,1,2,Passenger_3257,female,36.8,1,1,90604B,71.64,C,C
3259,0,2,Passenger_3258,male,34.4,1,0,89268B,84.19,C,Q
3260,0,2,Passenger_3259,female,15.3,3,1,97964B,55.94,,S
3261,1,3,Passenger_3260,male,17.1,2,0,40788,90.75,,S
3262,1,3,Passenger_3261,male,29.7,1,2,89535B,8.21,,S
3263,0,3,Passenger_3262,female,34.9,3,1,84478A,23.19,B,S
3264,1,1,Passenger_3263,male,-4.6,0,1,13250,90.69,,S
3265,1,3,Passenger_3264,female,44.7,3,0,65714C,50.38,,C
3266,1,3,Passenger_3265,female,23.1,1,0,95358A,5.81,,S
3267,1,2,Passenger_3266,male,11.4,3,2,90037B,3.71,,S
3268,0,1,Passenger_3267,male,43.2,2,3,20768,21.62,,Q
3269,1,2,Passenger_3268,male,,2,0,74684A,50.07,,C
3270,1,3,Passenger_3269,male,47.0,1,0,57999,66.36,,S
3271,0,3,Passenger_3270,male,36.1,3,0,60245,38.48,,S
3272,0,3,Passenger_3271,female,,2,2,96452B,63.47,B,S
3273,1,2,Passenger_3272,male,27.9,2,3,15117C,34.7,,S
3274,0,3,Passenger_3273,male,36.8,0,3,20333C,92.84,D,S
3275,1,1,Passenger_3274,male,24.2,1,2,24922C,,B,C
3276,1,2,Passenger_3275,male,18.1,0,3,94053B,36.26,,S
3277,0,3,Passenger_3276,male,38.5,0,1,35317A,66.8,D,C
3278,1,1,Passenger_3277,female,28.0,2,2,12477C,63.94,B,S
3279,1,3,Passenger_3278,female,30.5,3,0,16137A,54.85,,S
3280,1,2,Passenger_3279,male,45.3,0,3,48597B,72.86,B,S
3281,1,3,Passenger_3280,female,28.4,1,1,18595C,66.76,,S
3282,0,2,Passenger_3281,male,30.2,1,2,56261A,33.51,,C
3283,0,3,Passenger_3282,female,21.6,3,2,98266B,96.08,,S
3284,1,1,Passenger_3283,female,36.0,1,0,16686B,57.06,,S
3285,0,1,Passenger_3284,female,34.9,0,0,73039B,36.53,,Q
3286,1,3,Passenger_3285,male,42.6,3,2,61802B,135.51,D,C
3287,1,2,Passenger_3286,male,21.9,1,1,91197B,45.93,F,S
3288,1,3,Passenger_3287,male,23.6,1,0,44654,58.92,,S
3289,1,3,Passenger_3288,female,41.1,0,2,60892A,56.14,C,S
3290,1,2,Passenger_3289,male,33.5,0,2,74936A,45.45,,S
3291,0,2,Passenger_3290,female,17.3,0,0,82988C,65.7,B,S
3292,1,3,Passenger_3291,male,48.3,0,3,36474C,20.43,B,S
3293,0,3,Passenger_3292,female,6.2,3,1,24426,70.88,,C
3294,0,3,Passenger_3293,male,,3,3,40541C,11.54,C,S
3295,1,3,Passenger_3294,male,12.3,3,3,84916,4.57,,Q
3296,1,3,Passenger_3295,male,56.4,2,1,87340,113.9,,C
3297,1,1,Passenger_3296,male,,0,1,14965A,6.03,,S
3298,1,3,Passenger_3297,male,46.1,0,0,54124,18.6,,Q
3299,1,3,Passenger_3298,female,28.9,3,0,26762A,6.9,,S
3300,0,1,Passenger_3299,male,24.9,1,0,77468B,110.9,,S
3301,1,2,Passenger_3300,male,32.6,1,1,42961,12.72,,Q
3302,1,1,Passenger_3301,female,38.8,0,3,39942B,,B,S
3303,0,2,Passenger_3302,male,17.3,0,1,20207,1.04,F,S
3304,0,3,Passenger_3303,female,18.6,3,0,80152C,40.41,,S
3305,1,2,Passenger_3304,female,39.1,0,3,83414C,34.74,,S
3306,0,1,Passenger_3305,male,6.1,1,0,27684A,33.17,,S
3307,1,2,Passenger_3306,male,,1,3,13373B,114.96,,C
3308,0,3,Passenger_3307,male,72.6,0,0,25178A,8.03,,C
3309,0,3,Passenger_3308,female,16.4,3,1,74683A,46.42,,S
3310,1,2,Passenger_3309,male,46.1,3,2,54119,61.85,,S
3311,0,1,Passenger_3310,female,21.8,1,2,14991C,15.69,D,S
3312,0,3,Passenger_3311,female,37.1,3,3,30316,67.03,,S
3313,0,3,Passenger_3312,male,39.2,1,1,13622,36.01,,C
3314,0,2,Passenger_3313,female,45.8,0,0,70737A,63.1,C,C
3315,0,1,Passenger_3314,female,27.2,1,3,67132C,46.22,D,S
3316,0,1,Passenger_3315,male,57.8,0,3,51572A,21.77,,S
3317,1,1,Passenger_3316,female,21.7,3,0,26988C,95.71,E,C
3318,1,3,Passenger_3317,female,33.3,2,0,76156,122.47,,S
3319,0,3,Passenger_3318,male,33.4,2,0,12602,43.81,,S
3320,1,2,Passenger_3319,male,14.3,2,1,65625A,,,S
3321,1,3,Passenger_3320,male,26.0,1,2,98458,102.71,,S
3322,1,2,Passenger_3321,male,,2,3,90934B,116.16,,S
3323,0,3,Passenger_3322,female,24.0,1,3,71255B,44.09,,C
3324,1,3,Passenger_3323,male,64.2,3,2,25903B,42.35,B,Q
3325,0,1,Passenger_3324,female,18.3,0,3,45483,47.2,,C
3326,1,2,Passenger_3325,male,46.5,2,1,18070C,,,C
3327,0,3,Passenger_3326,male,42.0,1,0,43217B,39.81,B,S
3328,0,1,Passenger_3327,female,29.8,3,2,71305C,110.02,,Q
3329,1,2,Passenger_3328,female,17.9,3,1,43837B,44.1,,S
3330,1,3,Passenger_3329,male,19.2,2,0,39420,,B,S
3331,0,3,Passenger_3330,male,22.7,3,2,23582,67.38,,S
3332,1,2,Passenger_3331,male,,3,1,94205,,B,S
3333,1,3,Passenger_3332,male,16.0,3,2,60551,47.67,,S
3334,1,2,Passenger_3333,male,9.2,1,2,87468A,5.59,,S
3335,0,3,Passenger_3334,male,48.8,3,1,20985,13.72,,S
3336,0,3,Passenger_3335,female,38.7,3,3,25805,75.82,B,C
3337,1,3,Passenger_3336,male,41.0,3,1,52401B,,,C
3338,1,2,Passenger_3337,female,38.2,3,2,83071A,22.84,B,S
3339,1,3,Passenger_3338,female,32.3,3,2,26470B,54.18,C,S
3340,0,3,Passenger_3339,male,50.4,1,1,16846,28.75,C,S
3341,0,2,Passenger_3340,female,21.4,3,0,79685,22.57,B,S
3342,1,1,Passenger_3341,male,31.5,3,0,39925B,90.74,D,S
3343,1,1,Passenger_3342,female,40.5,0,0,78748,77.4,,S
3344,1,1,Passenger_3343,male,11.5,3,0,79458A,,B,S
3345,1,3,Passenger_3344,male,73.4,3,1,57697B,55.05,D,Q
3346,1,2,Passenger_3345,female,30.4,1,3,32694C,49.71,,S
3347,1,2,Passenger_3346,male,32.0,3,0,18013B,67.05,D,S
3348,0,3,Passenger_3347,female,,1,2,52446,22.02,,S
3349,1,2,Passenger_3348,female,42.8,2,0,68068C,80.19,E,S
3350,0,3,Passenger_3349,male,30.5,3,3,21187B,62.37,B,S
3351,1,1,Passenger_3350,male,31.8,0,1,76082B,40.79,,S
3352,1,3,Passenger_3351,male,8.9,1,3,65036,32.93,C,Q
3353,0,3,Passenger_3352,female,22.2,2,3,14516,79.44,B,S
3354,0,3,Passenger_3353,female,37.2,0,3,33376A,44.73,D,S
3355,0,2,Passenger_3354,male,36.2,1,0,94853B,25.54,,Q
3356,0,3,Passenger_3355,male,47.1,2,0,54968A,36.54,,S
3357,1,1,Passenger_3356,female,28.3,0,3,27946,76.92,F,S
3358,0,1,Passenger_3357,male,10.6,3,1,85813B,6.37,,Q
3359,1,1,Passenger_3358,female,,0,0,34459B,37.56,,S
3360,0,3,Passenger_3359,female,50.1,0,1,79205A,87.47,D,S
3361,1,2,Passenger_3360,female,42.6,0,0,94401C,44.11,,S
3362,1,3,Passenger_3361,male,27.7,1,1,66350A,59.55,,S
3363,1,1,Passenger_3362,male,44.6,3,0,25040B,88.04,,S
3364,1,2,Passenger_3363,male,78.0,3,3,40759A,81.23,C,C
3365,1,3,Passenger_3364,male,31.6,1,2,82585A,34.6,F,C
3366,1,2,Passenger_3365,female,11.6,0,2,47031B,45.44,B,S
3367,0,3,Passenger_3366,male,21.8,3,1,14737B,81.67,F,S
3368,1,2,Passenger_3367,female,,0,1,91563C,82.88,B,C
3369,0,3,Passenger_3368,male,7.5,3,3,20015,46.92,,C
3370,0,3,Passenger_3369,male,32.4,1,3,46965,48.13,C,S
3371,1,2,Passenger_3370,male,,2,1,25053A,59.37,,C
3372,0,2,Passenger_3371,female,51.5,0,2,98408,97.84,B,S
3373,1,3,Passenger_3372,male,48.3,3,3,73386B,87.36,,S
3374,0,3,Passenger_3373,male,,3,1,62337,74.27,,S
3375,1,2,Passenger_3374,female,-0.3,3,3,81842B,,B,S
3376,0,2,Passenger_3375,male,42.9,1,3,27248C,40.38,,C
3377,1,3,Passenger_3376,male,39.9,1,0,26941C,,D,S
3378,1,3,Passenger_3377,male,,2,3,23088,,,C
3379,1,2,Passenger_3378,male,5.8,1,1,26124,41.64,,S
3380,1,2,Passenger_3379,female,19.1,0,3,13819C,93.87,B,S
3381,0,2,Passenger_3380,male,13.7,1,1,21164B,30.03,,S
3382,1,3,Passenger_3381,male,1.8,3,0,92011,32.82,B,S
3383,0,2,Passenger_3382,male,30.0,0,0,59437B,,,Q
3384,0,3,Passenger_3383,female,18.8,1,2,87034B,104.89,C,S
3385,0,2,Passenger_3384,male,66.8,0,0,46603B,,B,S
3386,1,2,Passenger_3385,female,27.6,0,0,14235C,39.7,,S
3387,0,3,Passenger_3386,male,48.1,1,1,22015B,4.75,E,C
3388,0,3,Passenger_3387,male,8.0,0,2,17509A,60.43,,S
3389,0,3,Passenger_3388,female,22.6,3,0,26918C,1.62,D,S
3390,1,2,Passenger_3389,male,,3,3,50975A,19.71,,S
3391,1,3,Passenger_3390,female,,1,2,45693,50.43,C,S
3392,0,3,Passenger_3391,male,,1,0,10909B,35.73,C,S
3393,1,2,Passenger_3392,female,26.9,3,2,90041A,36.71,,S
3394,1,1,Passenger_3393,male,26.7,1,0,10118C,9.23,,C
3395,0,2,Passenger_3394,female,56.0,3,1,78649A,2.47,,S
3396,0,2,Passenger_3395,male,,0,2,90301,21.92,F,S
3397,1,3,Passenger_3396,male,36.7,1,2,28480A,12.58,B,C
3398,0,2,Passenger_3397,male,37.6,2,0,45022C,66.43,C,S
3399,1,3,Passenger_3398,male,38.6,3,2,58707,91.88,,S
3400,1,3,Passenger_3399,male,28.8,3,0,65255B,37.25,F,S
3401,1,3,Passenger_3400,male,25.5,0,3,97178A,29.14,D,S
3402,1,3,Passenger_3401,male,32.3,2,2,40937,35.5,,S
3403,1,1,Passenger_3402,female,46.2,2,2,48399B,11.21,,S
3404,1,2,Passenger_3403,female,,2,1,75665A,,,S
3405,0,1,Passenger_3404,female,26.6,3,1,28155C,7.59,B,S
3406,0,3,Passenger_3405,male,40.7,3,2,30838C,3.47,,S
3407,1,2,Passenger_3406,male,27.3,2,1,54035C,107.12,C,S
3408,1,3,Passenger_3407,male,30.5,1,2,80809B,25.84,C,S
3409,1,2,Passenger_3408,female,23.4,2,0,15628B,52.96,,S
3410,0,1,Passenger_3409,male,27.5,0,2,55849C,29.45,,S
3411,1,2,Passenger_3410,male,48.8,2,2,80254A,5.66,,S
3412,0,3,Passenger_3411,female,31.3,2,3,10096,52.08,B,S
3413,1,3,Passenger_3412,male,31.9,2,1,21058C,48.31,,S
3414,1,2,Passenger_3413,female,,1,1,26982B,51.96,C,S
3415,0,3,Passenger_3414,female,25.7,2,3,79499A,,,Q
3416,0,1,Passenger_3415,male,26.6,2,0,56622B,36.96,D,S
3417,1,3,Passenger_3416,male,18.4,3,0,54741A,0.96,C,S
3418,1,3,Passenger_3417,male,30.3,2,0,37166C,47.39,B,C
3419,1,2,Passenger_3418,female,24.0,0,3,56908,85.66,,S
3420,0,3,Passenger_3419,male,31.1,3,2,76875A,113.48,F,S
3421,0,1,Passenger_3420,female,31.7,1,0,22286,41.67,,C
3422,0,3,Passenger_3421,male,16.6,3,0,39235,45.46,D,Q
3423,0,1,Passenger_3422,male,24.4,1,3,69890A,67.51,,C
3424,0,3,Passenger_3423,male,31.1,1,1,23629B,102.26,,C
3425,0,2,Passenger_3424,female,46.6,0,3,68958A,32.98,,S
3426,1,3,Passenger_3425,male,33.6,2,1,48258B,74.24,D,S
3427,1,3,Passenger_3426,female,20.7,0,0,22843,21.2,,S
3428,0,3,Passenger_3427,male,,3,0,33988C,61.54,,S
3429,1,3,Passenger_3428,male,53.9,1,2,43301B,83.97,,S
3430,1,3,Passenger_3429,female,42.8,3,2,17951,4.82,,S
3431,0,1,Passenger_3430,female,,1,1,85101,31.62,C,S
3432,1,2,Passenger_3431,male,40.2,3,0,62975B,83.42,,S
3433,0,2,Passenger_3432,male,50.2,1,0,59216B,71.57,B,S
3434,0,3,Passenger_3433,female,45.1,0,3,47850A,86.26,B,Q
3435,1,2,Passenger_3434,male,37.9,1,0,86870A,,B,S
3436,0,3,Passenger_3435,male,45.0,2,0,29369C,38.06,,C
3437,0,3,Passenger_3436,female,14.9,0,3,99937C,,,S
3438,0,2,Passenger_3437,male,9.0,2,3,70216C,54.79,B,Q
3439,0,2,Passenger_3438,male,32.2,3,0,30639B,,C,S
3440,0,2,Passenger_3439,male,31.0,3,2,92924C,40.12,D,S
3441,0,2,Passenger_3440,female,22.4,1,2,73625B,33.58,,S
3442,0,2,Passenger_3441,female,41.6,1,0,88302A,77.83,,Q
3443,0,1,Passenger_3442,male,3.9,3,2,72766B,,,C
3444,1,3,Passenger_3443,male,22.5,0,3,92391B,,,S
3445,1,3,Passenger_3444,male,23.2,2,2,10308,69.53,,Q
3446,1,2,Passenger_3445,female,7.1,3,0,83243C,15.0,C,S
3447,0,2,Passenger_3446,male,50.9,0,2,45815B,45.09,C,S
3448,0,1,Passenger_3447,female,11.0,2,0,53959B,22.86,,C
3449,1,3,Passenger_3448,male,21.8,1,2,23366B,56.47,,C
3450,1,3,Passenger_3449,female,42.7,0,0,36928B,22.65,,S
3451,1,1,Passenger_3450,male,39.0,0,0,34105C,52.61,D,S
3452,0,1,Passenger_3451,female,14.5,3,2,29843C,40.47,C,C
3453,1,3,Passenger_3452,male,,2,2,80970A,44.67,E,S
3454,1,3,Passenger_3453,male,,3,3,43339B,121.78,,S
3455,0,1,Passenger_3454,female,62.7,1,1,87171B,,,S
3456,1,3,Passenger_3455,female,35.7,1,0,76132B,17.71,C,S
3457,0,2,Passenger_3456,male,28.0,2,0,60222B,85.55,,Q
3458,0,2,Passenger_3457,female,18.0,2,0,90370C,85.28,F,C
3459,0,3,Passenger_3458,male,,2,0,96245,19.26,D,S
3460,1,3,Passenger_3459,female,,3,2,10157A,25.47,D,S
3461,1,2,Passenger_3460,male,,2,2,68266C,,,S
3462,0,3,Passenger_3461,male,30.3,2,1,88998C,68.35,,S
3463,1,2,Passenger_3462,male,,3,0,84493,,,S
3464,1,3,Passenger_3463,male,,1,1,78148C,,,S
3465,1,2,Passenger_3464,female,-3.0,1,3,22020B,17.15,,S
3466,1,3,Passenger_3465,male,47.9,0,1,40247,33.99,B,S
3467,0,3,Passenger_3466,male,30.8,1,1,48741A,,,C
3468,1,1,Passenger_3467,male,36.1,2,3,12910B,16.1,,S
3469,0,3,Passenger_3468,female,18.4,1,3,27309B,56.18,E,C
3470,0,3,Passenger_3469,male,,3,1,24265,44.44,B,S
3471,1,3,Passenger_3470,male,36.8,1,3,34235A,81.4,C,S
3472,0,2,Passenger_3471,female,63.4,1,1,65082,54.02,D,S
3473,1,3,Passenger_3472,male,44.0,0,2,84962C,55.37,,S
3474,1,3,Passenger_3473,female,,0,2,68006,42.2,F,Q
3475,0,2,Passenger_3474,female,,2,1,37771A,20.83,,S
3476,0,3,Passenger_3475,male,21.6,3,3,76455A,76.06,B,C
3477,0,1,Passenger_3476,female,19.1,2,3,63371,72.91,,C
3478,0,1,Passenger_3477,female,23.2,3,2,30954B,16.69,,S
3479,1,3,Passenger_3478,male,1.3,3,2,85494,5.23,C,C
3480,1,3,Passenger_3479,male,19.9,0,3,61105A,54.43,,Q
3481,1,3,Passenger_3480,female,22.2,1,3,83481A,,B,C
3482,0,1,Passenger_3481,male,,1,3,64080,9.8,,S
3483,0,3,Passenger_3482,female,31.8,0,3,91393,111.61,C,S
3484,0,1,Passenger_3483,male,,2,1,42309C,100.58,D,Q
3485,1,1,Passenger_3484,male,29.8,1,3,59594A,67.05,,S
3486,0,1,Passenger_3485,male,21.9,2,2,87670B,60.76,C,S
3487,1,3,Passenger_3486,male,2.5,1,2,21580C,18.26,B,S
3488,0,3,Passenger_3487,male,,2,0,91573C,24.08,D,S
3489,1,3,Passenger_3488,female,16.4,3,3,94615,39.67,F,S
3490,1,3,Passenger_3489,female,36.5,3,1,21840A,24.82,,S
3491,0,1,Passenger_3490,female,42.7,1,0,43399C,37.74,B,S
3492,0,3,Passenger_3491,female,43.1,2,0,11754A,95.47,D,C
3493,1,2,Passenger_3492,female,40.6,2,1,85306,31.04,F,C
3494,1,2,Passenger_3493,male,28.1,3,0,75525B,38.07,B,S
3495,0,1,Passenger_3494,female,22.7,2,0,99866B,75.88,,S
3496,0,3,Passenger_3495,male,19.5,0,2,16553,0.32,,S
3497,1,3,Passenger_3496,female,8.9,2,0,17755A,,,S
3498,0,3,Passenger_3497,female,43.9,3,1,43897A,24.18,,S
3499,1,2,Passenger_3498,male,27.6,0,3,55064C,51.95,C,S
3500,1,1,Passenger_3499,male,12.6,0,3,96065B,37.93,,C
3501,0,3,Passenger_3500,male,18.4,2,3,65049B,,,S
3502,0,1,Passenger_3501,male,17.9,3,2,24371B,26.73,D,S
3503,0,3,Passenger_3502,male,30.6,3,2,79431B,12.52,,S
3504,0,3,Passenger_3503,male,44.9,3,2,14797B,71.32,,S
3505,0,1,Passenger_3504,male,25.1,0,1,77364A,38.18,E,C
3506,1,3,Passenger_3505,female,-1.5,3,3,85263B,71.67,B,S
3507,1,3,Passenger_3506,female,27.4,0,1,26943B,11.09,,C
3508,0,1,Passenger_3507,female,27.8,0,1,36831A,26.72,,S
3509,0,3,Passenger_3508,female,26.9,1,0,34814C,42.26,,S
3510,0,2,Passenger_3509,male,,2,3,70258,45.52,,S
3511,1,3,Passenger_3510,male,33.0,3,0,85199A,76.4,,S
3512,0,3,Passenger_3511,female,30.9,0,2,48355A,34.93,,S
3513,0,3,Passenger_3512,female,29.7,2,2,69389A,76.14,,S
3514,1,3,Passenger_3513,male,35.8,0,1,13683A,63.12,,Q
3515,1,2,Passenger_3514,female,24.0,2,1,17347A,46.26,B,S
3516,0,3,Passenger_3515,female,23.2,0,0,53097,16.7,C,S
3517,0,1,Passenger_3516,female,49.3,3,0,93133,,F,S
3518,0,3,Passenger_3517,female,37.8,1,1,24072C,17.58,,Q
3519,1,3,Passenger_3518,male,41.6,1,3,62832B,49.26,B,S
3520,0,1,Passenger_3519,female,,1,1,50966B,48.11,F,S
3521,0,2,Passenger_3520,female,37.4,0,3,41041,42.75,,S
3522,0,3,Passenger_3521,male,43.0,2,0,79034,36.37,,Q
3523,1,3,Passenger_3522,female,7.9,3,2,42256B,,,C
3524,1,1,Passenger_3523,male,32.9,3,2,77673,6.59,D,S
3525,0,1,Passenger_3524,male,27.4,0,0,91482A,,,S
3526,0,2,Passenger_3525,male,53.5,1,0,64100A,32.79,,S
3527,1,3,Passenger_3526,male,43.0,0,2,90359B,45.52,,C
3528,1,1,Passenger_3527,male,21.2,2,3,80996A,,,C
3529,1,3,Passenger_3528,female,35.2,1,0,49666C,,,S
3530,1,1,Passenger_3529,male,32.3,0,3,88258C,117.66,C,Q
3531,1,3,Passenger_3530,male,,2,3,82750,55.59,,S
3532,1,2,Passenger_3531,male,15.7,1,2,23310,44.5,,S
3533,1,3,Passenger_3532,male,35.0,3,3,99591C,10.68,B,S
3534,1,2,Passenger_3533,female,26.8,2,2,37943A,0.53,F,S
3535,1,3,Passenger_3534,female,34.0,3,0,41917C,12.09,C,C
3536,0,2,Passenger_3535,female,19.9,2,1,11702B,22.15,,S
3537,0,3,Passenger_3536,female,21.8,1,1,30058C,23.18,B,S
3538,0,3,Passenger_3537,male,46.4,0,1,24537,,,S
3539,1,1,Passenger_3538,female,15.3,0,1,91428,64.81,,S
3540,0,3,Passenger_3539,female,16.3,0,1,38544B,41.19,,Q
3541,1,3,Passenger_3540,male,29.3,0,1,61955A,88.83,,S
3542,1,1,Passenger_3541,female,19.2,2,3,47308C,12.51,,C
3543,0,2,Passenger_3542,female,17.6,0,3,12169A,21.3,,S
3544,1,1,Passenger_3543,female,31.5,0,1,20423,17.68,B,S
3545,0,3,Passenger_3544,male,8.9,2,0,18017C,77.1,,S
3546,0,3,Passenger_3545,female,,2,0,67392A,21.64,B,C
3547,0,1,Passenger_3546,male,58.8,1,3,87147,50.55,,C
3548,1,3,Passenger_3547,male,36.4,2,3,40860B,85.09,C,S
3549,0,3,Passenger_3548,male,19.5,3,1,31063C,97.98,B,C
3550,1,3,Passenger_3549,male,35.9,1,0,89601A,,,S
3551,0,3,Passenger_3550,male,37.9,1,2,76822C,63.45,F,S
3552,0,3,Passenger_3551,male,43.9,0,1,51666B,18.37,,S
3553,0,3,Passenger_3552,female,28.2,0,3,34869B,108.92,,C
3554,1,2,Passenger_3553,female,43.7,3,3,81164B,44.18,C,C
3555,1,3,Passenger_3554,female,1.5,0,3,56650,52.81,C,S
3556,1,2,Passenger_3555,male,15.2,2,2,76196A,,,S
3557,0,2,Passenger_3556,male,32.3,2,0,29562B,,B,S
3558,0,2,Passenger_3557,female,34.6,0,3,65553,56.99,D,S
3559,1,3,Passenger_3558,male,17.2,0,1,45608A,,,S
3560,1,3,Passenger_3559,female,33.6,2,2,20770B,62.39,B,C
3561,1,2,Passenger_3560,female,21.3,1,0,36627C,42.29,,S
3562,1,2,Passenger_3561,male,26.1,3,1,98481B,82.53,F,S
3563,1,2,Passenger_3562,female,44.3,3,1,62079B,,,S
3564,1,3,Passenger_3563,female,42.7,1,2,68074A,16.37,B,S
3565,0,2,Passenger_3564,male,16.0,3,2,72507,,B,Q
3566,1,3,Passenger_3565,male,15.2,0,2,41896B,55.21,,S
3567,0,2,Passenger_3566,male,24.2,0,3,63711C,81.76,D,Q
3568,0,2,Passenger_3567,male,29.6,0,0,17747C,107.38,E,S
3569,1,1,Passenger_3568,male,20.8,3,3,68697,12.2,,C
3570,1,2,Passenger_3569,male,44.6,1,2,77813C,,,S
3571,0,3,Passenger_3570,male,34.9,0,2,77192,67.14,E,S
3572,1,2,Passenger_3571,female,35.7,1,2,60812,60.35,B,S
3573,1,1,Passenger_3572,male,12.3,2,3,44531B,85.33,,C
3574,0,2,Passenger_3573,male,46.3,2,1,74009B,72.94,B,S
3575,0,2,Passenger_3574,male,-9.5,2,2,50633C,15.51,,S
3576,0,1,Passenger_3575,male,,3,3,82446A,,B,S
3577,1,2,Passenger_3576,male,43.1,3,2,70032B,,,S
3578,0,3,Passenger_3577,male,23.9,0,3,83637C,,E,S
3579,1,3,Passenger_3578,male,47.8,2,0,83603,55.02,,S
3580,0,2,Passenger_3579,female,29.1,1,0,80744B,,E,Q
3581,0,2,Passenger_3580,female,30.9,3,3,90464B,13.35,B,S
3582,0,3,Passenger_3581,male,34.8,1,2,38485,74.2,C,C
3583,1,2,Passenger_3582,male,74.6,1,3,23182C,37.8,,S
3584,1,2,Passenger_3583,female,48.8,0,0,24480A,54.13,,S
3585,0,2,Passenger_3584,female,39.8,0,3,61213C,87.29,C,Q
3586,0,2,Passenger_3585,male,17.2,1,0,55057,7.92,,S
3587,0,3,Passenger_3586,female,32.0,1,0,45061B,,C,S
3588,1,2,Passenger_3587,male,18.6,1,1,25789B,,,S
3589,0,3,Passenger_3588,male,41.5,1,2,39107A,62.44,,C
3590,1,1,Passenger_3589,female,32.0,2,3,36287C,77.05,,C
3591,0,2,Passenger_3590,female,14.3,1,2,18574B,1.81,C,S
3592,0,3,Passenger_3591,female,31.1,3,2,27467B,49.81,,S
3593,0,2,Passenger_3592,male,18.1,0,0,53477C,,C,S
3594,0,3,Passenger_3593,male,32.1,3,0,64354B,14.92,,S
3595,0,2,Passenger_3594,male,18.0,0,3,74965B,47.75,,S
3596,0,3,Passenger_3595,male,30.4,0,3,95417A,7.45,D,S
3597,1,1,Passenger_3596,female,,0,3,37251C,27.55,D,S
3598,0,3,Passenger_3597,female,29.3,3,0,54016B,37.68,C,S
3599,1,1,Passenger_3598,female,24.5,0,1,36889B,98.75,C,S
3600,0,3,Passenger_3599,female,32.8,1,3,35979A,37.55,C,C
3601,0,2,Passenger_3600,male,39.8,1,0,58741,21.75,,S
3602,1,3,Passenger_3601,female,14.5,2,1,67133A,61.49,C,S
3603,0,2,Passenger_3602,female,33.6,2,2,76939A,13.52,,S
3604,1,3,Passenger_3603,male,48.4,2,0,90318B,10.2,,S
3605,1,1,Passenger_3604,female,38.0,1,3,24020A,102.86,,S
3606,0,1,Passenger_3605,male,30.8,3,3,99059B,113.3,,S
3607,1,2,Passenger_3606,female,39.0,2,1,49210B,29.28,,S
3608,1,1,Passenger_3607,male,36.3,1,1,19275A,87.36,F,S
3609,0,1,Passenger_3608,male,40.6,0,0,43741B,62.46,D,S
3610,1,3,Passenger_3609,female,,3,1,58162C,0.52,,S
3611,0,3,Passenger_3610,female,8.3,3,0,42199A,17.52,,Q
3612,0,2,Passenger_3611,male,44.1,1,1,27572,104.29,,S
3613,0,3,Passenger_3612,male,8.9,1,2,13443C,0.06,B,Q
3614,0,3,Passenger_3613,male,35.6,0,3,81220,129.83,E,S
3615,1,2,Passenger_3614,male,25.1,0,3,76857C,30.0,F,C
3616,0,3,Passenger_3615,female,16.1,0,2,16740A,105.33,,C
3617,0,3,Passenger_3616,female,34.9,3,3,15468,39.31,,S
3618,1,3,Passenger_3617,male,32.8,3,3,89054A,78.0,,S
3619,0,2,Passenger_3618,female,,2,3,75974A,98.83,,Q
3620,0,3,Passenger_3619,male,21.3,2,3,15678,98.65,,Q
3621,1,1,Passenger_3620,female,50.2,2,2,74882,29.55,,S
3622,1,1,Passenger_3621,male,34.9,3,0,46105C,19.99,B,Q
3623,1,1,Passenger_3622,male,20.7,0,3,27371B,47.16,,S
3624,1,3,Passenger_3623,female,41.2,2,2,96532B,4.48,C,S
3625,1,3,Passenger_3624,male,37.9,0,3,95765A,58.37,C,S
3626,1,3,Passenger_3625,female,30.5,0,2,50873C,21.27,,C
3627,1,3,Passenger_3626,female,33.7,0,2,70630,87.89,,C
3628,0,2,Passenger_3627,male,21.6,2,0,33308B,30.05,,S
3629,1,1,Passenger_3628,male,18.4,2,1,41256C,10.98,D,S
3630,1,2,Passenger_3629,female,40.6,0,0,42961,,,C
3631,1,2,Passenger_3630,female,26.9,2,0,61641B,56.42,,C
3632,0,3,Passenger_3631,male,28.9,1,3,39731B,51.02,,S
3633,0,3,Passenger_3632,male,33.9,2,2,28445C,88.3,F,C
3634,1,1,Passenger_3633,female,33.7,0,1,71012,80.51,C,Q
3635,1,1,Passenger_3634,male,10.0,0,2,35970C,23.34,B,S
3636,1,1,Passenger_3635,male,48.0,3,3,21360A,34.26,,S
3637,0,2,Passenger_3636,male,31.7,3,2,64613B,11.05,,S
3638,0,3,Passenger_3637,female,27.2,0,3,42235,1.26,B,S
3639,1,3,Passenger_3638,female,36.0,1,0,83135A,70.25,F,S
3640,0,3,Passenger_3639,female,,3,0,57185,,D,C
3641,1,2,Passenger_3640,female,40.7,0,3,95171B,76.63,C,S
3642,0,2,Passenger_3641,female,37.5,3,0,58001A,94.86,,S
3643,0,1,Passenger_3642,male,40.0,3,2,94934C,77.11,,S
3644,1,3,Passenger_3643,female,48.9,0,1,49633A,80.22,C,S
3645,1,3,Passenger_3644,male,42.4,2,1,24407A,,,C
3646,1,1,Passenger_3645,female,27.8,1,2,83860,39.26,,S
3647,1,3,Passenger_3646,male,,2,1,50013B,,,S
3648,0,2,Passenger_3647,male,53.3,0,2,73948A,9.11,B,Q
3649,0,3,Passenger_3648,female,26.7,0,3,72474,53.21,C,S
3650,0,3,Passenger_3649,female,23.4,1,1,86716C,68.18,,S
3651,1,3,Passenger_3650,male,5.7,0,3,88030B,65.5,,S
3652,0,3,Passenger_3651,female,34.7,3,3,75847B,62.91,F,S
3653,1,1,Passenger_3652,male,32.1,1,2,36361C,70.96,,S
3654,0,1,Passenger_3653,male,8.8,2,1,91103A,,,S
3655,1,1,Passenger_3654,female,36.3,1,0,97474A,1.2,,S
3656,1,1,Passenger_3655,male,23.0,2,0,75657C,67.74,D,S
3657,0,3,Passenger_3656,female,67.7,0,0,59257C,59.97,C,Q
3658,1,3,Passenger_3657,male,22.0,2,0,84787B,0.74,,S
3659,1,1,Passenger_3658,female,23.9,2,2,87895,98.29,,S
3660,0,3,Passenger_3659,female,17.8,2,3,27628,68.68,,S
3661,1,1,Passenger_3660,male,47.9,1,1,33249B,1.69,,S
3662,1,2,Passenger_3661,male,24.8,3,2,46050,21.4,,Q
3663,1,2,Passenger_3662,female,19.9,2,0,95728A,30.26,B,S
3664,0,2,Passenger_3663,female,39.9,1,1,10765C,30.23,D,S
3665,0,2,Passenger_3664,male,10.7,1,2,93417C,60.26,E,S
3666,1,2,Passenger_3665,male,,3,3,47834B,15.83,,C
3667,0,2,Passenger_3666,male,54.9,1,0,36999C,,,S
3668,1,3,Passenger_3667,male,37.9,0,1,87419,86.6,B,Q
3669,1,1,Passenger_3668,male,38.9,0,1,66929,71.68,F,S
3670,1,1,Passenger_3669,male,42.2,0,0,16286,51.55,,S
3671,1,1,Passenger_3670,female,53.9,3,3,36290B,82.81,C,Q
3672,1,3,Passenger_3671,female,46.9,1,0,69587A,40.34,,C
3673,0,1,Passenger_3672,female,36.2,0,3,77881B,,C,Q
3674,1,3,Passenger_3673,female,42.7,2,1,84306C,91.65,,C
3675,0,3,Passenger_3674,female,17.6,1,0,20863A,61.11,,Q
3676,0,3,Passenger_3675,male,40.9,0,3,65189,26.06,B,Q
3677,1,3,Passenger_3676,female,15.9,1,3,48024,35.38,,S
3678,1,1,Passenger_3677,female,24.9,0,2,59430A,24.23,D,S
3679,0,1,Passenger_3678,female,-13.2,2,3,19132C,120.78,B,S
3680,0,2,Passenger_3679,male,35.6,1,0,24462B,50.14,F,S
3681,0,3,Passenger_3680,female,21.0,0,0,32323,,,S
3682,1,2,Passenger_3681,female,45.6,0,3,20067C,75.24,C,S
3683,0,1,Passenger_3682,female,35.5,2,0,71987C,7.46,D,S
3684,1,3,Passenger_3683,male,45.7,2,1,87456B,88.38,,C
3685,1,1,Passenger_3684,female,,0,1,46738C,28.73,D,Q
3686,1,3,Passenger_3685,female,44.5,0,0,41655B,114.05,,C
3687,0,3,Passenger_3686,male,,3,3,28854C,39.06,D,S
3688,1,2,Passenger_3687,female,40.7,3,1,58675C,86.32,,S
3689,1,1,Passenger_3688,male,,1,3,94811,37.39,,S
3690,1,1,Passenger_3689,female,32.4,1,0,54133,8.87,C,Q
3691,1,3,Passenger_3690,female,,3,2,73388B,,,S
3692,1,3,Passenger_3691,male,40.7,0,1,38737C,21.08,C,C
3693,0,3,Passenger_3692,male,8.9,2,0,17901C,71.03,,Q
3694,1,3,Passenger_3693,female,24.2,1,1,94869B,60.95,,S
3695,1,3,Passenger_3694,male,5.2,0,3,41811C,15.32,C,C
3696,0,1,Passenger_3695,male,,2,2,69489A,49.44,,S
3697,1,2,Passenger_3696,female,,2,2,70919A,78.23,C,S
3698,0,3,Passenger_3697,male,,0,0,50927C,23.61,D,S
3699,1,2,Passenger_3698,male,,0,1,42330A,5.43,,C
3700,0,1,Passenger_3699,female,32.4,1,2,53570,38.27,,S
3701,0,3,Passenger_3700,male,3.6,3,1,31185,50.83,B,S
3702,1,2,Passenger_3701,male,24.8,0,3,80893A,47.95,,S
3703,1,3,Passenger_3702,female,20.5,3,3,93330A,,,S
3704,1,3,Passenger_3703,female,20.8,1,0,90125,66.7,F,C
3705,0,1,Passenger_3704,female,38.4,3,2,20037B,,,S
3706,0,3,Passenger_3705,female,18.0,3,2,15420B,1.35,,C
3707,0,2,Passenger_3706,female,21.5,2,1,19779A,55.07,,S
3708,1,2,Passenger_3707,male,0.8,1,3,77062,39.25,B,S
3709,0,2,Passenger_3708,male,25.9,0,2,82623B,,E,Q
3710,0,1,Passenger_3709,male,14.8,3,0,18793C,56.1,F,S
3711,1,2,Passenger_3710,male,31.1,1,0,12149B,26.58,B,S
3712,0,1,Passenger_3711,female,,2,2,51347C,79.84,C,S
3713,0,2,Passenger_3712,female,31.5,2,0,62832C,69.72,C,S
3714,1,2,Passenger_3713,male,,3,2,89551C,21.24,B,S
3715,0,3,Passenger_3714,female,53.4,3,2,12696B,37.8,B,S
3716,1,3,Passenger_3715,male,,0,2,22626,38.4,B,S
3717,1,1,Passenger_3716,male,4.2,1,2,63303C,92.96,B,S
3718,1,2,Passenger_3717,female,12.3,0,1,54793B,57.11,,S
3719,1,2,Passenger_3718,male,30.8,0,2,41291,,,C
3720,1,1,Passenger_3719,male,17.0,2,0,43484B,32.74,D,S
3721,0,3,Passenger_3720,male,-11.6,1,3,15758,61.72,,S
3722,0,3,Passenger_3721,male,,0,1,42251,95.62,,S
3723,1,1,Passenger_3722,female,40.1,2,3,86719B,37.36,,S
3724,1,2,Passenger_3723,female,37.3,3,3,90616C,54.03,,C
3725,0,1,Passenger_3724,male,21.5,0,3,84615C,2.28,B,S
3726,1,3,Passenger_3725,male,,3,3,61641C,23.21,E,S
3727,1,1,Passenger_3726,female,20.1,1,3,81814,38.29,E,S
3728,1,3,Passenger_3727,female,32.9,0,0,67201B,12.87,D,S
3729,0,3,Passenger_3728,male,17.1,3,2,13063B,,C,C
3730,0,2,Passenger_3729,male,51.2,3,0,53147,20.67,,S
3731,1,3,Passenger_3730,female,8.0,1,1,68827A,77.54,C,S
3732,1,3,Passenger_3731,female,47.3,2,0,93657A,56.54,,C
3733,0,3,Passenger_3732,male,30.5,2,1,36484C,51.08,,C
3734,0,1,Passenger_3733,female,23.1,0,2,69321,102.02,,Q
3735,1,2,Passenger_3734,male,32.3,3,3,59127C,29.12,B,S
3736,1,3,Passenger_3735,male,40.3,2,2,25828,43.13,,S
3737,0,3,Passenger_3736,male,49.1,0,0,14957,12.19,B,C
3738,0,3,Passenger_3737,female,34.4,3,0,68580C,18.65,B,S
3739,0,3,Passenger_3738,male,17.5,0,2,68550A,8.18,,C
3740,1,3,Passenger_3739,male,30.8,1,2,88348,50.6,D,S
3741,0,3,Passenger_3740,male,55.4,0,0,85495B,24.61,F,S
3742,1,1,Passenger_3741,female,48.9,1,2,25383A,81.38,,S
3743,0,3,Passenger_3742,male,42.7,3,1,37780B,42.52,C,C
3744,0,3,Passenger_3743,male,41.1,3,1,29389C,,,S
3745,0,3,Passenger_3744,male,39.8,3,0,55081C,38.79,,C
3746,0,3,Passenger_3745,female,46.2,0,0,23095B,46.55,,S
3747,1,1,Passenger_3746,male,23.6,3,2,36634,35.35,,Q
3748,1,3,Passenger_3747,male,11.0,3,2,13677,20.21,,S
3749,0,3,Passenger_3748,male,31.0,1,3,57873A,84.62,,S
3750,1,1,Passenger_3749,female,18.6,3,1,82870A,28.16,F,S
3751,0,2,Passenger_3750,male,,3,0,69798A,36.58,,S
3752,0,1,Passenger_3751,female,19.9,3,0,84569A,,,S
3753,0,2,Passenger_3752,female,64.8,2,0,75820,61.16,,Q
3754,0,1,Passenger_3753,female,31.9,3,0,97651,18.73,B,S
3755,1,2,Passenger_3754,male,35.1,0,3,94355,76.42,C,S
3756,0,3,Passenger_3755,female,12.9,1,1,88248B,68.82,,S
3757,0,3,Passenger_3756,male,4.2,3,3,42297,56.23,B,S
3758,1,3,Passenger_3757,male,18.5,0,1,32968,,,S
3759,0,3,Passenger_3758,female,50.1,1,0,63603C,,,S
3760,0,2,Passenger_3759,male,34.7,1,1,83291B,42.94,D,S
3761,0,1,Passenger_3760,male,38.4,0,0,92187,6.89,,C
3762,1,3,Passenger_3761,male,,0,3,33519A,48.63,C,S
3763,0,1,Passenger_3762,female,,2,1,79695B,81.22,,Q
3764,1,3,Passenger_3763,male,49.4,2,2,20780C,80.67,C,S
3765,0,3,Passenger_3764,female,21.1,3,1,18661,36.67,E,C
3766,0,3,Passenger_3765,female,49.7,2,0,38512,87.24,,Q
3767,1,3,Passenger_3766,female,36.2,0,2,52983B,116.71,,Q
3768,0,1,Passenger_3767,male,5.0,2,0,58719B,38.93,C,S
3769,0,2,Passenger_3768,female,19.5,1,2,85788B,74.2,E,C
3770,1,3,Passenger_3769,male,5.0,0,2,35456C,29.2,B,S
3771,1,2,Passenger_3770,male,,3,1,68095B,5.96,D,Q
3772,1,3,Passenger_3771,male,29.7,1,1,37945C,,,S
3773,1,1,Passenger_3772,male,-1.2,1,2,80363,14.76,C,C
3774,1,3,Passenger_3773,male,35.3,1,2,88439,121.37,,C
3775,0,3,Passenger_3774,male,22.5,0,2,40103A,70.93,,S
3776,1,3,Passenger_3775,male,9.2,0,0,44843A,83.8,,S
3777,0,2,Passenger_3776,male,53.5,3,1,89726A,,,S
3778,0,2,Passenger_3777,female,31.5,2,0,41869,14.89,,S
3779,0,3,Passenger_3778,female,25.9,2,1,57852B,31.84,,C
3780,1,1,Passenger_3779,female,24.4,2,3,57491A,58.9,,C
3781,1,3,Passenger_3780,male,,2,0,57369A,27.67,,S
3782,0,3,Passenger_3781,male,11.7,1,1,84531A,73.49,F,S
3783,1,3,Passenger_3782,female,48.0,0,2,57331,74.9,,S
3784,1,3,Passenger_3783,male,,2,2,16521,50.17,,Q
3785,1,2,Passenger_3784,female,30.3,1,1,62871C,13.9,,S
3786,1,3,Passenger_3785,male,1.4,0,2,47539A,110.02,,C
3787,0,3,Passenger_3786,female,11.5,0,2,55226,42.56,,S
3788,0,2,Passenger_3787,male,38.5,0,3,81332A,144.82,,Q
3789,1,3,Passenger_3788,male,35.3,1,3,13293B,72.84,C,S
3790,0,2,Passenger_3789,female,54.5,2,3,13459,42.65,,S
3791,1,1,Passenger_3790,male,,0,0,79760,65.67,D,S
3792,1,2,Passenger_3791,male,26.8,1,3,98283A,20.67,E,C
3793,0,3,Passenger_3792,male,36.6,0,3,63719,85.91,,C
3794,0,2,Passenger_3793,female,25.6,3,3,85253,139.84,,S
3795,0,3,Passenger_3794,male,58.8,3,1,81773,23.12,,S
3796,1,3,Passenger_3795,male,46.1,1,2,19236B,39.94,E,S
3797,0,2,Passenger_3796,male,32.4,2,1,56927,46.31,,C
3798,1,1,Passenger_3797,male,,2,3,28251,80.63,C,S
3799,0,3,Passenger_3798,female,50.2,0,0,97321,123.71,F,S
3800,0,2,Passenger_3799,male,38.1,2,1,23850A,63.4,,S
3801,1,3,Passenger_3800,male,51.8,2,3,56003C,124.96,,S
3802,1,2,Passenger_3801,male,-0.7,3,0,14949B,55.97,F,Q
3803,1,2,Passenger_3802,male,36.5,1,0,82108B,65.8,B,C
3804,1,3,Passenger_3803,male,22.8,3,0,39733C,61.49,,S
3805,1,2,Passenger_3804,male,54.6,1,2,88125C,92.71,,C
3806,1,2,Passenger_3805,male,51.6,0,0,85650B,35.22,,C
3807,1,2,Passenger_3806,female,,3,3,81420A,78.64,D,C
3808,1,2,Passenger_3807,male,51.5,1,1,87997C,6.92,C,S
3809,0,3,Passenger_3808,female,55.0,2,1,92009,,,S
3810,1,3,Passenger_3809,male,31.0,1,3,57904C,27.71,F,S
3811,1,2,Passenger_3810,male,64.6,2,2,90957C,53.08,,S
3812,0,3,Passenger_3811,male,29.6,0,2,15224C,38.94,,S
3813,1,3,Passenger_3812,male,,2,0,48349C,89.62,,C
3814,0,2,Passenger_3813,female,42.1,1,3,63330,19.25,,S
3815,0,2,Passenger_3814,female,25.0,3,0,79015B,10.6,,S
3816,1,3,Passenger_3815,female,31.2,1,0,68984A,,,S
3817,0,3,Passenger_3816,female,49.7,3,3,45401C,84.8,D,C
3818,1,3,Passenger_3817,male,30.3,1,2,79037B,16.07,B,C
3819,0,3,Passenger_3818,male,6.3,1,2,18765A,63.92,,S
3820,0,1,Passenger_3819,female,35.1,0,1,66398B,39.68,,C
3821,0,3,Passenger_3820,female,20.3,2,3,46928A,78.85,D,S
3822,1,3,Passenger_3821,male,42.1,1,0,46819C,41.92,C,C
3823,1,3,Passenger_3822,male,39.7,3,3,64337C,146.75,B,C
3824,0,2,Passenger_3823,male,50.6,2,0,66527B,116.43,,S
3825,0,1,Passenger_3824,female,42.7,0,1,89068,38.97,B,S
3826,1,1,Passenger_3825,male,45.3,2,1,47752,34.18,,S
3827,1,3,Passenger_3826,male,20.6,1,1,74446B,159.63,,S
3828,0,2,Passenger_3827,male,41.3,3,1,49605C,12.24,,S
3829,0,2,Passenger_3828,female,57.6,3,0,56500,48.07,C,S
3830,1,1,Passenger_3829,male,20.4,2,2,18715C,50.79,,S
3831,1,1,Passenger_3830,female,55.2,3,0,90275C,49.92,,S
3832,1,3,Passenger_3831,male,22.3,1,1,42341,10.85,C,C
3833,1,3,Passenger_3832,female,18.1,3,2,21590B,67.38,E,Q
3834,1,3,Passenger_3833,female,,3,3,11023,16.04,,S
3835,0,2,Passenger_3834,male,40.0,3,0,34897B,100.26,,S
3836,1,3,Passenger_3835,male,42.8,1,3,86854,0.96,B,S
3837,0,1,Passenger_3836,male,16.5,0,1,41575C,52.08,,C
3838,1,1,Passenger_3837,male,36.1,3,3,71619,27.56,F,Q
3839,0,2,Passenger_3838,female,20.4,0,2,70324B,,,S
3840,1,2,Passenger_3839,male,9.2,2,2,76820C,20.62,,S
3841,1,2,Passenger_3840,male,,2,2,24466B,25.56,B,S
3842,0,3,Passenger_3841,male,19.5,1,0,76439B,101.3,D,S
3843,0,3,Passenger_3842,male,37.3,1,3,26365C,48.58,,S
3844,1,3,Passenger_3843,female,46.1,1,3,25971A,95.23,,S
3845,1,2,Passenger_3844,male,9.4,1,3,53475,36.71,,S
3846,1,1,Passenger_3845,female,34.9,0,1,43180B,71.21,,C
3847,1,2,Passenger_3846,female,13.5,1,0,82175A,24.61,B,S
3848,1,3,Passenger_3847,male,38.8,0,0,61567C,,,S
3849,0,3,Passenger_3848,male,21.3,3,3,41356,13.73,C,S
3850,0,3,Passenger_3849,female,,3,0,36140C,61.75,,S
3851,1,1,Passenger_3850,male,,2,3,67824B,59.17,,Q
3852,0,3,Passenger_3851,male,,2,3,86003A,77.21,,S
3853,0,1,Passenger_3852,male,25.6,0,3,87568,57.52,,S
3854,0,3,Passenger_3853,male,-1.1,1,2,90662C,120.92,C,S
3855,1,3,Passenger_3854,female,,2,1,54703,56.16,B,C
3856,0,3,Passenger_3855,male,41.5,0,0,22805A,84.71,F,C
3857,1,3,Passenger_3856,male,30.1,2,1,14400C,38.66,,S
3858,0,2,Passenger_3857,female,8.6,1,2,92100B,,,S
3859,1,3,Passenger_3858,female,46.9,0,0,76300,,,S
3860,0,3,Passenger_3859,male,20.7,2,3,73674C,46.88,,S
3861,1,1,Passenger_3860,female,23.7,1,1,26175C,79.12,B,S
3862,1,2,Passenger_3861,male,62.4,0,2,70123,62.35,C,S
3863,0,2,Passenger_3862,female,20.1,0,0,36947C,22.24,B,S
3864,1,2,Passenger_3863,male,40.4,0,0,96958C,87.6,,S
3865,1,2,Passenger_3864,male,37.9,3,1,82335B,19.51,,S
3866,1,3,Passenger_3865,female,35.5,0,1,90045C,71.89,D,S
3867,1,2,Passenger_3866,male,33.9,2,0,39356A,94.86,,S
3868,1,1,Passenger_3867,female,35.3,0,0,28840B,36.54,D,S
3869,1,3,Passenger_3868,male,33.8,0,2,60498,90.46,D,Q
3870,1,3,Passenger_3869,female,29.3,0,3,16997C,63.92,,S
3871,1,3,Passenger_3870,female,51.2,0,3,46900B,79.82,E,C
3872,0,2,Passenger_3871,male,11.6,0,2,10538,20.71,,S
3873,0,3,Passenger_3872,female,44.3,3,0,40593,,,C
3874,1,3,Passenger_3873,male,41.5,1,1,65573A,,B,C
3875,1,2,Passenger_3874,female,39.8,3,1,68384,109.9,,S
3876,0,1,Passenger_3875,male,45.6,2,0,94092,20.49,,S
3877,0,3,Passenger_3876,female,28.7,1,2,45027,37.58,,S
3878,0,3,Passenger_3877,male,,2,0,41468C,17.39,B,S
3879,1,3,Passenger_3878,male,29.0,0,1,84227C,73.61,B,S
3880,0,3,Passenger_3879,male,16.1,2,0,73175A,117.34,C,S
3881,1,3,Passenger_3880,male,19.8,3,0,99268A,72.92,C,S
3882,1,3,Passenger_3881,female,12.6,3,2,46481A,153.64,,S
3883,0,1,Passenger_3882,female,23.3,0,3,43978,1.77,C,Q
3884,1,2,Passenger_3883,female,21.6,0,1,58866B,4.46,F,S
3885,1,2,Passenger_3884,male,-3.3,1,1,85714,18.74,,S
3886,1,3,Passenger_3885,male,39.8,3,0,93411A,54.24,,S
3887,1,3,Passenger_3886,male,,3,1,42441C,,B,Q
3888,0,3,Passenger_3887,female,,1,1,25620A,,E,S
3889,0,2,Passenger_3888,female,27.2,3,3,62200,71.72,B,S
3890,1,3,Passenger_3889,male,29.2,1,1,41589C,6.63,B,S
3891,1,1,Passenger_3890,male,24.1,3,1,62086C,10.34,,S
3892,0,2,Passenger_3891,male,31.3,2,2,44585B,36.05,,S
3893,1,3,Passenger_3892,female,29.5,2,2,47087,39.34,C,S
3894,0,3,Passenger_3893,female,18.2,1,2,17231C,85.35,E,S
3895,1,3,Passenger_3894,female,53.6,1,2,78413,18.48,B,S
3896,1,2,Passenger_3895,male,9.2,0,2,11147B,24.79,,Q
3897,0,2,Passenger_3896,female,40.1,3,3,59389C,70.36,,Q
3898,0,2,Passenger_3897,female,28.6,2,1,17609,78.05,,S
3899,0,2,Passenger_3898,male,56.6,0,0,19737,100.01,B,C
3900,0,3,Passenger_3899,male,34.8,3,3,50902C,66.42,,S
3901,1,3,Passenger_3900,male,,2,0,68330,54.56,,S
3902,0,3,Passenger_3901,male,26.5,3,2,54686C,70.13,B,S
3903,1,2,Passenger_3902,female,30.6,1,1,58581B,40.64,,Q
3904,0,3,Passenger_3903,male,14.0,2,2,59874,40.38,,S
3905,0,1,Passenger_3904,female,19.3,2,3,95747C,12.09,,S
3906,1,3,Passenger_3905,male,5.0,0,0,96205,81.27,,S
3907,0,2,Passenger_3906,male,17.1,3,1,32065A,57.4,C,S
3908,0,2,Passenger_3907,male,31.3,1,3,47429B,77.2,D,Q
3909,0,3,Passenger_3908,male,34.2,1,3,94703,48.55,F,S
3910,0,3,Passenger_3909,male,2.3,3,1,20087C,48.35,C,S
3911,1,1,Passenger_3910,male,28.1,3,1,48729A,20.04,,Q
3912,1,2,Passenger_3911,male,,1,3,69460A,102.55,,S
3913,0,3,Passenger_3912,male,27.7,3,0,67398A,71.5,,S
3914,0,2,Passenger_3913,male,21.1,0,0,82620A,58.2,,C
3915,0,1,Passenger_3914,male,24.2,3,3,29163,34.88,,S
3916,1,2,Passenger_3915,male,22.4,0,3,78205A,63.9,C,S
3917,1,2,Passenger_3916,female,21.1,0,2,76544A,17.51,C,S
3918,1,3,Passenger_3917,male,32.4,3,2,25523C,46.51,,Q
3919,1,3,Passenger_3918,female,62.3,2,0,55307,29.76,,S
3920,0,3,Passenger_3919,male,19.6,2,2,46207C,129.33,E,S
3921,0,3,Passenger_3920,female,25.5,0,0,94833,101.45,,C
3922,0,2,Passenger_3921,male,,3,1,11006C,87.21,,S
3923,1,1,Passenger_3922,female,20.4,0,2,93063A,2.16,,S
3924,0,2,Passenger_3923,male,45.4,3,0,24027A,80.25,B,S
3925,1,2,Passenger_3924,female,-3.2,3,0,87977C,56.57,,S
3926,1,1,Passenger_3925,male,22.6,1,3,40189B,92.82,E,S
3927,0,3,Passenger_3926,male,41.5,2,0,22812A,61.28,,Q
3928,0,3,Passenger_3927,female,25.9,2,2,50218B,49.76,B,S
3929,0,2,Passenger_3928,male,18.5,1,3,36633,58.18,,S
3930,1,3,Passenger_3929,male,36.2,1,3,20072C,,,Q
3931,1,3,Passenger_3930,male,42.7,1,2,84382C,23.14,C,C
3932,0,3,Passenger_3931,female,32.9,0,1,36775,63.07,,S
3933,0,3,Passenger_3932,female,,0,2,62400,89.88,,S
3934,1,3,Passenger_3933,male,,0,2,39552C,30.73,,S
3935,0,3,Passenger_3934,female,24.4,0,3,72017B,48.57,E,S
3936,1,3,Passenger_3935,male,40.4,0,2,92945A,,,C
3937,1,3,Passenger_3936,male,50.8,2,1,56075,101.08,F,S
3938,0,1,Passenger_3937,female,-6.5,2,1,84095C,88.98,C,C
3939,0,1,Passenger_3938,female,31.6,3,1,86380B,72.82,,S
3940,0,3,Passenger_3939,female,5.7,2,3,47343A,64.24,C,C
3941,0,2,Passenger_3940,male,64.2,1,2,33831,104.34,D,S
3942,1,1,Passenger_3941,male,23.4,2,0,46877,21.82,,S
3943,1,3,Passenger_3942,male,40.4,1,2,55197,18.04,C,S
3944,1,1,Passenger_3943,male,29.5,2,1,71035B,87.15,,S
3945,0,3,Passenger_3944,male,18.8,0,2,11782A,84.8,,C
3946,1,3,Passenger_3945,female,17.1,2,3,52167A,8.23,,S
3947,0,3,Passenger_3946,female,52.2,3,2,69687,31.4,B,C
3948,0,2,Passenger_3947,male,43.4,0,3,57855B,109.12,,S
3949,0,1,Passenger_3948,male,57.2,0,0,90134C,64.41,,Q
3950,0,3,Passenger_3949,female,30.8,3,0,20616A,,,S
3951,0,3,Passenger_3950,male,34.0,2,3,74579C,9.43,,S
3952,0,3,Passenger_3951,female,26.3,2,2,43238B,72.98,C,C
3953,1,2,Passenger_3952,male,,3,1,85822C,0.32,C,S
3954,0,2,Passenger_3953,male,15.4,0,3,62281B,19.29,,S
3955,1,3,Passenger_3954,female,,3,2,60465C,75.44,,S
3956,1,1,Passenger_3955,male,19.0,1,2,38091C,,E,S
3957,0,3,Passenger_3956,male,36.2,1,2,68431C,41.12,D,Q
3958,0,2,Passenger_3957,male,32.4,2,1,56739,30.87,,C
3959,0,1,Passenger_3958,female,34.0,0,1,71025C,109.88,,Q
3960,1,2,Passenger_3959,female,53.5,1,1,43050B,43.18,,S
3961,0,2,Passenger_3960,male,29.5,3,3,74811A,47.7,,S
3962,1,3,Passenger_3961,male,40.6,2,3,12733,109.29,B,S
3963,0,3,Passenger_3962,female,58.7,2,1,94277,,B,S
3964,0,2,Passenger_3963,male,48.3,0,3,22010C,27.11,,C
3965,1,3,Passenger_3964,female,46.1,1,1,85500B,78.54,,S
3966,1,1,Passenger_3965,male,25.7,2,3,34373C,25.09,C,S
3967,0,3,Passenger_3966,male,33.2,3,2,76323,44.94,B,S
3968,1,1,Passenger_3967,female,11.5,1,1,34618A,3.83,,S
3969,1,3,Passenger_3968,male,37.0,2,3,55256C,56.49,D,C
3970,1,3,Passenger_3969,female,,2,2,75243A,,,C
3971,1,3,Passenger_3970,male,30.3,1,2,63473B,83.88,,S
3972,1,3,Passenger_3971,male,44.4,1,3,96648A,80.0,,C
3973,0,3,Passenger_3972,female,,0,2,13410C,69.3,,S
3974,0,3,Passenger_3973,male,52.9,3,0,86721,63.8,B,S
3975,1,3,Passenger_3974,female,42.6,0,1,53201B,47.44,,S
3976,0,3,Passenger_3975,male,29.0,0,1,63020A,71.33,C,S
3977,0,3,Passenger_3976,female,27.9,3,2,30909,11.07,,S
3978,1,1,Passenger_3977,female,36.7,3,3,17898C,32.21,,S
3979,0,3,Passenger_3978,male,51.3,0,0,51904C,90.67,B,S
3980,1,1,Passenger_3979,female,31.4,1,3,89752A,73.6,B,S
3981,1,3,Passenger_3980,female,32.0,3,1,36399B,45.56,C,S
3982,0,2,Passenger_3981,male,30.3,0,2,38474,87.61,,S
3983,1,3,Passenger_3982,male,54.9,1,0,87934,,C,S
3984,1,1,Passenger_3983,male,24.8,2,2,29309C,25.31,,C
3985,1,1,Passenger_3984,male,29.6,1,0,51955C,20.46,,S
3986,1,2,Passenger_3985,male,50.5,0,2,99117C,69.87,,S
3987,1,3,Passenger_3986,male,32.1,3,3,24287C,5.4,,S
3988,0,2,Passenger_3987,male,45.9,1,1,18541B,23.16,D,C
3989,0,2,Passenger_3988,female,17.2,1,2,53937A,60.14,,S
3990,1,3,Passenger_3989,male,,1,2,50149C,,C,S
3991,1,3,Passenger_3990,female,50.8,3,0,77902C,26.89,C,S
3992,0,2,Passenger_3991,male,20.5,3,3,49796A,27.4,E,S
3993,1,2,Passenger_3992,male,27.9,1,3,72759C,71.2,,Q
3994,0,2,Passenger_3993,female,33.6,1,0,16041B,25.93,C,S
3995,1,3,Passenger_3994,male,16.2,0,3,14174B,11.53,,S
3996,1,1,Passenger_3995,male,24.2,3,1,72933,4.67,D,Q
3997,1,2,Passenger_3996,male,31.6,1,2,98262C,35.36,,S
3998,1,1,Passenger_3997,male,30.7,3,0,13303B,5.31,,S
3999,1,2,Passenger_3998,male,47.9,3,3,37177,117.98,,S
4000,1,3,Passenger_3999,female,51.6,3,1,19890A,33.47,,S
4001,1,2,Passenger_4000,male,,0,1,36806A,34.23,,S
4002,0,1,Passenger_4001,female,31.6,2,3,37230C,53.74,E,S
4003,0,2,Passenger_4002,female,39.4,3,3,26466A,22.86,F,C
4004,0,1,Passenger_4003,male,51.2,3,0,65912A,57.42,,C
4005,1,1,Passenger_4004,male,40.1,1,3,17375B,22.01,B,S
4006,1,3,Passenger_4005,female,34.1,3,0,33108A,103.55,C,S
4007,1,3,Passenger_4006,female,39.3,2,2,27851A,10.84,D,S
4008,1,3,Passenger_4007,male,39.4,3,1,25188B,32.29,,S
4009,1,3,Passenger_4008,male,17.0,0,0,15489C,4.55,B,S
4010,1,3,Passenger_4009,male,32.7,1,1,84519,63.53,C,S
4011,1,1,Passenger_4010,male,50.4,2,2,18695C,,B,S
4012,0,3,Passenger_4011,male,27.1,0,3,10230B,,,S
4013,1,3,Passenger_4012,female,31.8,2,0,42103C,67.56,,S
4014,0,3,Passenger_4013,male,26.6,1,3,36350C,27.73,,Q
4015,0,3,Passenger_4014,female,-2.4,3,1,61408C,32.88,D,Q
4016,1,2,Passenger_4015,female,30.3,1,0,59535,36.51,,S
4017,1,3,Passenger_4016,male,34.2,1,2,40238B,115.95,F,S
4018,0,3,Passenger_4017,male,22.8,3,2,27144,74.18,,S
4019,0,3,Passenger_4018,female,13.8,0,3,95872C,116.21,,S
4020,1,1,Passenger_4019,female,17.7,2,2,93216C,79.43,,C
4021,1,2,Passenger_4020,female,40.7,0,2,94067C,47.77,,S
4022,0,2,Passenger_4021,male,57.6,3,3,26992,14.32,,C
4023,1,3,Passenger_4022,male,,2,3,85978A,57.05,,C
4024,1,1,Passenger_4023,male,11.2,3,0,39893,47.87,D,S
4025,1,1,Passenger_4024,male,42.0,0,0,99236A,,,S
4026,0,3,Passenger_4025,female,20.7,1,3,23042B,42.68,,S
4027,0,1,Passenger_4026,male,21.8,2,1,23494,21.84,,S
4028,0,3,Passenger_4027,female,23.5,3,1,49248B,,,S
4029,1,2,Passenger_4028,male,39.9,2,0,44762B,48.23,,S
4030,1,3,Passenger_4029,female,43.4,2,0,83304B,0.5,E,S
4031,0,3,Passenger_4030,female,28.6,0,3,11011,66.86,,S
4032,0,3,Passenger_4031,male,28.9,1,1,71382A,,C,S
4033,0,3,Passenger_4032,female,36.5,2,3,46836B,69.67,,C
4034,1,1,Passenger_4033,male,,0,0,71613C,,,S
4035,0,1,Passenger_4034,male,46.5,2,2,34281C,85.69,,S
4036,0,2,Passenger_4035,female,,1,2,25948,44.37,,S
4037,1,3,Passenger_4036,female,30.3,2,2,20236,35.52,,C
4038,1,3,Passenger_4037,male,15.0,1,3,74589A,28.11,,S
4039,1,2,Passenger_4038,male,29.3,0,1,35800,24.71,D,S
4040,0,3,Passenger_4039,female,26.8,0,0,14178A,49.4,,S
4041,1,1,Passenger_4040,female,29.3,1,1,23276A,42.67,C,C
4042,1,3,Passenger_4041,male,18.8,1,1,16149A,,,S
4043,0,3,Passenger_4042,female,9.2,0,0,93672C,9.97,,S
4044,1,2,Passenger_4043,male,0.7,1,1,63781A,46.19,,S
4045,0,2,Passenger_4044,male,28.2,1,2,53962A,34.8,F,S
4046,0,1,Passenger_4045,male,24.0,3,0,14546A,10.05,F,S
4047,1,3,Passenger_4046,male,20.5,2,2,25361,,E,C
4048,1,3,Passenger_4047,female,48.5,0,3,64165C,112.02,,C
4049,1,1,Passenger_4048,male,18.0,0,2,50372B,83.69,,S
4050,1,2,Passenger_4049,female,49.8,3,3,46782,24.79,C,S
4051,1,2,Passenger_4050,male,52.7,1,3,10982,48.24,,S
4052,1,3,Passenger_4051,female,2.7,1,0,84060,103.92,E,Q
4053,0,3,Passenger_4052,female,31.3,1,2,82289B,8.92,,S
4054,0,1,Passenger_4053,female,24.4,0,2,50508,77.39,,S
4055,1,3,Passenger_4054,female,,3,2,48794B,0.68,B,S
4056,0,3,Passenger_4055,male,9.8,2,0,79131,,B,C
4057,1,2,Passenger_4056,female,40.8,3,3,37238,34.94,,S
4058,0,1,Passenger_4057,female,,0,3,56086C,128.02,,S
4059,0,3,Passenger_4058,male,42.6,2,3,37639C,110.48,,Q
4060,0,3,Passenger_4059,female,,1,0,76689C,46.27,C,S
4061,1,2,Passenger_4060,male,29.7,3,0,67440A,24.82,,S
4062,0,2,Passenger_4061,male,53.6,3,1,48172,56.82,D,S
4063,1,1,Passenger_4062,female,60.1,0,2,48060,43.69,,S
4064,0,3,Passenger_4063,male,21.8,3,3,63350,35.95,,S
4065,0,1,Passenger_4064,female,2.0,2,1,62848C,8.03,,S
4066,0,2,Passenger_4065,male,0.6,3,1,95122C,31.99,F,C
4067,0,3,Passenger_4066,male,48.5,0,2,26690,,,C
4068,0,3,Passenger_4067,male,29.3,3,0,16663B,69.31,,Q
4069,1,2,Passenger_4068,male,32.6,2,1,16189B,84.69,,S
4070,1,2,Passenger_4069,female,4.9,2,0,13589,75.92,B,C
4071,0,3,Passenger_4070,male,19.5,0,0,50104B,61.98,B,S
4072,0,1,Passenger_4071,male,25.9,1,2,97028C,20.15,C,S
4073,0,1,Passenger_4072,male,32.9,0,1,12162C,57.19,,S
4074,0,3,Passenger_4073,male,24.4,1,3,33093,77.75,,S
4075,1,1,Passenger_4074,female,15.5,2,1,15167,29.48,,S
4076,0,3,Passenger_4075,male,19.0,3,3,29525,54.16,,C
4077,1,3,Passenger_4076,female,46.9,3,3,30987C,44.91,,S
4078,0,2,Passenger_4077,female,33.4,2,0,79166A,108.18,,S
4079,1,2,Passenger_4078,female,38.6,0,3,62861,,,S
4080,0,3,Passenger_4079,female,17.4,3,2,36264A,71.32,C,S
4081,0,3,Passenger_4080,male,-11.4,0,1,82799,10.08,,C
4082,1,3,Passenger_4081,male,22.7,3,0,13764,56.05,,S
4083,0,3,Passenger_4082,female,17.9,1,0,34937A,44.57,,S
4084,0,1,Passenger_4083,female,34.9,3,3,62713C,44.27,B,C
4085,0,3,Passenger_4084,female,76.0,1,0,47675C,,B,S
4086,1,2,Passenger_4085,female,39.7,3,2,80504B,11.93,,C
4087,0,2,Passenger_4086,male,68.3,3,2,24202,47.62,C,S
4088,0,1,Passenger_4087,male,38.0,3,0,79619,89.0,,S
4089,1,1,Passenger_4088,female,21.2,3,0,26492,29.33,E,S
4090,1,3,Passenger_4089,female,,3,2,76767A,36.0,D,S
4091,1,2,Passenger_4090,male,54.9,0,3,75776C,112.34,,C
4092,0,2,Passenger_4091,female,55.6,1,0,58215C,39.61,,S
4093,0,2,Passenger_4092,male,,1,3,36617B,45.49,D,S
4094,0,3,Passenger_4093,male,33.5,3,0,65873A,45.97,,C
4095,1,3,Passenger_4094,female,10.0,0,2,65206A,2.91,,S
4096,0,2,Passenger_4095,female,41.5,0,0,64758,70.01,,Q
4097,0,1,Passenger_4096,male,51.7,2,0,52908A,27.15,,S
4098,1,2,Passenger_4097,male,30.6,2,0,36071B,48.95,B,C
4099,1,3,Passenger_4098,male,20.7,0,2,85806,65.55,,S
4100,1,3,Passenger_4099,female,35.0,2,2,29830B,117.99,B,Q
4101,1,3,Passenger_4100,male,35.8,1,2,91806,3.88,C,S
4102,1,3,Passenger_4101,female,31.1,0,1,83363,80.27,,S
4103,0,2,Passenger_4102,female,,2,1,37324A,,B,S
4104,1,3,Passenger_4103,female,27.6,0,1,78459B,27.66,,S
4105,0,3,Passenger_4104,male,43.9,2,1,92728A,70.98,,C
4106,0,1,Passenger_4105,female,40.3,0,2,88422C,107.52,,Q
4107,1,1,Passenger_4106,male,16.2,3,0,48703C,23.23,B,S
4108,1,3,Passenger_4107,male,15.9,1,2,30614,58.45,,S
4109,1,3,Passenger_4108,male,26.4,2,1,27066,64.17,B,S
4110,0,2,Passenger_4109,male,40.3,3,3,42891B,68.7,,S
4111,1,3,Passenger_4110,female,32.1,0,3,50882C,76.93,,C
4112,1,3,Passenger_4111,male,21.0,3,2,49293C,55.82,,S
4113,1,2,Passenger_4112,male,33.7,1,0,96586A,67.97,,Q
4114,1,1,Passenger_4113,female,25.4,2,1,29229C,18.1,,Q
4115,1,1,Passenger_4114,male,42.3,2,0,52886,,,Q
4116,0,3,Passenger_4115,female,34.7,0,0,72742,33.33,,S
4117,0,1,Passenger_4116,male,,1,0,89686B,6.96,,S
4118,0,2,Passenger_4117,male,33.2,3,1,59121,32.18,,C
4119,1,3,Passenger_4118,female,48.4,0,2,34116C,59.43,,C
4120,1,3,Passenger_4119,male,22.0,2,1,23672A,65.25,D,C
4121,1,1,Passenger_4120,male,35.6,3,1,84928A,5.6,,S
4122,0,2,Passenger_4121,male,29.0,0,2,56190B,17.18,D,S
4123,1,2,Passenger_4122,male,36.0,3,2,84346A,,,S
4124,1,3,Passenger_4123,male,20.8,3,2,57659C,67.79,,S
4125,1,3,Passenger_4124,male,31.5,0,3,22924,81.05,,S
4126,0,1,Passenger_4125,male,45.5,3,3,74966A,97.87,,Q
4127,1,3,Passenger_4126,female,16.9,3,2,38468,68.83,,Q
4128,0,3,Passenger_4127,male,11.4,1,0,71654B,35.48,B,S
4129,1,3,Passenger_4128,male,11.9,1,3,67962,54.02,,S
4130,0,3,Passenger_4129,male,13.6,2,1,26664B,108.1,F,S
4131,0,2,Passenger_4130,female,38.3,1,1,54337A,146.76,,C
4132,0,1,Passenger_4131,female,10.3,0,3,26205C,66.21,D,S
4133,1,3,Passenger_4132,female,25.8,3,1,61111B,68.74,,C
4134,1,3,Passenger_4133,female,,2,2,80719,75.4,E,C
4135,0,3,Passenger_4134,male,35.8,1,1,30744B,50.83,C,S
4136,0,2,Passenger_4135,male,24.6,3,3,18359C,90.73,C,C
4137,1,3,Passenger_4136,female,32.7,0,0,44934C,85.28,C,C
4138,1,3,Passenger_4137,female,31.5,3,1,74737B,62.4,C,C
4139,0,1,Passenger_4138,male,26.9,0,1,65424C,38.87,,C
4140,1,2,Passenger_4139,male,27.0,3,0,31566C,3.22,,Q
4141,1,3,Passenger_4140,female,61.3,2,3,68641B,75.63,C,Q
4142,1,3,Passenger_4141,female,41.3,2,0,56064A,,,S
4143,1,2,Passenger_4142,male,64.7,1,1,80163,24.18,,S
4144,0,3,Passenger_4143,female,23.0,1,3,82239,10.45,C,S
4145,1,2,Passenger_4144,male,28.8,3,2,61765B,,E,S
4146,1,2,Passenger_4145,male,11.4,3,3,44904,,,Q
4147,0,3,Passenger_4146,male,18.7,1,3,73205C,60.49,C,C
4148,0,3,Passenger_4147,male,56.6,1,2,92169A,79.52,C,S
4149,1,3,Passenger_4148,male,22.7,3,3,70294C,69.25,,S
4150,1,3,Passenger_4149,female,56.9,3,1,13018A,36.32,,C
4151,1,1,Passenger_4150,male,12.6,3,1,77751B,6.27,F,S
4152,1,3,Passenger_4151,male,,2,1,93716A,70.55,,S
4153,0,2,Passenger_4152,male,25.2,0,1,91406C,92.02,,C
4154,0,1,Passenger_4153,male,29.1,0,2,10296,29.95,,S
4155,0,2,Passenger_4154,female,42.9,1,1,24578A,67.74,D,S
4156,1,2,Passenger_4155,female,36.3,2,3,23554B,105.35,,S
4157,1,2,Passenger_4156,female,24.2,3,0,31585B,61.86,,C
4158,1,2,Passenger_4157,female,28.1,3,2,13546C,36.11,C,C
4159,1,1,Passenger_4158,male,25.5,1,2,37703A,86.43,,S
4160,0,2,Passenger_4159,male,17.2,1,0,13664B,24.19,E,C
4161,0,3,Passenger_4160,female,17.6,2,1,41099C,4.56,D,C
4162,1,2,Passenger_4161,female,,0,1,92015A,78.43,,S
4163,0,2,Passenger_4162,female,4.4,0,3,52319A,35.78,,C
4164,1,3,Passenger_4163,female,52.6,3,1,16140,38.92,C,S
4165,1,3,Passenger_4164,female,25.2,1,1,93272,,,S
4166,0,3,Passenger_4165,male,19.2,2,3,32141C,33.45,D,S
4167,1,2,Passenger_4166,male,40.4,3,1,31628C,99.11,,S
4168,1,3,Passenger_4167,female,50.8,0,0,37243,108.19,C,S
4169,0,1,Passenger_4168,female,45.6,0,1,92750B,,D,S
4170,1,1,Passenger_4169,male,37.0,2,0,96565C,88.15,B,S
4171,1,2,Passenger_4170,male,45.2,3,0,54770B,66.32,,S
4172,0,3,Passenger_4171,male,6.0,2,0,66004,0.13,B,Q
4173,1,2,Passenger_4172,male,22.7,3,1,55618A,43.44,F,C
4174,0,1,Passenger_4173,female,17.2,0,1,92141,125.49,,C
4175,1,1,Passenger_4174,male,47.1,1,2,16493C,34.75,,S
4176,0,3,Passenger_4175,male,24.6,1,3,35957B,103.0,,S
4177,0,3,Passenger_4176,male,41.8,0,3,22501,,E,Q
4178,0,2,Passenger_4177,female,37.5,1,2,11188,43.73,,Q
4179,1,3,Passenger_4178,male,17.9,1,0,42113A,72.42,,S
4180,0,3,Passenger_4179,male,21.8,3,3,66639A,94.32,,S
4181,0,3,Passenger_4180,male,,2,2,76332A,48.29,,S
4182,0,2,Passenger_4181,male,19.1,3,0,90372B,93.16,,S
4183,0,3,Passenger_4182,male,31.7,2,2,65829A,8.37,,C
4184,0,2,Passenger_4183,male,19.0,2,1,83711B,1.51,C,S
4185,1,3,Passenger_4184,female,25.6,1,1,77050,57.17,,C
4186,1,1,Passenger_4185,male,29.4,2,0,62086B,66.7,,S
4187,1,2,Passenger_4186,male,19.0,2,0,92418B,,,S
4188,1,2,Passenger_4187,female,16.6,0,1,11369A,72.36,,S
4189,1,3,Passenger_4188,male,,2,3,51658A,8.22,,S
4190,1,1,Passenger_4189,female,18.2,0,3,53687C,57.46,,S
4191,1,3,Passenger_4190,male,18.7,3,1,53453B,71.03,C,S
4192,0,2,Passenger_4191,male,16.9,1,3,15364C,15.6,,S
4193,1,3,Passenger_4192,female,28.9,2,1,87622B,48.47,F,C
4194,0,3,Passenger_4193,female,43.2,0,2,26855A,38.25,,S
4195,0,3,Passenger_4194,male,51.1,3,2,63634C,27.09,,C
4196,1,3,Passenger_4195,male,19.8,3,2,11111B,,,S
4197,0,3,Passenger_4196,male,60.1,3,3,68251C,9.76,C,S
4198,0,2,Passenger_4197,female,15.9,0,2,21408C,,E,S
4199,0,3,Passenger_4198,female,45.2,0,0,93274B,69.58,,S
4200,0,2,Passenger_4199,male,19.9,1,0,87674,87.93,C,S
4201,1,3,Passenger_4200,male,17.8,2,2,86432B,10.68,B,S
4202,1,3,Passenger_4201,male,19.6,3,0,25360,2.68,,Q
4203,1,2,Passenger_4202,male,29.3,1,2,26847C,59.76,,S
4204,1,2,Passenger_4203,male,38.1,0,2,57565A,39.98,C,S
4205,1,2,Passenger_4204,male,39.4,1,1,80982B,151.59,,S
4206,1,3,Passenger_4205,female,16.8,3,2,90239C,66.05,,S
4207,1,3,Passenger_4206,female,16.1,3,0,49959C,52.04,,S
4208,1,3,Passenger_4207,female,17.2,1,3,61492A,43.95,,C
4209,1,3,Passenger_4208,male,28.4,3,2,79592C,7.37,,S
4210,1,3,Passenger_4209,male,27.1,0,1,88391B,,E,S
4211,0,1,Passenger_4210,female,16.7,3,0,66849B,47.23,,S
4212,1,2,Passenger_4211,male,33.8,2,1,33488A,47.26,E,S
4213,0,3,Passenger_4212,female,61.7,2,2,98652,,D,S
4214,0,3,Passenger_4213,male,22.9,3,2,77192,57.74,E,S
4215,0,3,Passenger_4214,male,23.9,1,2,81449,10.87,,Q
4216,0,2,Passenger_4215,male,37.8,3,2,83509,79.3,,C
4217,1,1,Passenger_4216,male,,2,0,52392B,20.37,D,S
4218,0,2,Passenger_4217,female,39.4,0,3,86215B,45.17,,Q
4219,1,2,Passenger_4218,male,19.9,2,2,10228,,,Q
4220,1,2,Passenger_4219,male,55.6,3,1,93544C,112.28,C,S
4221,0,3,Passenger_4220,male,,3,0,13979,9.52,,S
4222,1,1,Passenger_4221,female,,1,0,10739B,51.06,F,S
4223,0,3,Passenger_4222,male,21.8,3,0,29558B,59.55,D,S
4224,0,2,Passenger_4223,male,22.8,3,1,61799C,2.76,E,Q
4225,1,3,Passenger_4224,male,49.2,0,3,48154A,78.09,E,Q
4226,1,1,Passenger_4225,male,12.2,0,1,47339,54.07,,S
4227,0,2,Passenger_4226,male,20.6,0,1,89796C,56.8,,S
4228,1,1,Passenger_4227,female,22.1,1,1,23185C,17.89,F,S
4229,1,3,Passenger_4228,male,29.8,1,2,22572A,,,C
4230,1,3,Passenger_4229,male,26.2,2,2,27569B,79.34,,S
4231,0,2,Passenger_4230,female,9.1,1,1,79753A,54.46,D,S
4232,0,2,Passenger_4231,male,,0,1,27519C,32.01,,Q
4233,1,3,Passenger_4232,male,28.6,1,2,41953A,34.74,,C
4234,1,2,Passenger_4233,male,21.2,3,2,86286B,57.71,C,S
4235,1,1,Passenger_4234,male,39.6,1,3,27275C,51.71,D,C
4236,1,3,Passenger_4235,female,42.9,3,1,72068A,81.67,,S
4237,1,3,Passenger_4236,female,28.9,2,0,88284,33.19,,C
4238,0,1,Passenger_4237,female,,3,3,42601,7.36,D,Q
4239,1,2,Passenger_4238,female,-0.3,0,0,62705B,62.58,B,S
4240,0,3,Passenger_4239,male,24.1,2,3,42369B,33.29,B,C
4241,1,1,Passenger_4240,male,44.1,2,1,68315A,77.43,E,C
4242,0,1,Passenger_4241,male,24.1,2,0,25317B,50.26,B,S
4243,1,3,Passenger_4242,male,19.7,0,2,38318C,72.92,C,C
4244,0,3,Passenger_4243,female,61.9,3,3,51239A,14.5,D,S
4245,1,2,Passenger_4244,female,55.5,2,0,28082A,55.02,,S
4246,0,3,Passenger_4245,male,36.5,0,3,21079A,,C,C
4247,0,3,Passenger_4246,male,45.9,2,1,46347,7.29,C,C
4248,0,1,Passenger_4247,male,-1.2,2,0,77787A,,C,S
4249,0,3,Passenger_4248,male,19.0,0,0,28740B,30.94,B,S
4250,0,2,Passenger_4249,male,23.4,1,0,22815B,93.56,B,S
4251,0,2,Passenger_4250,male,26.7,2,3,52891C,30.02,,S
4252,1,3,Passenger_4251,female,23.1,1,2,51968B,5.5,F,C
4253,0,2,Passenger_4252,female,-5.7,2,2,88440A,54.6,D,S
4254,1,1,Passenger_4253,male,35.4,1,2,28462,,,S
4255,1,1,Passenger_4254,male,37.6,3,1,45482,32.78,,C
4256,1,2,Passenger_4255,male,,1,0,11338C,44.36,C,C
4257,1,3,Passenger_4256,female,,1,2,95609C,84.17,B,S
4258,1,3,Passenger_4257,female,17.8,1,2,10741C,73.47,,S
4259,0,3,Passenger_4258,female,-7.5,1,0,76269A,70.45,,Q
4260,0,2,Passenger_4259,male,25.9,3,1,66991C,8.57,,S
4261,0,2,Passenger_4260,female,42.6,0,3,23285C,151.03,B,C
4262,1,1,Passenger_4261,male,21.4,1,3,86993B,,F,S
4263,0,1,Passenger_4262,male,60.0,0,3,50126,68.1,F,C
4264,0,2,Passenger_4263,male,26.4,2,0,15857A,9.25,E,S
4265,0,3,Passenger_4264,male,32.1,0,1,97684B,83.17,,S
4266,0,3,Passenger_4265,female,10.9,1,0,46322,32.46,B,S
4267,0,3,Passenger_4266,male,34.0,0,3,21908,43.2,C,S
4268,1,2,Passenger_4267,male,2.3,3,2,73643C,8.83,,S
4269,0,3,Passenger_4268,male,39.7,3,2,80102,6.55,,Q
4270,1,2,Passenger_4269,male,40.1,1,2,89558B,65.35,C,C
4271,1,1,Passenger_4270,male,49.0,0,3,53720C,85.22,,S
4272,1,3,Passenger_4271,male,,2,1,37030C,73.97,E,S
4273,1,3,Passenger_4272,male,32.2,3,3,95288B,,,S
4274,1,1,Passenger_4273,male,37.9,1,0,66094A,,,C
4275,0,2,Passenger_4274,female,36.2,3,1,30616C,35.77,F,S
4276,0,2,Passenger_4275,male,17.9,1,2,75334B,,,C
4277,0,3,Passenger_4276,male,,0,1,67029,78.75,E,S
4278,1,2,Passenger_4277,male,34.9,0,1,49043,50.17,C,C
4279,0,3,Passenger_4278,female,27.9,0,3,56442C,92.36,,S
4280,0,1,Passenger_4279,female,22.1,0,1,35943,42.47,E,C
4281,1,2,Passenger_4280,male,40.7,0,3,84769,15.69,,S
4282,1,2,Passenger_4281,male,29.4,1,0,34559A,49.64,,S
4283,1,3,Passenger_4282,female,11.5,3,1,51519A,53.71,C,S
4284,1,2,Passenger_4283,female,3.0,2,1,21416,47.13,B,S
4285,0,3,Passenger_4284,female,14.2,3,1,97789C,94.82,,C
4286,1,3,Passenger_4285,female,63.5,0,2,28184C,78.19,C,S
4287,1,3,Passenger_4286,female,40.1,3,3,52771,0.08,,S
4288,0,3,Passenger_4287,male,32.6,3,3,25498C,103.7,,C
4289,0,3,Passenger_4288,male,27.5,1,2,42914C,45.95,B,S
4290,1,3,Passenger_4289,female,26.5,2,3,62980C,125.29,E,S
4291,0,3,Passenger_4290,female,46.3,2,0,55500B,39.94,,S
4292,1,2,Passenger_4291,male,23.1,0,2,48215A,43.37,F,S
4293,1,2,Passenger_4292,female,38.1,1,3,96934,47.9,,S
4294,0,2,Passenger_4293,male,25.1,1,0,39924,63.48,E,C
4295,0,2,Passenger_4294,male,,1,3,73113C,49.99,C,S
4296,1,2,Passenger_4295,female,40.4,1,2,87697,45.33,C,C
4297,1,3,Passenger_4296,male,47.4,1,3,15749C,95.81,,S
4298,1,2,Passenger_4297,male,21.8,2,0,19528B,69.8,,S
4299,0,1,Passenger_4298,male,44.8,2,0,18526,16.44,,S
4300,1,3,Passenger_4299,male,,3,0,47161A,75.92,,S
4301,1,1,Passenger_4300,male,31.5,2,3,88301,68.34,,S
4302,1,1,Passenger_4301,male,52.9,1,2,58887,30.92,B,S
4303,1,2,Passenger_4302,male,15.4,3,3,10961B,77.72,B,S
4304,1,2,Passenger_4303,female,32.8,2,1,61966B,44.48,,Q
4305,0,2,Passenger_4304,female,36.1,3,2,93908,42.24,,Q
4306,1,3,Passenger_4305,male,37.3,2,1,53393B,41.29,C,S
4307,1,3,Passenger_4306,female,23.7,0,3,48433B,,B,S
4308,1,2,Passenger_4307,male,59.2,2,2,40678A,31.57,D,S
4309,1,2,Passenger_4308,male,11.9,3,1,55154C,74.96,,S
4310,0,2,Passenger_4309,male,50.4,0,3,43846C,49.22,,S
4311,0,3,Passenger_4310,female,47.0,1,2,80565C,5.02,F,S
4312,0,1,Passenger_4311,female,56.6,3,0,26272B,83.76,D,C
4313,1,1,Passenger_4312,male,7.8,1,0,99306C,39.55,,S
4314,1,3,Passenger_4313,male,17.8,1,0,23104,7.24,D,Q
4315,0,2,Passenger_4314,male,50.9,3,1,47524,127.21,D,S
4316,0,1,Passenger_4315,male,3.7,1,1,76455C,13.14,B,C
4317,0,2,Passenger_4316,male,,3,3,44526,80.78,,S
4318,1,3,Passenger_4317,male,,3,0,19363C,23.07,E,C
4319,1,3,Passenger_4318,female,32.7,2,1,59511C,54.75,B,Q
4320,0,3,Passenger_4319,male,,0,0,89791C,18.42,C,S
4321,0,2,Passenger_4320,female,27.4,1,3,11440,6.62,B,C
4322,0,3,Passenger_4321,female,21.5,1,2,77255A,68.28,C,S
4323,1,3,Passenger_4322,male,,0,1,54213,64.19,E,S
4324,1,3,Passenger_4323,female,36.6,0,1,87648,90.06,B,S
4325,1,2,Passenger_4324,female,36.2,0,2,77833,48.8,E,S
4326,0,3,Passenger_4325,male,27.5,0,1,24931C,127.71,D,S
4327,0,1,Passenger_4326,male,2.6,0,3,54262B,,,Q
4328,1,2,Passenger_4327,female,17.2,2,1,34587,69.84,,S
4329,0,3,Passenger_4328,male,49.9,3,1,43040,2.45,F,S
4330,1,2,Passenger_4329,male,32.6,0,2,99177B,28.51,C,Q
4331,0,3,Passenger_4330,male,25.5,2,3,80680B,68.19,C,C
4332,0,1,Passenger_4331,female,45.7,0,0,67262A,47.05,B,S
4333,0,3,Passenger_4332,female,14.2,0,0,93515,56.57,E,S
4334,0,3,Passenger_4333,female,26.8,1,2,26154C,,C,S
4335,1,3,Passenger_4334,male,31.9,1,3,90659C,54.27,D,S
4336,0,1,Passenger_4335,male,23.8,1,2,15786,54.15,,S
4337,1,2,Passenger_4336,male,31.4,1,2,80665C,8.68,C,S
4338,1,3,Passenger_4337,female,27.4,3,0,35777B,72.49,,S
4339,1,1,Passenger_4338,male,10.4,3,3,83984C,9.5,,Q
4340,0,3,Passenger_4339,male,32.5,1,3,37139C,56.45,,Q
4341,1,3,Passenger_4340,male,11.4,1,2,59030B,111.8,,S
4342,1,1,Passenger_4341,male,32.3,0,0,37993A,73.82,C,S
4343,1,1,Passenger_4342,female,49.2,0,3,22923A,73.6,B,S
4344,0,1,Passenger_4343,female,26.1,1,2,93096,,,S
4345,0,3,Passenger_4344,female,13.6,1,1,29481A,111.92,C,C
4346,1,1,Passenger_4345,male,28.2,1,0,21422A,98.19,,C
4347,0,2,Passenger_4346,female,18.4,0,3,78164A,20.47,,S
4348,1,2,Passenger_4347,female,38.3,1,3,37875C,33.38,B,Q
4349,1,3,Passenger_4348,male,,1,3,99645,93.91,B,C
4350,0,1,Passenger_4349,female,53.9,3,0,61700C,112.87,,S
4351,1,2,Passenger_4350,male,46.3,3,2,64395C,5.74,C,S
4352,0,3,Passenger_4351,female,27.9,0,1,75171B,14.87,D,S
4353,0,3,Passenger_4352,female,40.0,3,3,97463,,B,S
4354,1,3,Passenger_4353,female,24.5,0,0,85265B,25.99,,S
4355,0,1,Passenger_4354,male,30.5,2,3,70922B,,,C
4356,0,2,Passenger_4355,male,24.9,1,2,70998C,,,S
4357,1,3,Passenger_4356,male,40.7,0,1,69724A,0.35,C,S
4358,1,2,Passenger_4357,male,,3,3,31735A,54.45,,C
4359,0,3,Passenger_4358,female,41.2,2,0,93485B,29.64,D,S
4360,0,3,Passenger_4359,female,42.9,3,2,79804,107.4,,S
4361,1,1,Passenger_4360,female,42.9,0,1,54507,30.06,,S
4362,0,3,Passenger_4361,male,37.7,2,0,62540A,103.16,,S
4363,0,3,Passenger_4362,female,14.0,3,3,49308A,29.09,,S
4364,0,1,Passenger_4363,female,53.8,2,0,66399,76.99,C,S
4365,0,3,Passenger_4364,female,55.3,1,1,37150C,58.82,D,S
4366,0,2,Passenger_4365,male,26.7,1,2,68763B,45.16,,S
4367,0,2,Passenger_4366,male,24.8,2,2,41832C,22.33,C,S
4368,0,1,Passenger_4367,male,,3,3,79128,61.31,,S
4369,1,3,Passenger_4368,female,37.7,3,3,91453B,34.58,,S
4370,1,3,Passenger_4369,female,27.2,3,3,17238,25.86,E,S
4371,1,3,Passenger_4370,female,12.5,1,3,83866B,101.55,,C
4372,1,1,Passenger_4371,male,34.3,0,1,70930C,,B,S
4373,1,3,Passenger_4372,male,37.7,0,3,47264A,72.53,B,S
4374,0,2,Passenger_4373,female,40.2,2,0,59588,36.29,B,S
4375,0,3,Passenger_4374,female,34.9,3,1,35712B,43.49,,Q
4376,0,2,Passenger_4375,female,26.2,2,1,72915C,41.3,,S
4377,0,1,Passenger_4376,female,43.9,0,3,37865B,61.8,D,S
4378,1,1,Passenger_4377,male,30.9,0,1,11145,72.46,,S
4379,0,3,Passenger_4378,female,23.5,3,0,97499A,48.94,B,S
4380,0,2,Passenger_4379,female,27.5,2,1,96415,22.26,,S
4381,1,3,Passenger_4380,male,5.6,3,1,16242A,76.62,,S
4382,0,2,Passenger_4381,male,,0,0,74005,51.17,E,Q
4383,0,2,Passenger_4382,male,39.6,0,0,69328B,0.43,,S
4384,1,2,Passenger_4383,male,34.8,3,1,84633B,24.74,,S
4385,0,3,Passenger_4384,female,51.3,2,2,57852A,60.43,,S
4386,0,3,Passenger_4385,male,26.3,1,1,46890C,20.97,,S
4387,0,2,Passenger_4386,male,36.8,3,0,39394,,,S
4388,0,2,Passenger_4387,male,41.1,0,0,59957A,22.85,,S
4389,0,1,Passenger_4388,male,62.8,1,0,75353A,54.66,,S
4390,1,3,Passenger_4389,male,32.0,3,2,95520B,36.76,C,Q
4391,1,2,Passenger_4390,female,15.4,1,0,89077,,,S
4392,1,3,Passenger_4391,male,41.9,3,3,71616C,83.26,,S
4393,1,3,Passenger_4392,male,,0,3,83811C,97.16,B,S
4394,1,2,Passenger_4393,male,25.5,3,2,46088B,50.84,B,Q
4395,1,2,Passenger_4394,male,41.8,1,0,94425A,78.78,D,S
4396,0,3,Passenger_4395,male,47.2,2,0,50653A,53.21,B,S
4397,1,3,Passenger_4396,male,44.2,0,3,42155B,101.44,,S
4398,1,1,Passenger_4397,female,31.8,0,3,33347C,47.46,,C
4399,0,2,Passenger_4398,female,20.2,1,1,79388B,,C,S
4400,0,2,Passenger_4399,male,28.9,3,2,64142A,19.95,,S
4401,1,2,Passenger_4400,male,,3,1,91858,108.39,C,S
4402,0,1,Passenger_4401,female,42.7,3,2,56891B,66.75,,S
4403,1,1,Passenger_4402,female,34.7,0,0,82446C,,,S
4404,0,3,Passenger_4403,male,24.7,0,0,12003,102.14,,S
4405,1,2,Passenger_4404,female,37.8,1,2,48513A,7.81,B,S
4406,0,1,Passenger_4405,female,42.0,3,1,79083B,37.45,D,S
4407,0,2,Passenger_4406,female,35.3,3,3,35672,41.74,B,S
4408,1,3,Passenger_4407,male,18.3,1,2,89992B,75.98,,C
4409,1,3,Passenger_4408,male,27.5,0,2,41603,25.76,,C
4410,1,2,Passenger_4409,male,43.3,0,2,96081B,7.95,E,S
4411,1,2,Passenger_4410,female,,2,0,68265C,7.64,,Q
4412,1,3,Passenger_4411,female,0.7,2,2,91714A,90.23,,C
4413,0,2,Passenger_4412,male,51.1,3,0,83778C,,,S
4414,1,2,Passenger_4413,female,37.2,0,3,17496C,30.68,,C
4415,1,2,Passenger_4414,female,38.5,3,3,38357A,72.21,F,S
4416,0,1,Passenger_4415,female,14.9,0,1,56252A,25.54,,S
4417,0,2,Passenger_4416,female,,2,0,15887C,9.67,B,S
4418,1,3,Passenger_4417,female,33.9,1,3,44856A,5.36,,Q
4419,0,3,Passenger_4418,male,7.8,0,3,23440B,48.01,B,S
4420,0,2,Passenger_4419,female,49.9,2,1,38371A,67.41,,Q
4421,1,3,Passenger_4420,female,,2,1,77879A,42.92,D,S
4422,0,1,Passenger_4421,male,,0,1,69580A,65.07,D,S
4423,0,2,Passenger_4422,male,24.7,3,0,82392A,6.45,C,S
4424,1,3,Passenger_4423,female,1.8,0,2,20620,4.09,,C
4425,1,3,Passenger_4424,male,38.3,2,0,51142,128.89,B,C
4426,0,1,Passenger_4425,female,33.7,0,1,99011,93.15,C,S
4427,0,2,Passenger_4426,male,27.3,1,2,42860,76.91,B,S
4428,1,3,Passenger_4427,male,47.9,3,3,14254B,,B,S
4429,0,3,Passenger_4428,male,10.6,0,0,34510,41.67,,S
4430,0,3,Passenger_4429,male,21.6,2,1,82052B,49.94,,S
4431,0,2,Passenger_4430,female,18.1,2,1,42122B,96.0,C,C
4432,1,1,Passenger_4431,male,26.1,3,2,95209B,64.1,,S
4433,0,2,Passenger_4432,male,30.9,0,0,53336A,,,S
4434,0,1,Passenger_4433,male,36.0,2,3,30822C,44.13,,S
4435,1,3,Passenger_4434,male,25.1,3,3,82403A,77.74,,S
4436,0,2,Passenger_4435,male,17.7,1,2,46002B,60.58,,C
4437,0,2,Passenger_4436,female,53.6,3,2,27517C,51.54,,S
4438,1,3,Passenger_4437,male,63.8,0,3,20589B,,,S
4439,1,2,Passenger_4438,male,32.0,0,2,69264C,,,C
4440,1,2,Passenger_4439,male,19.4,2,2,69544,12.22,,C
4441,1,3,Passenger_4440,male,50.7,1,0,76004A,48.6,D,S
4442,0,3,Passenger_4441,male,9.7,0,2,35454,53.11,D,S
4443,0,3,Passenger_4442,male,25.3,2,1,71806C,34.16,,C
4444,1,1,Passenger_4443,female,20.3,3,1,42229,41.94,C,C
4445,1,3,Passenger_4444,female,13.8,3,1,31341B,8.84,,S
4446,0,3,Passenger_4445,female,,0,2,25375C,67.45,,C
4447,1,1,Passenger_4446,male,17.9,1,3,62497A,72.3,D,C
4448,0,2,Passenger_4447,male,30.2,2,1,75627B,35.08,B,S
4449,1,3,Passenger_4448,male,30.4,0,0,72515A,69.22,B,Q
4450,0,1,Passenger_4449,female,21.3,2,2,88968C,70.69,C,S
4451,1,3,Passenger_4450,female,24.8,3,3,95041C,41.96,,S
4452,1,2,Passenger_4451,male,26.8,2,3,85767C,103.7,B,S
4453,0,2,Passenger_4452,male,41.3,3,2,50720,24.62,C,S
4454,1,1,Passenger_4453,female,27.9,1,2,95623C,101.5,B,S
4455,0,3,Passenger_4454,female,,1,0,44749C,42.12,D,C
4456,0,2,Passenger_4455,female,38.2,3,2,39984A,20.48,,S
4457,0,3,Passenger_4456,female,38.0,0,2,25813C,37.7,,S
4458,0,3,Passenger_4457,female,49.4,3,3,44999,11.52,B,S
4459,0,3,Passenger_4458,male,,2,1,97701A,77.46,B,S
4460,1,3,Passenger_4459,female,23.4,2,1,88777,6.1,F,S
4461,1,3,Passenger_4460,female,54.7,2,3,88648B,98.64,C,S
4462,0,2,Passenger_4461,female,26.4,0,2,84919,17.24,,C
4463,1,3,Passenger_4462,male,-9.4,1,0,21481,79.28,D,C
4464,0,3,Passenger_4463,male,27.2,1,1,93518C,50.85,D,S
4465,1,2,Passenger_4464,male,31.9,2,2,69252C,59.48,,C
4466,1,1,Passenger_4465,male,-6.6,0,1,93462B,29.35,,S
4467,1,3,Passenger_4466,female,48.7,2,3,89996B,62.35,,S
4468,1,2,Passenger_4467,male,,1,1,30790C,54.72,B,S
4469,0,3,Passenger_4468,male,34.6,3,3,58055,1.03,,S
4470,0,2,Passenger_4469,female,26.8,2,3,87240C,16.31,,S
4471,1,1,Passenger_4470,male,,2,3,27593C,31.07,,S
4472,1,3,Passenger_4471,male,15.0,2,0,45992A,23.58,,S
4473,0,1,Passenger_4472,male,16.9,1,2,99713,93.85,,S
4474,1,2,Passenger_4473,female,45.2,0,3,10148,50.25,,C
4475,0,3,Passenger_4474,male,27.9,3,3,34449C,22.75,D,S
4476,0,2,Passenger_4475,female,22.7,3,1,99619C,32.82,F,S
4477,0,3,Passenger_4476,male,16.9,3,2,60577B,32.34,,S
4478,1,3,Passenger_4477,female,46.7,2,0,52314C,39.92,,S
4479,0,3,Passenger_4478,male,50.5,1,0,61787A,12.36,,S
4480,1,1,Passenger_4479,male,46.6,3,1,77899C,21.51,D,S
4481,0,1,Passenger_4480,male,36.9,2,0,37508,76.83,,S
4482,1,3,Passenger_4481,male,34.1,0,1,15628B,56.49,C,S
4483,1,3,Passenger_4482,male,13.0,2,2,76987,44.67,,Q
4484,1,3,Passenger_4483,male,26.6,3,1,51409,50.09,C,C
4485,0,3,Passenger_4484,male,20.4,3,1,25180B,48.41,,S
4486,0,2,Passenger_4485,male,4.4,0,3,53548,42.68,,S
4487,1,2,Passenger_4486,male,44.8,1,0,65003,68.1,E,S
4488,1,2,Passenger_4487,male,20.3,0,2,62100,,,S
4489,1,1,Passenger_4488,female,46.7,0,2,40685B,5.01,,S
4490,0,1,Passenger_4489,female,42.3,3,3,33214B,45.4,C,S
4491,0,3,Passenger_4490,male,37.8,3,1,93209,2.7,E,Q
4492,0,2,Passenger_4491,male,38.6,1,2,67103,72.25,,S
4493,0,2,Passenger_4492,female,21.4,3,2,94067B,76.87,E,S
4494,1,1,Passenger_4493,male,56.0,0,1,14520B,28.62,,S
4495,1,3,Passenger_4494,female,30.6,0,1,46484B,45.91,,C
4496,0,3,Passenger_4495,male,34.2,1,2,57599C,23.9,B,S
4497,0,3,Passenger_4496,female,20.9,3,1,11210,84.05,E,Q
4498,1,3,Passenger_4497,male,17.0,3,0,73807C,74.84,C,S
4499,0,2,Passenger_4498,female,36.7,0,2,62972A,90.25,C,S
4500,0,3,Passenger_4499,male,33.0,0,1,53304,102.03,,S
4501,0,1,Passenger_4500,female,18.9,3,2,86999,7.16,,Q
4502,0,1,Passenger_4501,male,9.9,2,2,89871C,81.08,,S
4503,0,3,Passenger_4502,male,12.2,0,3,62670A,101.78,,S
4504,0,3,Passenger_4503,female,46.7,0,0,95780A,2.31,D,S
4505,1,2,Passenger_4504,male,21.4,0,0,62278A,44.01,,S
4506,0,2,Passenger_4505,female,25.3,1,3,75553A,37.28,D,S
4507,0,3,Passenger_4506,male,50.3,3,3,81535A,79.94,C,S
4508,1,1,Passenger_4507,female,,3,2,87933C,33.79,,S
4509,1,2,Passenger_4508,male,19.8,3,0,44055,113.56,,S
4510,1,2,Passenger_4509,female,,0,3,43202,46.06,D,S
4511,0,2,Passenger_4510,female,52.7,3,1,45265A,82.06,D,S
4512,1,3,Passenger_4511,male,57.9,3,2,48805C,47.89,B,C
4513,0,2,Passenger_4512,female,40.5,3,0,62360B,67.22,D,C
4514,0,1,Passenger_4513,female,41.0,1,2,54938A,31.25,C,S
4515,0,3,Passenger_4514,male,21.9,1,2,58524,36.53,,S
4516,1,3,Passenger_4515,female,57.3,0,1,57515A,,,S
4517,1,2,Passenger_4516,male,33.7,3,1,98383A,60.11,,S
4518,1,1,Passenger_4517,female,41.9,0,3,81231B,7.29,C,C
4519,1,2,Passenger_4518,male,28.5,0,1,89414A,52.15,,S
4520,1,3,Passenger_4519,male,26.2,0,0,14886,21.34,F,S
4521,0,3,Passenger_4520,male,53.3,0,3,69070,18.31,,S
4522,0,3,Passenger_4521,male,,0,0,48672C,3.22,,C
4523,0,3,Passenger_4522,female,50.3,0,0,57193C,,D,S
4524,0,3,Passenger_4523,female,33.6,1,3,95432C,88.96,B,S
4525,1,3,Passenger_4524,male,18.1,2,1,54765C,124.21,B,S
4526,1,2,Passenger_4525,male,21.8,1,2,34487A,1.59,F,S
4527,0,1,Passenger_4526,female,31.4,0,1,87111A,76.86,C,S
4528,1,3,Passenger_4527,male,21.2,2,0,13924C,79.16,,S
4529,1,2,Passenger_4528,male,14.5,2,0,58469B,29.68,F,S
4530,0,1,Passenger_4529,male,46.8,3,3,55938B,17.88,E,S
4531,0,3,Passenger_4530,male,22.4,0,0,31265C,12.0,C,S
4532,1,2,Passenger_4531,male,31.9,0,3,50345C,,,S
4533,1,3,Passenger_4532,female,34.1,1,3,18476,57.09,F,Q
4534,0,3,Passenger_4533,male,21.8,2,1,20861C,,E,C
4535,0,2,Passenger_4534,female,50.3,2,0,79677A,88.69,,S
4536,0,3,Passenger_4535,male,14.4,0,1,72910,6.54,C,S
4537,1,2,Passenger_4536,male,33.7,3,2,67405B,22.39,D,S
4538,0,2,Passenger_4537,female,33.4,0,1,64353,95.49,,S
4539,0,3,Passenger_4538,male,29.2,2,0,67554,,F,C
4540,1,3,Passenger_4539,male,11.8,3,2,95189A,48.01,B,C
4541,1,3,Passenger_4540,female,42.2,3,0,52145,9.69,B,S
4542,1,2,Passenger_4541,male,40.4,2,2,62650,90.36,D,C
4543,1,3,Passenger_4542,female,20.5,0,0,78383C,16.95,,S
4544,1,1,Passenger_4543,male,39.9,0,1,33830,7.5,D,S
4545,0,3,Passenger_4544,female,35.2,0,0,68130A,86.78,B,S
4546,0,2,Passenger_4545,male,12.1,1,3,64215A,117.2,,S
4547,1,3,Passenger_4546,male,18.0,1,3,33620,39.83,E,C
4548,1,1,Passenger_4547,female,45.9,3,1,55577C,48.36,E,S
4549,1,2,Passenger_4548,female,34.3,0,1,69999C,81.79,,S
4550,1,2,Passenger_4549,male,22.1,1,2,34195C,60.13,,S
4551,1,3,Passenger_4550,male,18.0,3,1,74383C,,,Q
4552,0,3,Passenger_4551,male,22.8,2,3,14619B,33.01,C,S
4553,0,3,Passenger_4552,female,,2,1,86039,4.84,,S
4554,0,2,Passenger_4553,female,18.2,0,3,68928,58.15,B,Q
4555,0,2,Passenger_4554,female,5.6,2,1,62158A,46.78,B,Q
4556,1,1,Passenger_4555,male,46.0,2,3,76746C,34.68,B,S
4557,0,3,Passenger_4556,female,43.6,2,2,61138C,14.94,,C
4558,1,2,Passenger_4557,male,,3,0,99393A,18.48,,S
4559,1,3,Passenger_4558,male,31.9,2,0,91094B,71.64,,S
4560,1,3,Passenger_4559,male,17.4,2,3,76454,80.86,,S
4561,0,3,Passenger_4560,female,26.3,3,1,18897C,38.55,C,S
4562,1,3,Passenger_4561,female,25.2,1,1,31313C,34.86,D,S
4563,0,3,Passenger_4562,male,24.0,3,0,78397C,,,S
4564,0,3,Passenger_4563,female,58.0,1,3,44575,82.79,D,S
4565,1,1,Passenger_4564,female,23.8,3,1,78185,51.08,B,S
4566,1,3,Passenger_4565,male,18.7,0,0,52580C,62.88,,S
4567,1,1,Passenger_4566,male,19.3,2,3,45210,,,C
4568,0,2,Passenger_4567,female,44.6,1,2,12595B,39.23,D,S
4569,1,1,Passenger_4568,female,6.9,3,1,55974A,9.21,,S
4570,0,1,Passenger_4569,male,19.3,1,1,79611B,15.14,,S
4571,1,2,Passenger_4570,male,50.3,1,3,85177C,89.48,C,S
4572,1,2,Passenger_4571,male,,2,0,44539,,,S
4573,0,3,Passenger_4572,male,32.7,1,3,60169A,35.64,B,S
4574,0,1,Passenger_4573,female,59.9,3,0,71568C,10.3,B,S
4575,0,3,Passenger_4574,male,33.4,0,3,94271,7.44,B,Q
4576,0,1,Passenger_4575,female,,0,2,94692,,,S
4577,0,3,Passenger_4576,male,26.1,2,1,19007B,109.09,F,C
4578,0,3,Passenger_4577,male,14.1,3,0,52922C,,,C
4579,1,3,Passenger_4578,male,47.6,3,2,69754B,31.56,B,C
4580,1,3,Passenger_4579,female,38.0,0,3,11800A,87.9,B,C
4581,0,2,Passenger_4580,male,45.7,3,0,64590B,44.67,,S
4582,1,3,Passenger_4581,female,47.0,1,0,10969,97.4,F,S
4583,0,2,Passenger_4582,male,24.2,2,2,61031B,127.41,,S
4584,1,2,Passenger_4583,male,16.8,0,3,46087B,85.99,C,Q
4585,1,3,Passenger_4584,male,29.3,2,2,49379,53.31,,C
4586,0,1,Passenger_4585,male,17.8,1,3,25259,74.48,E,S
4587,0,3,Passenger_4586,female,,0,2,55814B,50.53,B,S
4588,0,3,Passenger_4587,male,45.8,3,2,78025B,14.26,,S
4589,1,2,Passenger_4588,female,27.6,3,2,62996C,27.09,,Q
4590,0,1,Passenger_4589,male,32.1,1,2,55100C,16.69,C,C
4591,1,1,Passenger_4590,male,28.7,0,3,76258,26.31,,C
4592,0,3,Passenger_4591,male,41.2,2,1,45018C,112.78,,C
4593,1,3,Passenger_4592,male,20.7,0,2,75461C,89.28,D,S
4594,1,1,Passenger_4593,female,-0.8,3,3,21207B,65.43,B,S
4595,0,2,Passenger_4594,female,36.6,0,1,88183C,78.43,D,C
4596,1,3,Passenger_4595,male,,0,0,46855,16.22,B,S
4597,1,3,Passenger_4596,male,36.2,3,0,47846C,75.49,F,S
4598,0,1,Passenger_4597,female,21.0,3,2,62470C,82.89,,S
4599,1,2,Passenger_4598,female,14.1,2,0,71805A,28.39,,C
4600,0,3,Passenger_4599,female,36.9,0,2,89949A,76.78,E,S
4601,0,1,Passenger_4600,male,32.0,3,2,37255C,0.16,C,S
4602,0,2,Passenger_4601,male,28.2,1,1,15557,18.95,,S
4603,0,3,Passenger_4602,female,55.5,3,0,28691B,96.42,B,S
4604,1,3,Passenger_4603,female,16.7,2,2,64463C,14.75,B,C
4605,1,2,Passenger_4604,male,54.9,2,0,86309,24.94,,S
4606,1,1,Passenger_4605,female,30.4,1,1,62142C,84.64,,S
4607,0,1,Passenger_4606,female,4.3,2,0,97917B,,,C
4608,1,2,Passenger_4607,male,27.5,0,1,90794B,43.69,,S
4609,1,3,Passenger_4608,male,,2,1,22324B,42.93,,S
4610,0,2,Passenger_4609,male,24.9,1,1,72432C,62.17,E,S
4611,0,3,Passenger_4610,male,9.4,2,2,80203,42.08,B,S
4612,1,3,Passenger_4611,female,27.7,1,3,42383C,53.99,,S
4613,0,2,Passenger_4612,male,18.0,2,2,65357A,32.38,C,Q
4614,0,1,Passenger_4613,female,36.9,3,0,85954,62.31,B,S
4615,0,3,Passenger_4614,female,40.8,1,2,58879,60.98,C,S
4616,0,3,Passenger_4615,male,15.2,2,2,89591A,116.43,B,S
4617,1,3,Passenger_4616,male,20.1,0,3,84659A,36.66,F,S
4618,0,1,Passenger_4617,female,40.6,1,0,23755C,,D,S
4619,0,3,Passenger_4618,female,18.0,1,1,58704A,58.36,D,S
4620,0,3,Passenger_4619,female,14.8,2,1,54666,83.76,,S
4621,0,3,Passenger_4620,male,13.5,3,0,99123B,11.79,,S
4622,0,1,Passenger_4621,male,34.9,3,2,87277A,53.63,,C
4623,0,3,Passenger_4622,male,34.3,2,3,98802C,,E,S
4624,0,3,Passenger_4623,female,20.4,2,3,91242A,40.5,B,C
4625,0,2,Passenger_4624,male,30.1,0,0,52494A,87.55,C,C
4626,1,2,Passenger_4625,female,51.4,2,0,70480C,24.59,,S
4627,0,1,Passenger_4626,male,16.4,1,2,29058A,56.19,,S
4628,1,2,Passenger_4627,female,2.7,2,3,39502B,31.49,B,S
4629,0,2,Passenger_4628,female,36.4,0,0,68204,19.92,,S
4630,0,3,Passenger_4629,male,28.5,2,2,77088C,84.0,,C
4631,0,2,Passenger_4630,female,20.1,2,2,23106A,13.42,C,S
4632,0,2,Passenger_4631,male,39.1,1,0,25396,60.25,,S
4633,1,3,Passenger_4632,male,41.7,3,3,64490A,60.79,,S
4634,0,1,Passenger_4633,male,-0.9,2,1,65546A,20.19,C,S
4635,0,2,Passenger_4634,male,20.9,0,2,74396B,55.45,D,C
4636,1,3,Passenger_4635,male,62.4,2,1,43588C,17.28,,S
4637,1,3,Passenger_4636,female,38.2,2,2,91456B,68.26,,C
4638,0,3,Passenger_4637,female,39.5,1,3,31829C,,B,C
4639,1,3,Passenger_4638,male,,3,1,83231A,38.11,,S
4640,1,1,Passenger_4639,female,,3,0,94715A,41.15,B,S
4641,1,3,Passenger_4640,female,41.2,3,2,77670B,88.95,B,S
4642,0,1,Passenger_4641,female,40.1,2,0,28683B,54.9,D,S
4643,0,3,Passenger_4642,female,37.5,1,0,93303A,83.43,,S
4644,0,2,Passenger_4643,male,25.5,1,3,21693C,69.41,,C
4645,1,3,Passenger_4644,male,32.4,2,0,54622A,,,Q
4646,0,3,Passenger_4645,female,21.8,1,2,75440,38.38,,C
4647,1,3,Passenger_4646,male,30.2,3,0,12472C,85.73,,S
4648,0,2,Passenger_4647,male,13.6,1,0,90836B,37.53,B,S
4649,0,2,Passenger_4648,male,18.9,2,2,88554C,10.54,,S
4650,1,3,Passenger_4649,male,26.0,2,0,35826C,42.48,,C
4651,0,3,Passenger_4650,male,16.8,0,3,78646C,65.87,,C
4652,1,1,Passenger_4651,male,22.9,0,2,89142B,6.23,D,S
4653,1,3,Passenger_4652,male,27.7,1,3,98491A,19.02,,S
4654,0,3,Passenger_4653,female,35.6,1,0,79310C,,B,C
4655,1,2,Passenger_4654,male,43.3,2,1,10258A,77.54,B,S
4656,0,3,Passenger_4655,male,23.5,0,3,16817A,108.55,,S
4657,0,3,Passenger_4656,male,48.7,0,3,40856A,42.66,,Q
4658,1,2,Passenger_4657,male,43.1,3,0,68259,68.6,C,C
4659,0,2,Passenger_4658,male,37.1,3,1,63094B,67.69,E,S
4660,1,3,Passenger_4659,male,32.2,2,2,46123,104.38,,S
4661,0,3,Passenger_4660,male,34.5,2,1,83440B,,,S
4662,0,2,Passenger_4661,female,46.6,2,2,64858C,42.3,,Q
4663,0,3,Passenger_4662,male,47.1,2,0,69473C,38.07,,S
4664,0,3,Passenger_4663,male,48.7,0,1,74720C,52.64,,C
4665,0,3,Passenger_4664,male,30.6,2,0,26786B,137.65,,C
4666,1,1,Passenger_4665,female,37.8,2,3,62990,51.08,C,C
4667,1,3,Passenger_4666,female,48.8,0,1,61692C,20.09,C,S
4668,1,2,Passenger_4667,female,21.3,3,2,20494C,9.59,,S
4669,1,2,Passenger_4668,male,25.5,2,3,36273A,93.84,D,C
4670,1,2,Passenger_4669,male,30.2,3,2,24760C,19.93,C,S
4671,1,2,Passenger_4670,male,42.6,0,3,80822B,73.23,D,S
4672,0,3,Passenger_4671,female,42.8,3,2,55540,26.21,,Q
4673,0,2,Passenger_4672,male,26.8,0,2,42430,5.67,,S
4674,1,3,Passenger_4673,female,8.9,2,0,13552,71.18,C,S
4675,1,1,Passenger_4674,female,33.4,3,3,33622B,27.92,,S
4676,0,2,Passenger_4675,female,,2,0,14996A,64.89,,S
4677,0,3,Passenger_4676,male,9.1,1,0,72083C,67.47,,S
4678,0,3,Passenger_4677,female,12.3,1,0,64034B,,,Q
4679,1,2,Passenger_4678,male,34.6,3,0,49379C,40.61,,S
4680,1,3,Passenger_4679,male,49.1,0,2,45868B,,C,C
4681,1,2,Passenger_4680,male,30.5,3,0,36532B,17.71,F,S
4682,0,2,Passenger_4681,female,33.0,0,0,83660,35.89,,S
4683,0,3,Passenger_4682,male,46.6,1,0,13579A,74.74,,C
4684,1,3,Passenger_4683,male,8.4,0,2,35619B,,,S
4685,1,2,Passenger_4684,male,37.3,1,3,85107A,28.65,,S
4686,0,3,Passenger_4685,female,29.8,3,2,50334B,1.49,D,S
4687,0,3,Passenger_4686,female,37.9,2,2,44341,21.28,,S
4688,0,2,Passenger_4687,female,23.2,2,2,32104,51.81,B,S
4689,0,3,Passenger_4688,male,18.5,2,3,58277C,,C,C
4690,1,3,Passenger_4689,male,32.0,0,0,27640,45.15,,S
4691,0,3,Passenger_4690,male,53.1,2,0,68367,37.35,C,Q
4692,0,2,Passenger_4691,male,42.1,0,3,54654A,49.15,C,C
4693,0,3,Passenger_4692,female,22.9,2,3,65233B,126.27,,S
4694,1,1,Passenger_4693,male,11.2,0,1,77837A,,D,S
4695,1,3,Passenger_4694,male,6.5,0,0,68498B,17.32,C,S
4696,0,3,Passenger_4695,male,48.4,1,2,45966B,50.98,,S
4697,0,1,Passenger_4696,female,16.6,1,2,71490B,61.64,,S
4698,0,3,Passenger_4697,male,25.4,3,0,78231B,13.03,F,S
4699,1,3,Passenger_4698,male,48.5,1,3,82181B,76.57,B,S
4700,1,3,Passenger_4699,female,7.4,0,1,65032B,21.38,,S
4701,1,2,Passenger_4700,male,50.9,1,2,25032B,2.88,,S
4702,0,1,Passenger_4701,female,26.4,1,1,32243,52.66,,S
4703,1,3,Passenger_4702,male,13.9,1,2,85969,47.12,,S
4704,0,1,Passenger_4703,female,26.5,0,2,27379B,49.96,E,S
4705,0,3,Passenger_4704,male,19.9,0,0,89146A,23.24,,C
4706,0,1,Passenger_4705,male,36.2,3,2,86251,28.12,B,S
4707,1,2,Passenger_4706,female,,1,1,50452A,89.5,C,Q
4708,0,2,Passenger_4707,male,3.2,1,1,23830A,65.44,,C
4709,1,2,Passenger_4708,male,26.9,0,0,53484A,16.51,B,S
4710,1,3,Passenger_4709,male,11.0,3,2,35772,18.27,C,S
4711,0,2,Passenger_4710,female,32.9,3,1,15116,18.0,,S
4712,0,1,Passenger_4711,male,13.4,0,3,95053B,55.51,,S
4713,1,2,Passenger_4712,female,23.2,1,0,11636C,,C,C
4714,0,3,Passenger_4713,female,32.6,3,3,17811,25.16,,C
4715,1,1,Passenger_4714,female,27.0,3,1,20581,29.38,,S
4716,0,3,Passenger_4715,male,33.5,1,3,93018B,47.46,,C
4717,1,3,Passenger_4716,male,39.5,3,0,12604,77.46,,S
4718,1,3,Passenger_4717,female,,1,3,10207C,49.99,,S
4719,1,3,Passenger_4718,male,29.1,3,1,18463C,52.17,,C
4720,1,3,Passenger_4719,male,-16.6,3,3,22671A,42.13,,C
4721,0,3,Passenger_4720,male,33.5,0,3,14986C,32.52,,S
4722,0,2,Passenger_4721,male,25.8,3,3,38590C,81.3,,S
4723,1,1,Passenger_4722,male,16.2,1,2,52001C,75.98,F,C
4724,1,2,Passenger_4723,male,34.4,3,1,16803C,121.58,,C
4725,0,3,Passenger_4724,female,46.4,0,3,21905,71.37,D,S
4726,0,3,Passenger_4725,male,23.3,3,1,12461B,32.56,C,S
4727,0,3,Passenger_4726,male,16.8,2,3,68687B,18.34,,S
4728,0,1,Passenger_4727,male,32.3,1,0,86490A,83.35,B,S
4729,0,3,Passenger_4728,male,11.3,2,0,85956,21.48,,S
4730,0,2,Passenger_4729,male,20.8,0,0,92863A,78.34,C,S
4731,1,1,Passenger_4730,female,47.1,2,3,79692,23.4,,C
4732,0,2,Passenger_4731,female,,3,1,89056B,62.22,,S
4733,0,1,Passenger_4732,male,3.7,1,0,11905A,12.91,,S
4734,1,3,Passenger_4733,male,4.8,2,2,85051C,77.3,B,C
4735,0,2,Passenger_4734,male,32.3,3,0,26734A,6.82,,C
4736,0,2,Passenger_4735,female,42.1,2,0,36886,59.55,D,C
4737,0,3,Passenger_4736,female,7.4,3,2,46077B,43.08,E,S
4738,0,3,Passenger_4737,female,36.3,3,0,13838A,,F,S
4739,0,3,Passenger_4738,male,,2,3,52073C,36.15,,C
4740,1,2,Passenger_4739,female,56.4,0,3,18058B,35.33,C,S
4741,0,3,Passenger_4740,male,34.6,1,0,85113A,55.42,,S
4742,1,3,Passenger_4741,male,37.1,0,1,99806A,14.93,D,S
4743,1,1,Passenger_4742,female,0.1,2,1,38527,14.72,C,S
4744,0,3,Passenger_4743,female,59.4,3,0,48735B,37.45,,S
4745,1,2,Passenger_4744,male,21.9,2,2,72457A,36.09,,S
4746,0,1,Passenger_4745,male,16.9,3,3,21797A,14.81,,S
4747,1,3,Passenger_4746,male,26.4,3,3,36457B,82.35,B,S
4748,1,3,Passenger_4747,male,51.2,0,3,18871C,38.29,,Q
4749,0,1,Passenger_4748,male,60.9,0,0,29053,,,S
4750,0,3,Passenger_4749,female,31.8,2,3,76727C,3.54,,C
4751,0,3,Passenger_4750,female,,1,0,93323,122.51,,S
4752,0,3,Passenger_4751,female,30.6,0,0,48398A,134.95,,C
4753,0,2,Passenger_4752,female,15.5,3,1,85058C,22.69,,Q
4754,1,3,Passenger_4753,male,50.7,2,2,11381B,92.91,E,Q
4755,1,2,Passenger_4754,female,,2,2,15092C,46.79,,S
4756,1,3,Passenger_4755,male,,1,2,97620B,106.13,,C
4757,1,1,Passenger_4756,male,48.2,2,3,68520B,61.77,C,S
4758,1,1,Passenger_4757,male,38.6,0,1,18567A,,,C
4759,1,3,Passenger_4758,male,55.6,3,1,94680C,37.47,,S
4760,1,2,Passenger_4759,female,61.3,2,0,44711B,19.25,,S
4761,0,2,Passenger_4760,female,27.5,2,1,58743C,50.72,,S
4762,0,1,Passenger_4761,male,18.7,3,0,96842B,56.95,C,S
4763,1,3,Passenger_4762,female,3.9,2,1,33013B,7.48,,Q
4764,1,1,Passenger_4763,male,61.4,2,0,16885B,24.49,,Q
4765,0,3,Passenger_4764,female,23.8,1,3,42821A,69.37,B,S
4766,0,1,Passenger_4765,male,45.9,0,1,24045C,1.59,,S
4767,0,1,Passenger_4766,male,19.6,2,2,28780C,,,S
4768,0,2,Passenger_4767,male,51.5,0,0,99771A,93.33,C,S
4769,1,2,Passenger_4768,female,20.2,1,1,88377A,63.49,,S
4770,0,2,Passenger_4769,male,13.3,0,1,70238A,61.74,,S
4771,1,2,Passenger_4770,female,27.1,1,0,70623B,20.71,C,S
4772,1,3,Passenger_4771,male,22.6,0,1,50021,,,S
4773,1,3,Passenger_4772,female,38.3,0,2,53184C,,,Q
4774,0,1,Passenger_4773,female,29.3,2,0,87418C,29.03,C,S
4775,0,2,Passenger_4774,male,38.8,0,0,61672B,94.26,B,Q
4776,1,3,Passenger_4775,male,25.9,2,0,96557B,28.62,D,S
4777,1,2,Passenger_4776,female,20.7,2,0,73296,40.28,D,Q
4778,1,1,Passenger_4777,female,21.8,0,0,98549B,68.05,,S
4779,0,3,Passenger_4778,female,58.6,2,2,87817A,53.52,D,S
4780,1,3,Passenger_4779,male,33.2,0,0,70196C,63.35,,C
4781,0,3,Passenger_4780,male,2.2,3,2,29061B,21.36,,C
4782,1,1,Passenger_4781,female,,2,2,50004B,10.23,D,C
4783,1,1,Passenger_4782,male,,3,2,61293C,,,C
4784,1,3,Passenger_4783,male,55.8,3,0,20237C,31.37,,C
4785,0,2,Passenger_4784,male,44.4,2,2,96472B,,,S
4786,0,3,Passenger_4785,female,17.1,1,0,20468B,,D,S
4787,1,3,Passenger_4786,female,63.9,1,2,85376C,53.06,B,S
4788,0,2,Passenger_4787,male,29.6,3,0,88000,66.96,C,S
4789,1,3,Passenger_4788,male,47.4,3,1,90280A,54.96,C,S
4790,0,3,Passenger_4789,male,13.8,0,1,97276B,,,C
4791,0,3,Passenger_4790,male,,3,2,63324A,50.6,B,S
4792,0,1,Passenger_4791,male,10.3,2,3,27019,54.58,C,S
4793,1,1,Passenger_4792,female,,1,3,32157B,76.6,,C
4794,0,2,Passenger_4793,male,59.6,1,1,27574A,12.6,C,S
4795,0,1,Passenger_4794,male,33.0,1,2,81044,21.41,C,C
4796,1,3,Passenger_4795,female,17.1,2,2,40888C,56.17,,C
4797,1,1,Passenger_4796,male,36.3,0,2,36025A,62.38,,Q
4798,1,2,Passenger_4797,male,32.7,2,3,43216B,43.72,C,S
4799,1,2,Passenger_4798,male,38.7,2,1,74617B,50.98,F,S
4800,0,3,Passenger_4799,male,46.9,1,2,10426,80.76,E,S
4801,0,1,Passenger_4800,female,25.9,2,1,35491B,33.94,,S
4802,0,2,Passenger_4801,male,17.7,3,1,22918B,40.25,,S
4803,0,2,Passenger_4802,male,41.6,2,0,26830C,52.77,B,S
4804,0,3,Passenger_4803,female,41.2,1,3,54695,,E,S
4805,1,1,Passenger_4804,female,31.4,1,1,12250,,,S
4806,0,3,Passenger_4805,male,60.5,2,0,72114A,47.77,,S
4807,0,3,Passenger_4806,male,23.9,3,3,12681,107.3,,S
4808,0,2,Passenger_4807,female,17.4,3,2,93321,39.57,F,S
4809,1,3,Passenger_4808,male,35.9,1,2,49529B,57.0,,S
4810,1,1,Passenger_4809,female,20.6,3,0,27427,82.15,,C
4811,0,3,Passenger_4810,female,36.9,3,2,31747,20.69,,S
4812,1,3,Passenger_4811,female,18.3,0,0,75927,98.15,,Q
4813,1,2,Passenger_4812,male,24.4,0,0,33263A,111.74,D,S
4814,1,2,Passenger_4813,male,56.5,3,2,81899,,B,S
4815,1,1,Passenger_4814,female,24.3,3,3,71453C,31.12,D,C
4816,1,3,Passenger_4815,male,,0,0,68389A,106.95,B,S
4817,1,1,Passenger_4816,male,46.4,0,3,73722A,77.85,,S
4818,1,3,Passenger_4817,male,15.3,0,3,14037,52.87,B,S
4819,0,2,Passenger_4818,male,20.3,1,0,16854B,99.94,B,Q
4820,0,3,Passenger_4819,female,,1,3,95169,96.23,,C
4821,1,2,Passenger_4820,male,43.1,0,0,44311,38.23,C,C
4822,0,3,Passenger_4821,female,47.1,0,2,97090,58.71,B,Q
4823,0,2,Passenger_4822,male,19.5,0,2,38090,,E,S
4824,1,3,Passenger_4823,male,38.3,1,2,55636C,51.01,,S
4825,0,1,Passenger_4824,male,23.5,1,2,63934C,1.32,D,Q
4826,1,1,Passenger_4825,female,21.5,3,2,63111A,17.16,F,C
4827,1,2,Passenger_4826,female,46.8,2,3,11716A,2.46,B,S
4828,1,3,Passenger_4827,male,22.3,3,3,54324C,,,S
4829,0,1,Passenger_4828,female,33.9,2,3,66513C,8.55,E,S
4830,0,3,Passenger_4829,male,32.2,2,1,32055B,56.73,,Q
4831,0,2,Passenger_4830,female,15.0,2,1,83916C,114.12,E,S
4832,0,3,Passenger_4831,female,43.5,3,0,17557A,,E,C
4833,1,3,Passenger_4832,female,37.8,1,1,99702B,14.31,,S
4834,1,3,Passenger_4833,female,,1,2,45486B,5.25,C,S
4835,0,2,Passenger_4834,male,33.9,1,2,50655C,22.82,B,S
4836,1,2,Passenger_4835,male,19.2,1,2,99638,,,Q
4837,1,1,Passenger_4836,male,45.4,3,0,84630A,7.88,B,C
4838,0,2,Passenger_4837,male,9.8,0,0,94801C,49.62,,S
4839,1,3,Passenger_4838,female,25.0,2,0,23353C,74.68,,S
4840,0,3,Passenger_4839,male,35.1,1,0,55953B,83.39,,S
4841,1,3,Passenger_4840,female,30.8,1,3,43411A,33.39,,C
4842,0,2,Passenger_4841,male,40.7,3,0,21264B,40.48,D,S
4843,1,3,Passenger_4842,male,8.7,2,0,25931,62.45,,S
4844,1,2,Passenger_4843,female,53.1,1,1,12650B,46.2,,S
4845,0,3,Passenger_4844,male,,0,3,53024A,78.37,,C
4846,0,2,Passenger_4845,female,49.0,1,2,66238B,65.06,C,S
4847,0,2,Passenger_4846,male,42.2,2,1,53831C,36.83,,C
4848,0,2,Passenger_4847,female,29.8,0,0,81220,14.98,,S
4849,1,3,Passenger_4848,male,12.0,3,2,23457A,102.47,D,S
4850,1,3,Passenger_4849,male,,0,2,90687A,25.99,B,S
4851,0,2,Passenger_4850,female,52.3,2,2,17074,62.51,B,C
4852,1,1,Passenger_4851,female,49.4,2,1,62653A,17.08,,C
4853,0,2,Passenger_4852,male,21.3,0,3,62808,49.6,C,S
4854,0,3,Passenger_4853,male,-9.5,1,3,42979A,,,S
4855,1,1,Passenger_4854,male,27.0,2,2,79258B,55.2,D,Q
4856,1,3,Passenger_4855,male,26.0,0,0,52925,155.48,B,S
4857,0,3,Passenger_4856,female,26.5,2,3,75066C,27.91,,S
4858,0,3,Passenger_4857,female,37.4,1,3,46540B,,,S
4859,0,1,Passenger_4858,male,42.3,1,0,56889B,68.31,,S
4860,1,3,Passenger_4859,male,43.9,0,1,72055C,26.25,,C
4861,1,3,Passenger_4860,female,36.2,3,1,51767A,78.2,,S
4862,1,2,Passenger_4861,male,4.8,3,0,65891B,44.25,,S
4863,1,3,Passenger_4862,female,25.2,1,1,21382C,80.63,E,S
4864,0,3,Passenger_4863,male,62.3,3,2,96123B,118.63,,S
4865,0,2,Passenger_4864,female,35.2,1,3,83907A,55.28,,S
4866,0,2,Passenger_4865,male,35.1,3,1,80234C,40.16,,C
4867,0,2,Passenger_4866,female,35.0,1,2,29184C,86.8,,S
4868,0,3,Passenger_4867,male,35.8,2,2,30647C,98.88,,S
4869,0,1,Passenger_4868,male,-3.4,0,2,39140B,19.09,,C
4870,1,3,Passenger_4869,female,26.6,0,2,61730B,34.15,C,S
4871,1,3,Passenger_4870,male,29.5,3,2,44546A,73.64,,S
4872,0,3,Passenger_4871,male,,0,0,59073B,45.38,B,S
4873,0,1,Passenger_4872,male,30.7,3,3,63206B,16.6,D,Q
4874,1,3,Passenger_4873,male,6.9,1,3,66618C,68.92,,Q
4875,1,1,Passenger_4874,female,36.0,2,0,47031,73.5,,S
4876,1,1,Passenger_4875,female,18.7,0,0,24577B,38.3,C,S
4877,1,3,Passenger_4876,male,13.0,2,2,18043C,52.15,,C
4878,0,2,Passenger_4877,female,18.3,0,1,69846C,29.82,B,S
4879,0,3,Passenger_4878,male,,1,3,61392B,11.67,,C
4880,0,1,Passenger_4879,female,47.6,0,1,16744B,32.6,,S
4881,0,2,Passenger_4880,male,36.8,0,3,60390A,52.59,B,Q
4882,0,1,Passenger_4881,male,38.8,1,2,63760C,1.63,C,S
4883,1,3,Passenger_4882,male,36.6,3,1,13470,35.16,B,S
4884,0,3,Passenger_4883,male,31.4,3,3,14201,53.07,C,S
4885,1,3,Passenger_4884,male,39.8,1,3,90863B,91.81,B,S
4886,0,2,Passenger_4885,male,-3.9,3,2,37340A,39.06,,S
4887,0,1,Passenger_4886,female,31.6,0,1,23488C,6.39,E,S
4888,0,3,Passenger_4887,male,15.4,2,2,15413A,42.66,,S
4889,0,2,Passenger_4888,female,46.3,1,1,70179,30.17,,S
4890,0,2,Passenger_4889,male,27.9,0,1,23831B,69.33,,S
4891,1,3,Passenger_4890,female,30.4,1,3,86962C,38.17,B,S
4892,1,1,Passenger_4891,female,8.9,2,0,46396A,44.87,B,S
4893,1,3,Passenger_4892,female,44.2,0,1,60920A,179.21,,S
4894,0,3,Passenger_4893,female,38.8,0,1,48120B,,,Q
4895,0,2,Passenger_4894,female,37.8,2,2,57786C,53.12,C,S
4896,1,1,Passenger_4895,male,18.6,2,1,27925C,,,S
4897,0,1,Passenger_4896,female,,3,1,77627C,1.26,C,S
4898,0,3,Passenger_4897,male,33.1,0,1,85459,46.78,F,S
4899,1,3,Passenger_4898,male,20.3,2,1,34126,61.77,,S
4900,0,2,Passenger_4899,male,36.1,2,1,80390C,74.57,,S
4901,1,1,Passenger_4900,female,-0.3,0,0,47817B,58.31,,S
4902,0,3,Passenger_4901,male,23.2,3,3,14432C,8.49,,S
4903,1,3,Passenger_4902,male,55.2,1,1,39989,37.66,,S
4904,0,2,Passenger_4903,male,36.2,3,2,47788,,,C
4905,0,2,Passenger_4904,female,32.3,2,2,62166,31.31,D,C
4906,1,2,Passenger_4905,male,57.8,1,1,32632A,,E,S
4907,0,3,Passenger_4906,male,-2.7,1,1,76513C,78.98,E,S
4908,0,3,Passenger_4907,male,18.6,3,1,49802C,5.15,C,S
4909,1,1,Passenger_4908,female,,1,0,93217C,71.59,,S
4910,0,3,Passenger_4909,female,42.0,2,3,82933A,0.65,B,S
4911,1,2,Passenger_4910,female,42.3,0,2,40083A,54.69,,S
4912,0,2,Passenger_4911,female,17.9,0,0,12942B,82.69,F,C
4913,0,2,Passenger_4912,male,44.0,0,0,19429B,38.17,,S
4914,0,3,Passenger_4913,female,24.4,3,1,47268A,109.15,C,S
4915,0,2,Passenger_4914,male,47.0,0,3,32517,117.13,,S
4916,1,3,Passenger_4915,male,15.5,0,1,38899A,58.3,B,Q
4917,0,2,Passenger_4916,male,28.3,0,2,75701A,68.95,,S
4918,1,1,Passenger_4917,male,23.1,1,3,96752C,87.12,,S
4919,0,1,Passenger_4918,female,44.8,1,1,39269A,69.05,,C
4920,0,3,Passenger_4919,male,22.7,1,2,22219C,65.3,D,C
4921,0,1,Passenger_4920,female,29.4,2,0,69043B,31.66,,S
4922,0,3,Passenger_4921,male,37.1,2,2,75263C,9.06,,C
4923,1,2,Passenger_4922,male,37.6,2,2,99668A,,,Q
4924,1,2,Passenger_4923,male,42.4,0,2,26830C,133.38,B,S
4925,1,2,Passenger_4924,female,33.0,1,3,42864C,61.29,D,C
4926,1,2,Passenger_4925,female,24.1,2,0,53677B,41.4,,Q
4927,0,1,Passenger_4926,male,,3,3,23555C,94.22,C,S
4928,1,2,Passenger_4927,male,30.4,1,0,33235C,23.77,,Q
4929,1,3,Passenger_4928,male,33.5,0,1,38959B,70.41,C,S
4930,0,3,Passenger_4929,female,27.9,1,1,71601A,52.7,,S
4931,0,2,Passenger_4930,female,30.3,0,2,74414C,66.1,,Q
4932,0,2,Passenger_4931,male,8.8,2,2,25309B,38.23,C,S
4933,0,1,Passenger_4932,female,39.3,0,3,59813B,,B,C
4934,1,2,Passenger_4933,male,32.5,0,0,84208A,21.2,,C
4935,1,1,Passenger_4934,male,44.0,3,0,73756C,22.56,D,S
4936,0,3,Passenger_4935,female,30.0,1,0,47430,49.9,,C
4937,0,2,Passenger_4936,male,5.7,0,2,46029B,4.46,,S
4938,0,2,Passenger_4937,male,25.0,3,2,64012A,6.34,,S
4939,1,2,Passenger_4938,male,27.2,3,0,21575,54.74,,S
4940,1,1,Passenger_4939,male,40.4,3,2,23153A,,,S
4941,0,3,Passenger_4940,female,,2,0,52077B,56.66,B,S
4942,0,1,Passenger_4941,female,30.6,2,3,16690C,48.42,D,S
4943,1,1,Passenger_4942,female,37.2,0,1,97251B,138.16,C,S
4944,0,3,Passenger_4943,male,20.7,1,0,76277,54.44,,S
4945,0,2,Passenger_4944,male,31.0,2,2,17181B,,F,S
4946,1,3,Passenger_4945,male,21.2,2,3,17731B,53.54,,S
4947,0,3,Passenger_4946,male,19.8,0,2,69175C,85.7,B,S
4948,1,2,Passenger_4947,female,24.3,0,2,82559B,48.26,E,S
4949,0,3,Passenger_4948,female,20.1,2,2,10910A,73.97,B,C
4950,0,1,Passenger_4949,male,39.6,0,0,47470C,63.86,,S
4951,1,3,Passenger_4950,female,19.7,3,3,57341C,39.84,,Q
4952,1,2,Passenger_4951,female,17.4,0,0,66850C,53.88,,Q
4953,0,2,Passenger_4952,male,54.8,3,1,74229,105.96,,C
4954,1,3,Passenger_4953,female,43.5,2,0,14038,,,S
4955,0,3,Passenger_4954,male,3.9,1,1,95365,15.49,,S
4956,0,3,Passenger_4955,male,19.3,3,3,53016C,38.82,B,S
4957,1,3,Passenger_4956,male,,1,3,59304C,24.0,B,S
4958,0,2,Passenger_4957,male,34.5,2,0,67826A,54.81,,S
4959,0,2,Passenger_4958,male,9.1,0,0,92224C,95.92,,S
4960,1,2,Passenger_4959,male,46.2,3,2,12519A,3.05,E,S
4961,1,2,Passenger_4960,male,41.6,3,1,10992B,55.24,B,Q
4962,0,2,Passenger_4961,female,36.7,2,2,15647,84.49,,S
4963,1,3,Passenger_4962,female,49.0,2,2,17597C,88.19,D,S
4964,1,2,Passenger_4963,female,36.3,0,3,74167C,94.79,,S
4965,1,2,Passenger_4964,male,36.3,1,0,35633C,,,C
4966,1,2,Passenger_4965,male,51.8,3,3,79102A,67.67,,S
4967,0,3,Passenger_4966,male,45.4,1,0,78821B,2.69,,C
4968,0,3,Passenger_4967,male,18.2,3,3,88382,15.06,,Q
4969,0,3,Passenger_4968,male,,3,3,84087A,78.74,,S
4970,1,2,Passenger_4969,female,20.7,0,3,90636B,55.53,E,S
4971,1,3,Passenger_4970,female,37.1,3,1,29015B,75.42,,S
4972,1,1,Passenger_4971,female,,3,3,42085C,17.48,,S
4973,1,3,Passenger_4972,male,10.6,2,1,31863C,101.58,D,S
4974,1,3,Passenger_4973,male,28.3,0,3,56220,74.09,B,C
4975,1,2,Passenger_4974,female,33.7,2,0,48555B,81.13,D,S
4976,1,2,Passenger_4975,male,23.9,3,1,52372B,12.19,,S
4977,0,3,Passenger_4976,male,34.4,0,0,63990A,91.0,C,S
4978,0,1,Passenger_4977,male,41.3,3,0,18549B,38.93,,S
4979,1,3,Passenger_4978,male,29.6,0,0,97968C,28.61,C,Q
4980,1,2,Passenger_4979,male,33.1,1,1,30519B,71.89,C,S
4981,1,2,Passenger_4980,female,49.4,1,2,57376,70.41,B,S
4982,0,1,Passenger_4981,female,36.6,0,1,13141A,20.36,,S
4983,0,2,Passenger_4982,male,32.8,3,2,63705A,121.97,,S
4984,1,2,Passenger_4983,male,16.6,0,1,73721A,113.5,D,S
4985,1,2,Passenger_4984,female,,3,3,15830A,71.18,,Q
4986,0,3,Passenger_4985,male,34.6,1,2,16679C,65.06,,S
4987,0,2,Passenger_4986,male,48.0,3,3,74061C,61.54,,S
4988,0,3,Passenger_4987,male,30.7,2,2,74578B,4.25,,S
4989,0,3,Passenger_4988,male,4.6,1,1,23989B,53.95,,S
4990,1,3,Passenger_4989,female,6.2,2,1,65701A,53.48,,S
4991,0,1,Passenger_4990,female,40.3,1,2,99098,29.84,,S
4992,0,2,Passenger_4991,male,,1,3,51306A,39.17,C,C
4993,1,2,Passenger_4992,male,36.1,2,0,21036C,33.35,C,S
4994,0,3,Passenger_4993,male,31.6,0,2,99974,11.6,B,S
4995,0,3,Passenger_4994,male,27.7,3,2,68582A,82.26,,S
4996,0,1,Passenger_4995,female,28.7,1,3,51543,110.59,,C
4997,1,1,Passenger_4996,female,17.9,3,0,77244A,16.98,E,S
4998,0,3,Passenger_4997,male,29.8,1,2,81913A,56.4,,Q
4999,1,2,Passenger_4998,female,,3,0,89805A,88.44,,S
5000,1,3,Passenger_4999,female,,1,0,70048B,31.79,,C
